fixture_id,league,season,kickoff,home_team,away_team,status,home_goals,away_goals,home_xg,away_xg,o_home,o_draw,o_away,o_btts_yes,o_btts_no,o_over_25,o_under_25,synthetic_only
1,Premier League (England),2024,2024-11-06 16:00:00,Pre-Team-08,Pre-Team-10,FINISHED,1.0,0.0,0.9,1.08,2.44,3.01,3.11,2.45,1.56,3.06,1.39,True
2,Premier League (England),2024,2024-11-06 13:00:00,Pre-Team-06,Pre-Team-07,FINISHED,4.0,0.0,1.94,1.36,1.67,4.45,4.25,1.57,2.43,1.52,2.54,True
3,Premier League (England),2024,2024-11-06 16:00:00,Pre-Team-15,Pre-Team-11,FINISHED,1.0,1.0,1.09,1.65,3.39,3.62,2.04,1.85,1.94,2.03,1.79,True
4,Premier League (England),2024,2024-11-06 21:00:00,Pre-Team-13,Pre-Team-09,FINISHED,1.0,0.0,1.15,0.86,2.37,2.78,3.55,2.98,1.37,3.96,1.25,True
5,Premier League (England),2024,2024-11-06 16:00:00,Pre-Team-02,Pre-Team-03,FINISHED,2.0,0.0,1.7,0.69,1.67,3.57,5.44,2.52,1.54,2.61,1.51,True
6,Premier League (England),2024,2024-11-06 21:00:00,Pre-Team-14,Pre-Team-16,FINISHED,1.0,1.0,0.45,0.95,3.82,2.44,2.59,3.94,1.25,6.12,1.13,True
7,Premier League (England),2024,2024-11-06 18:00:00,Pre-Team-05,Pre-Team-12,FINISHED,1.0,0.0,1.9,0.97,1.72,3.81,4.63,2.0,1.82,2.06,1.78,True
8,Premier League (England),2024,2024-11-06 13:00:00,Pre-Team-01,Pre-Team-04,FINISHED,1.0,1.0,0.73,1.18,3.16,3.61,2.11,1.84,1.98,2.02,1.82,True
9,La Liga (Spain),2024,2024-11-06 13:00:00,La -Team-15,La -Team-09,FINISHED,2.0,1.0,1.81,1.16,1.71,4.21,4.17,1.65,2.25,1.64,2.28,True
10,La Liga (Spain),2024,2024-11-06 21:00:00,La -Team-08,La -Team-11,FINISHED,0.0,1.0,1.1,0.56,2.35,2.67,3.79,3.28,1.34,4.52,1.21,True
11,La Liga (Spain),2024,2024-11-06 13:00:00,La -Team-14,La -Team-10,FINISHED,0.0,1.0,1.33,1.02,1.87,3.52,4.13,2.15,1.7,2.34,1.61,True
12,La Liga (Spain),2024,2024-11-06 21:00:00,La -Team-01,La -Team-02,FINISHED,2.0,4.0,1.79,1.61,2.33,4.13,2.55,1.43,2.81,1.45,2.75,True
13,La Liga (Spain),2024,2024-11-06 13:00:00,La -Team-13,La -Team-04,FINISHED,2.0,0.0,0.72,0.74,2.51,2.73,3.41,3.1,1.37,4.24,1.23,True
14,La Liga (Spain),2024,2024-11-06 18:00:00,La -Team-03,La -Team-05,FINISHED,2.0,1.0,1.44,2.23,5.06,4.93,1.51,1.51,2.59,1.39,3.01,True
15,La Liga (Spain),2024,2024-11-06 18:00:00,La -Team-16,La -Team-07,FINISHED,3.0,0.0,1.0,0.96,2.44,3.01,3.11,2.46,1.55,3.07,1.38,True
16,La Liga (Spain),2024,2024-11-06 16:00:00,La -Team-12,La -Team-06,FINISHED,3.0,0.0,2.09,0.87,1.65,3.85,5.25,2.17,1.69,2.18,1.69,True
17,Serie A (Italy),2024,2024-11-06 16:00:00,Ser-Team-15,Ser-Team-12,FINISHED,1.0,3.0,0.55,0.96,3.69,3.37,2.04,2.15,1.71,2.45,1.56,True
18,Serie A (Italy),2024,2024-11-06 18:00:00,Ser-Team-06,Ser-Team-09,FINISHED,1.0,0.0,0.36,1.03,5.69,2.3,2.21,5.51,1.15,8.51,1.07,True
19,Serie A (Italy),2024,2024-11-06 13:00:00,Ser-Team-08,Ser-Team-10,FINISHED,1.0,0.0,1.52,2.93,5.26,5.57,1.44,1.35,3.24,1.23,4.36,True
20,Serie A (Italy),2024,2024-11-06 16:00:00,Ser-Team-16,Ser-Team-07,FINISHED,1.0,3.0,1.47,1.79,3.38,3.82,1.97,1.72,2.12,1.82,2.01,True
21,Serie A (Italy),2024,2024-11-06 16:00:00,Ser-Team-14,Ser-Team-13,FINISHED,0.0,0.0,1.36,0.89,2.13,2.92,4.03,2.86,1.43,3.62,1.3,True
22,Serie A (Italy),2024,2024-11-06 16:00:00,Ser-Team-02,Ser-Team-05,FINISHED,1.0,2.0,0.92,0.6,2.76,2.71,3.04,3.08,1.39,4.23,1.23,True
23,Serie A (Italy),2024,2024-11-06 21:00:00,Ser-Team-04,Ser-Team-11,FINISHED,0.0,0.0,1.29,0.47,1.58,3.61,6.68,2.79,1.45,2.79,1.45,True
24,Serie A (Italy),2024,2024-11-06 21:00:00,Ser-Team-01,Ser-Team-03,FINISHED,2.0,2.0,1.67,0.35,1.61,4.0,5.4,2.08,1.75,2.05,1.79,True
25,Bundesliga (Germany),2024,2024-11-06 16:00:00,Bun-Team-05,Bun-Team-10,FINISHED,1.0,1.0,1.11,0.71,2.36,3.02,3.21,2.49,1.54,3.13,1.38,True
26,Bundesliga (Germany),2024,2024-11-06 18:00:00,Bun-Team-02,Bun-Team-08,FINISHED,0.0,0.0,1.23,0.38,1.82,3.08,5.6,3.17,1.35,3.67,1.28,True
27,Bundesliga (Germany),2024,2024-11-06 16:00:00,Bun-Team-03,Bun-Team-13,FINISHED,2.0,0.0,0.91,1.22,3.38,3.45,2.12,2.02,1.8,2.29,1.63,True
28,Bundesliga (Germany),2024,2024-11-06 21:00:00,Bun-Team-07,Bun-Team-14,FINISHED,2.0,1.0,2.07,1.42,1.85,4.3,3.51,1.48,2.66,1.47,2.72,True
29,Bundesliga (Germany),2024,2024-11-06 21:00:00,Bun-Team-01,Bun-Team-06,FINISHED,2.0,1.0,0.9,1.37,2.83,3.63,2.36,1.79,2.03,1.97,1.85,True
30,Bundesliga (Germany),2024,2024-11-06 21:00:00,Bun-Team-04,Bun-Team-16,FINISHED,1.0,0.0,0.92,0.73,2.15,3.33,3.43,2.15,1.69,2.5,1.52,True
31,Bundesliga (Germany),2024,2024-11-06 16:00:00,Bun-Team-12,Bun-Team-11,FINISHED,3.0,2.0,2.09,0.91,1.38,5.02,7.19,1.9,1.91,1.65,2.27,True
32,Bundesliga (Germany),2024,2024-11-06 18:00:00,Bun-Team-15,Bun-Team-09,FINISHED,1.0,0.0,1.06,0.49,2.52,2.6,3.6,3.46,1.31,4.95,1.19,True
33,Ligue 1 (France),2024,2024-11-06 13:00:00,Lig-Team-11,Lig-Team-08,FINISHED,1.0,1.0,1.22,0.66,1.71,3.23,5.94,3.07,1.38,3.35,1.34,True
34,Ligue 1 (France),2024,2024-11-06 16:00:00,Lig-Team-01,Lig-Team-15,FINISHED,3.0,1.0,1.01,1.57,3.76,3.87,1.85,1.76,2.07,1.8,2.01,True
35,Ligue 1 (France),2024,2024-11-06 16:00:00,Lig-Team-06,Lig-Team-02,FINISHED,3.0,1.0,1.95,0.84,1.92,3.5,4.02,2.13,1.72,2.38,1.6,True
36,Ligue 1 (France),2024,2024-11-06 21:00:00,Lig-Team-03,Lig-Team-14,FINISHED,3.0,2.0,1.08,1.18,2.5,3.07,2.95,2.33,1.61,2.88,1.43,True
37,Ligue 1 (France),2024,2024-11-06 13:00:00,Lig-Team-07,Lig-Team-10,FINISHED,2.0,0.0,2.23,0.47,1.35,4.71,10.07,2.76,1.46,2.21,1.69,True
38,Ligue 1 (France),2024,2024-11-06 21:00:00,Lig-Team-16,Lig-Team-13,FINISHED,0.0,0.0,0.74,0.49,2.78,2.62,3.22,3.41,1.32,4.88,1.17,True
39,Ligue 1 (France),2024,2024-11-06 21:00:00,Lig-Team-09,Lig-Team-12,FINISHED,0.0,2.0,1.07,0.75,2.22,3.16,3.4,2.34,1.61,2.8,1.45,True
40,Ligue 1 (France),2024,2024-11-06 21:00:00,Lig-Team-04,Lig-Team-05,FINISHED,1.0,0.0,0.98,0.69,2.1,2.78,4.58,3.44,1.32,4.47,1.21,True
41,Premier League (England),2024,2024-11-07 18:00:00,Pre-Team-08,Pre-Team-07,FINISHED,1.0,1.0,1.28,1.33,2.45,3.54,2.71,1.84,1.98,2.05,1.79,True
42,Premier League (England),2024,2024-11-07 16:00:00,Pre-Team-10,Pre-Team-12,FINISHED,1.0,1.0,1.11,1.92,2.71,3.9,2.31,1.56,2.42,1.65,2.28,True
43,Premier League (England),2024,2024-11-07 13:00:00,Pre-Team-04,Pre-Team-03,FINISHED,3.0,0.0,1.76,0.68,1.56,4.11,5.85,2.08,1.76,1.99,1.81,True
44,Premier League (England),2024,2024-11-07 18:00:00,Pre-Team-13,Pre-Team-06,FINISHED,3.0,1.0,1.18,0.93,2.19,3.14,3.54,2.41,1.58,2.86,1.43,True
45,Premier League (England),2024,2024-11-07 16:00:00,Pre-Team-05,Pre-Team-15,FINISHED,0.0,0.0,1.34,1.08,2.1,3.05,3.92,2.68,1.48,3.23,1.35,True
46,Premier League (England),2024,2024-11-07 16:00:00,Pre-Team-02,Pre-Team-11,FINISHED,0.0,2.0,1.36,0.71,1.94,3.61,3.73,1.96,1.86,2.12,1.73,True
47,Premier League (England),2024,2024-11-07 18:00:00,Pre-Team-01,Pre-Team-14,FINISHED,0.0,0.0,1.37,0.62,1.98,3.15,4.27,2.54,1.51,3.02,1.4,True
48,Premier League (England),2024,2024-11-07 16:00:00,Pre-Team-16,Pre-Team-09,FINISHED,1.0,0.0,0.63,0.43,2.11,2.62,4.9,3.89,1.26,5.24,1.16,True
49,La Liga (Spain),2024,2024-11-07 13:00:00,La -Team-03,La -Team-15,FINISHED,3.0,2.0,1.54,1.89,3.2,3.99,2.01,1.59,2.4,1.62,2.3,True
50,La Liga (Spain),2024,2024-11-07 16:00:00,La -Team-13,La -Team-07,FINISHED,0.0,0.0,1.15,0.82,2.0,3.02,4.33,2.8,1.45,3.42,1.32,True
51,La Liga (Spain),2024,2024-11-07 16:00:00,La -Team-09,La -Team-11,FINISHED,2.0,1.0,0.74,1.36,3.29,3.65,2.09,1.81,2.0,1.96,1.85,True
52,La Liga (Spain),2024,2024-11-07 21:00:00,La -Team-12,La -Team-04,FINISHED,3.0,0.0,1.35,0.83,1.58,3.51,6.75,2.99,1.39,2.96,1.4,True
53,La Liga (Spain),2024,2024-11-07 16:00:00,La -Team-05,La -Team-14,FINISHED,1.0,0.0,1.28,1.01,2.48,3.24,2.9,2.18,1.72,2.57,1.53,True
54,La Liga (Spain),2024,2024-11-07 18:00:00,La -Team-02,La -Team-16,FINISHED,4.0,1.0,1.94,0.93,1.55,4.55,5.13,1.68,2.16,1.59,2.39,True
55,La Liga (Spain),2024,2024-11-07 21:00:00,La -Team-08,La -Team-06,FINISHED,1.0,0.0,1.01,1.24,2.12,3.08,3.83,2.59,1.5,3.17,1.37,True
56,La Liga (Spain),2024,2024-11-07 16:00:00,La -Team-10,La -Team-01,FINISHED,1.0,1.0,1.94,0.91,1.78,4.01,3.96,1.73,2.13,1.76,2.11,True
57,Serie A (Italy),2024,2024-11-07 16:00:00,Ser-Team-03,Ser-Team-04,FINISHED,1.0,0.0,1.15,1.44,3.49,3.34,2.11,2.13,1.69,2.45,1.56,True
58,Serie A (Italy),2024,2024-11-07 16:00:00,Ser-Team-14,Ser-Team-13,FINISHED,0.0,2.0,1.06,0.73,2.1,2.93,4.03,2.84,1.42,3.55,1.29,True
59,Serie A (Italy),2024,2024-11-07 13:00:00,Ser-Team-10,Ser-Team-02,FINISHED,1.0,0.0,1.33,1.28,2.3,3.46,2.96,1.93,1.88,2.17,1.7,True
60,Serie A (Italy),2024,2024-11-07 13:00:00,Ser-Team-01,Ser-Team-09,FINISHED,2.0,1.0,1.54,0.5,1.84,3.3,4.74,2.55,1.51,2.88,1.42,True
61,Serie A (Italy),2024,2024-11-07 13:00:00,Ser-Team-08,Ser-Team-06,FINISHED,0.0,1.0,1.23,0.35,2.22,2.83,3.9,3.01,1.4,3.95,1.25,True
62,Serie A (Italy),2024,2024-11-07 16:00:00,Ser-Team-15,Ser-Team-11,FINISHED,2.0,0.0,1.11,1.0,2.27,3.09,3.36,2.41,1.56,2.95,1.42,True
63,Serie A (Italy),2024,2024-11-07 13:00:00,Ser-Team-16,Ser-Team-05,FINISHED,1.0,2.0,0.87,1.68,5.08,3.71,1.69,2.21,1.66,2.28,1.62,True
64,Serie A (Italy),2024,2024-11-07 13:00:00,Ser-Team-12,Ser-Team-07,FINISHED,2.0,0.0,1.59,0.66,1.79,3.76,4.21,1.96,1.84,2.05,1.77,True
65,Bundesliga (Germany),2024,2024-11-07 21:00:00,Bun-Team-10,Bun-Team-15,FINISHED,0.0,1.0,0.64,1.27,3.79,2.92,2.21,2.78,1.45,3.53,1.29,True
66,Bundesliga (Germany),2024,2024-11-07 16:00:00,Bun-Team-01,Bun-Team-14,FINISHED,2.0,1.0,2.03,0.86,1.76,4.34,3.92,1.53,2.49,1.51,2.58,True
67,Bundesliga (Germany),2024,2024-11-07 13:00:00,Bun-Team-07,Bun-Team-12,FINISHED,0.0,1.0,0.99,1.37,3.09,3.44,2.25,1.99,1.83,2.23,1.66,True
68,Bundesliga (Germany),2024,2024-11-07 13:00:00,Bun-Team-06,Bun-Team-03,FINISHED,1.0,1.0,2.0,0.81,1.36,4.72,8.82,2.39,1.58,1.99,1.82,True
69,Bundesliga (Germany),2024,2024-11-07 21:00:00,Bun-Team-13,Bun-Team-08,FINISHED,3.0,1.0,1.6,0.45,1.7,3.52,5.42,2.53,1.5,2.68,1.49,True
70,Bundesliga (Germany),2024,2024-11-07 18:00:00,Bun-Team-16,Bun-Team-05,FINISHED,1.0,0.0,0.57,0.83,3.53,3.05,2.24,2.52,1.52,3.11,1.36,True
71,Bundesliga (Germany),2024,2024-11-07 21:00:00,Bun-Team-04,Bun-Team-09,FINISHED,1.0,2.0,0.43,1.55,4.74,3.18,1.88,2.69,1.47,3.07,1.38,True
72,Bundesliga (Germany),2024,2024-11-07 21:00:00,Bun-Team-02,Bun-Team-11,FINISHED,0.0,2.0,1.25,1.1,1.79,3.92,4.02,1.81,2.03,1.84,1.97,True
73,Ligue 1 (France),2024,2024-11-07 21:00:00,Lig-Team-04,Lig-Team-08,FINISHED,1.0,0.0,0.63,0.63,2.12,2.46,5.5,4.63,1.2,6.5,1.12,True
74,Ligue 1 (France),2024,2024-11-07 16:00:00,Lig-Team-05,Lig-Team-10,FINISHED,1.0,1.0,1.65,0.8,1.77,3.51,4.84,2.37,1.58,2.53,1.52,True
75,Ligue 1 (France),2024,2024-11-07 21:00:00,Lig-Team-09,Lig-Team-03,FINISHED,0.0,0.0,0.74,0.8,1.94,2.98,4.75,3.05,1.38,3.69,1.28,True
76,Ligue 1 (France),2024,2024-11-07 16:00:00,Lig-Team-06,Lig-Team-07,FINISHED,1.0,2.0,1.2,1.34,3.48,3.71,1.98,1.83,1.99,1.95,1.85,True
77,Ligue 1 (France),2024,2024-11-07 18:00:00,Lig-Team-13,Lig-Team-02,FINISHED,3.0,1.0,1.31,0.42,2.14,2.71,4.46,3.46,1.32,4.61,1.21,True
78,Ligue 1 (France),2024,2024-11-07 21:00:00,Lig-Team-16,Lig-Team-11,FINISHED,2.0,2.0,0.99,1.09,3.33,2.84,2.43,2.81,1.44,3.73,1.29,True
79,Ligue 1 (France),2024,2024-11-07 16:00:00,Lig-Team-01,Lig-Team-12,FINISHED,2.0,1.0,0.7,1.09,2.78,3.37,2.49,2.01,1.81,2.3,1.64,True
80,Ligue 1 (France),2024,2024-11-07 13:00:00,Lig-Team-14,Lig-Team-15,FINISHED,0.0,0.0,0.65,2.24,3.87,4.02,1.8,1.68,2.19,1.68,2.18,True
81,Premier League (England),2024,2024-11-13 16:00:00,Pre-Team-10,Pre-Team-03,FINISHED,0.0,1.0,1.06,1.42,3.66,3.6,1.94,1.98,1.83,2.15,1.71,True
82,Premier League (England),2024,2024-11-13 21:00:00,Pre-Team-05,Pre-Team-04,FINISHED,0.0,1.0,0.69,1.42,3.52,3.24,2.15,2.29,1.62,2.67,1.49,True
83,Premier League (England),2024,2024-11-13 13:00:00,Pre-Team-06,Pre-Team-08,FINISHED,1.0,0.0,1.22,0.53,1.87,3.13,4.83,2.83,1.43,3.29,1.33,True
84,Premier League (England),2024,2024-11-13 16:00:00,Pre-Team-07,Pre-Team-12,FINISHED,5.0,1.0,2.14,1.84,2.35,4.49,2.42,1.29,3.63,1.26,3.83,True
85,Premier League (England),2024,2024-11-13 21:00:00,Pre-Team-11,Pre-Team-16,FINISHED,1.0,0.0,1.09,0.91,2.34,3.07,3.26,2.38,1.58,2.89,1.42,True
86,Premier League (England),2024,2024-11-13 13:00:00,Pre-Team-01,Pre-Team-02,FINISHED,1.0,0.0,0.69,0.82,3.17,3.23,2.31,2.18,1.69,2.55,1.52,True
87,Premier League (England),2024,2024-11-13 21:00:00,Pre-Team-09,Pre-Team-14,FINISHED,3.0,0.0,0.57,0.67,2.6,2.54,3.51,3.53,1.31,5.15,1.17,True
88,Premier League (England),2024,2024-11-13 18:00:00,Pre-Team-13,Pre-Team-15,FINISHED,0.0,1.0,1.26,1.22,2.24,3.04,3.51,2.51,1.52,3.11,1.39,True
89,La Liga (Spain),2024,2024-11-13 13:00:00,La -Team-10,La -Team-06,FINISHED,2.0,2.0,1.16,0.97,2.13,3.52,3.29,1.92,1.88,2.12,1.72,True
90,La Liga (Spain),2024,2024-11-13 13:00:00,La -Team-14,La -Team-16,FINISHED,0.0,2.0,1.95,0.7,1.4,4.48,8.6,2.57,1.51,2.17,1.7,True
91,La Liga (Spain),2024,2024-11-13 21:00:00,La -Team-01,La -Team-02,FINISHED,1.0,1.0,1.5,1.81,2.35,4.15,2.56,1.43,2.83,1.47,2.71,True
92,La Liga (Spain),2024,2024-11-13 16:00:00,La -Team-11,La -Team-04,FINISHED,3.0,1.0,0.71,0.51,2.19,2.68,4.34,3.52,1.3,4.81,1.19,True
93,La Liga (Spain),2024,2024-11-13 13:00:00,La -Team-03,La -Team-08,FINISHED,1.0,3.0,0.8,1.84,4.3,3.99,1.73,1.83,2.01,1.85,1.97,True
94,La Liga (Spain),2024,2024-11-13 13:00:00,La -Team-09,La -Team-13,FINISHED,1.0,1.0,1.27,1.4,2.52,3.75,2.53,1.66,2.24,1.78,2.05,True
95,La Liga (Spain),2024,2024-11-13 16:00:00,La -Team-12,La -Team-07,FINISHED,1.0,2.0,2.08,0.7,1.36,4.54,9.91,2.83,1.43,2.28,1.63,True
96,La Liga (Spain),2024,2024-11-13 13:00:00,La -Team-05,La -Team-15,FINISHED,1.0,0.0,1.67,1.0,1.81,3.59,4.41,2.16,1.72,2.29,1.63,True
97,Serie A (Italy),2024,2024-11-13 18:00:00,Ser-Team-12,Ser-Team-06,FINISHED,0.0,0.0,1.22,-0.07,1.58,3.08,9.77,4.96,1.18,4.75,1.2,True
98,Serie A (Italy),2024,2024-11-13 16:00:00,Ser-Team-15,Ser-Team-16,FINISHED,1.0,1.0,1.62,1.02,1.84,3.69,3.98,1.95,1.89,2.05,1.81,True
99,Serie A (Italy),2024,2024-11-13 18:00:00,Ser-Team-09,Ser-Team-08,FINISHED,4.0,0.0,2.29,0.7,1.41,5.04,6.55,1.74,2.09,1.53,2.5,True
100,Serie A (Italy),2024,2024-11-13 21:00:00,Ser-Team-05,Ser-Team-01,FINISHED,1.0,1.0,1.02,1.1,2.78,2.82,2.9,2.81,1.44,3.73,1.29,True
101,Serie A (Italy),2024,2024-11-13 16:00:00,Ser-Team-13,Ser-Team-10,FINISHED,0.0,0.0,1.1,1.27,2.63,3.43,2.59,1.93,1.86,2.19,1.69,True
102,Serie A (Italy),2024,2024-11-13 18:00:00,Ser-Team-02,Ser-Team-07,FINISHED,2.0,0.0,1.38,0.77,2.01,3.23,3.92,2.36,1.59,2.75,1.46,True
103,Serie A (Italy),2024,2024-11-13 21:00:00,Ser-Team-04,Ser-Team-14,FINISHED,0.0,0.0,1.02,0.47,2.25,2.94,3.72,2.8,1.45,3.57,1.3,True
104,Serie A (Italy),2024,2024-11-13 18:00:00,Ser-Team-11,Ser-Team-03,FINISHED,4.0,3.0,1.04,1.36,2.8,3.4,2.42,1.96,1.86,2.22,1.67,True
105,Bundesliga (Germany),2024,2024-11-13 18:00:00,Bun-Team-07,Bun-Team-14,FINISHED,4.0,1.0,1.96,1.54,1.82,4.3,3.51,1.47,2.67,1.46,2.72,True
106,Bundesliga (Germany),2024,2024-11-13 18:00:00,Bun-Team-15,Bun-Team-06,FINISHED,1.0,1.0,1.37,1.24,2.1,3.37,3.53,2.11,1.72,2.41,1.59,True
107,Bundesliga (Germany),2024,2024-11-13 16:00:00,Bun-Team-12,Bun-Team-16,FINISHED,0.0,1.0,1.72,0.98,1.45,4.26,7.54,2.43,1.57,2.18,1.69,True
108,Bundesliga (Germany),2024,2024-11-13 21:00:00,Bun-Team-05,Bun-Team-04,FINISHED,2.0,0.0,1.75,1.23,1.84,3.54,4.33,2.22,1.65,2.41,1.58,True
109,Bundesliga (Germany),2024,2024-11-13 18:00:00,Bun-Team-09,Bun-Team-11,FINISHED,4.0,1.0,1.54,0.44,1.46,4.12,7.33,2.52,1.55,2.3,1.63,True
110,Bundesliga (Germany),2024,2024-11-13 13:00:00,Bun-Team-02,Bun-Team-13,FINISHED,1.0,4.0,1.93,1.58,2.15,3.77,3.01,1.68,2.21,1.78,2.05,True
111,Bundesliga (Germany),2024,2024-11-13 18:00:00,Bun-Team-10,Bun-Team-08,FINISHED,0.0,0.0,1.04,0.25,1.8,2.98,6.06,3.64,1.29,4.26,1.23,True
112,Bundesliga (Germany),2024,2024-11-13 13:00:00,Bun-Team-01,Bun-Team-03,FINISHED,0.0,0.0,1.24,0.67,1.67,3.51,5.98,2.72,1.46,2.84,1.43,True
113,Ligue 1 (France),2024,2024-11-13 21:00:00,Lig-Team-01,Lig-Team-04,FINISHED,3.0,0.0,1.2,0.78,2.83,2.85,2.83,2.77,1.46,3.67,1.29,True
114,Ligue 1 (France),2024,2024-11-13 18:00:00,Lig-Team-07,Lig-Team-06,FINISHED,0.0,1.0,1.52,0.8,1.59,4.23,5.14,1.89,1.91,1.85,1.96,True
115,Ligue 1 (France),2024,2024-11-13 13:00:00,Lig-Team-10,Lig-Team-13,FINISHED,2.0,1.0,0.68,1.37,4.05,3.15,2.01,2.46,1.56,2.9,1.42,True
116,Ligue 1 (France),2024,2024-11-13 13:00:00,Lig-Team-08,Lig-Team-11,FINISHED,1.0,0.0,0.45,0.5,4.2,2.9,2.08,2.96,1.41,3.74,1.28,True
117,Ligue 1 (France),2024,2024-11-13 21:00:00,Lig-Team-15,Lig-Team-03,FINISHED,0.0,3.0,1.56,0.53,1.57,3.78,6.15,2.49,1.53,2.47,1.55,True
118,Ligue 1 (France),2024,2024-11-13 18:00:00,Lig-Team-09,Lig-Team-12,FINISHED,0.0,0.0,1.24,0.88,2.21,3.14,3.42,2.36,1.61,2.8,1.44,True
119,Ligue 1 (France),2024,2024-11-13 13:00:00,Lig-Team-14,Lig-Team-02,FINISHED,1.0,0.0,1.5,0.77,1.93,3.22,4.31,2.48,1.53,2.93,1.42,True
120,Ligue 1 (France),2024,2024-11-13 13:00:00,Lig-Team-16,Lig-Team-05,FINISHED,0.0,1.0,1.11,0.82,2.44,2.69,3.6,3.17,1.36,4.39,1.22,True
121,Premier League (England),2024,2024-11-14 13:00:00,Pre-Team-02,Pre-Team-04,FINISHED,1.0,1.0,1.21,1.05,2.4,3.24,3.0,2.16,1.7,2.58,1.52,True
122,Premier League (England),2024,2024-11-14 18:00:00,Pre-Team-15,Pre-Team-10,FINISHED,2.0,2.0,1.42,0.95,1.72,3.75,4.77,2.12,1.73,2.18,1.68,True
123,Premier League (England),2024,2024-11-14 16:00:00,Pre-Team-06,Pre-Team-01,FINISHED,3.0,1.0,0.93,1.16,2.96,3.38,2.34,2.01,1.84,2.24,1.65,True
124,Premier League (England),2024,2024-11-14 21:00:00,Pre-Team-12,Pre-Team-07,FINISHED,3.0,2.0,2.25,1.69,1.77,4.78,3.5,1.31,3.51,1.26,3.94,True
125,Premier League (England),2024,2024-11-14 16:00:00,Pre-Team-09,Pre-Team-08,FINISHED,0.0,1.0,0.78,0.67,1.98,2.77,5.09,3.57,1.31,4.56,1.2,True
126,Premier League (England),2024,2024-11-14 13:00:00,Pre-Team-14,Pre-Team-05,FINISHED,1.0,2.0,0.65,0.79,3.08,2.63,2.82,3.23,1.35,4.67,1.19,True
127,Premier League (England),2024,2024-11-14 18:00:00,Pre-Team-16,Pre-Team-03,FINISHED,2.0,1.0,0.95,0.46,2.06,2.9,4.34,3.04,1.38,3.82,1.27,True
128,Premier League (England),2024,2024-11-14 18:00:00,Pre-Team-13,Pre-Team-11,FINISHED,0.0,0.0,1.18,1.51,3.06,3.5,2.25,1.96,1.86,2.16,1.7,True
129,La Liga (Spain),2024,2024-11-14 21:00:00,La -Team-12,La -Team-03,FINISHED,3.0,0.0,3.16,0.31,1.18,7.52,12.22,1.75,2.08,1.3,3.55,True
130,La Liga (Spain),2024,2024-11-14 13:00:00,La -Team-01,La -Team-08,FINISHED,0.0,2.0,0.96,0.88,3.26,3.23,2.24,2.21,1.65,2.6,1.49,True
131,La Liga (Spain),2024,2024-11-14 16:00:00,La -Team-10,La -Team-09,FINISHED,1.0,3.0,2.31,1.12,1.51,4.91,5.1,1.51,2.59,1.4,3.01,True
132,La Liga (Spain),2024,2024-11-14 18:00:00,La -Team-05,La -Team-07,FINISHED,2.0,0.0,1.8,0.87,1.46,4.18,7.53,2.55,1.53,2.3,1.63,True
133,La Liga (Spain),2024,2024-11-14 21:00:00,La -Team-14,La -Team-16,FINISHED,1.0,1.0,1.84,0.44,1.39,4.49,8.67,2.57,1.51,2.17,1.68,True
134,La Liga (Spain),2024,2024-11-14 16:00:00,La -Team-13,La -Team-11,FINISHED,0.0,1.0,0.68,0.97,3.07,2.79,2.65,2.85,1.43,3.82,1.27,True
135,La Liga (Spain),2024,2024-11-14 18:00:00,La -Team-04,La -Team-06,FINISHED,0.0,1.0,0.96,0.71,2.96,2.88,2.69,2.72,1.47,3.57,1.3,True
136,La Liga (Spain),2024,2024-11-14 16:00:00,La -Team-15,La -Team-02,FINISHED,1.0,4.0,1.13,1.41,2.17,3.75,2.99,1.71,2.17,1.78,2.02,True
137,Serie A (Italy),2024,2024-11-14 21:00:00,Ser-Team-05,Ser-Team-10,FINISHED,4.0,1.0,1.53,1.14,2.06,3.46,3.47,2.04,1.78,2.28,1.64,True
138,Serie A (Italy),2024,2024-11-14 18:00:00,Ser-Team-15,Ser-Team-13,FINISHED,0.0,2.0,1.14,1.22,2.99,2.91,2.66,2.68,1.48,3.47,1.31,True
139,Serie A (Italy),2024,2024-11-14 18:00:00,Ser-Team-09,Ser-Team-02,FINISHED,0.0,0.0,0.96,0.74,2.82,2.89,2.81,2.67,1.48,3.52,1.31,True
140,Serie A (Italy),2024,2024-11-14 13:00:00,Ser-Team-03,Ser-Team-06,FINISHED,1.0,0.0,1.07,0.46,1.79,2.81,6.75,4.29,1.23,5.05,1.18,True
141,Serie A (Italy),2024,2024-11-14 18:00:00,Ser-Team-12,Ser-Team-11,FINISHED,4.0,1.0,1.79,0.38,1.58,3.98,5.91,2.24,1.64,2.16,1.68,True
142,Serie A (Italy),2024,2024-11-14 18:00:00,Ser-Team-16,Ser-Team-08,FINISHED,1.0,0.0,2.12,1.39,1.88,4.59,3.26,1.35,3.25,1.31,3.5,True
143,Serie A (Italy),2024,2024-11-14 21:00:00,Ser-Team-01,Ser-Team-14,FINISHED,1.0,0.0,0.86,0.82,2.08,3.05,3.93,2.59,1.51,3.14,1.35,True
144,Serie A (Italy),2024,2024-11-14 18:00:00,Ser-Team-07,Ser-Team-04,FINISHED,2.0,1.0,0.94,1.39,3.42,3.17,2.2,2.34,1.61,2.8,1.44,True
145,Bundesliga (Germany),2024,2024-11-14 21:00:00,Bun-Team-09,Bun-Team-12,FINISHED,1.0,0.0,1.08,0.9,2.36,2.9,3.46,2.66,1.46,3.46,1.31,True
146,Bundesliga (Germany),2024,2024-11-14 16:00:00,Bun-Team-11,Bun-Team-04,FINISHED,2.0,0.0,1.48,1.21,2.25,3.74,2.85,1.69,2.2,1.81,2.01,True
147,Bundesliga (Germany),2024,2024-11-14 18:00:00,Bun-Team-08,Bun-Team-06,FINISHED,1.0,1.0,0.7,1.35,6.35,3.61,1.61,2.73,1.45,2.75,1.45,True
148,Bundesliga (Germany),2024,2024-11-14 13:00:00,Bun-Team-13,Bun-Team-07,FINISHED,5.0,0.0,1.49,1.35,2.39,3.78,2.66,1.67,2.26,1.76,2.08,True
149,Bundesliga (Germany),2024,2024-11-14 21:00:00,Bun-Team-15,Bun-Team-16,FINISHED,1.0,1.0,1.46,0.29,1.45,3.92,8.6,3.1,1.38,2.74,1.46,True
150,Bundesliga (Germany),2024,2024-11-14 13:00:00,Bun-Team-14,Bun-Team-10,FINISHED,2.0,2.0,1.34,1.53,2.45,3.89,2.56,1.59,2.37,1.68,2.21,True
151,Bundesliga (Germany),2024,2024-11-14 16:00:00,Bun-Team-03,Bun-Team-05,FINISHED,1.0,1.0,0.98,0.84,3.98,2.92,2.16,2.85,1.42,3.61,1.29,True
152,Bundesliga (Germany),2024,2024-11-14 18:00:00,Bun-Team-02,Bun-Team-01,FINISHED,1.0,1.0,0.96,1.37,2.67,3.29,2.63,2.08,1.76,2.4,1.58,True
153,Ligue 1 (France),2024,2024-11-14 16:00:00,Lig-Team-01,Lig-Team-12,FINISHED,0.0,1.0,1.11,1.27,2.79,3.36,2.48,2.0,1.81,2.29,1.63,True
154,Ligue 1 (France),2024,2024-11-14 16:00:00,Lig-Team-08,Lig-Team-07,FINISHED,0.0,1.0,0.58,0.95,4.89,2.73,2.05,3.58,1.3,4.69,1.19,True
155,Ligue 1 (France),2024,2024-11-14 21:00:00,Lig-Team-03,Lig-Team-04,FINISHED,1.0,0.0,0.61,0.6,3.3,2.38,2.98,4.12,1.25,6.46,1.12,True
156,Ligue 1 (France),2024,2024-11-14 21:00:00,Lig-Team-16,Lig-Team-09,FINISHED,2.0,1.0,0.96,1.08,3.51,2.72,2.44,3.13,1.36,4.31,1.23,True
157,Ligue 1 (France),2024,2024-11-14 16:00:00,Lig-Team-05,Lig-Team-15,FINISHED,0.0,2.0,0.64,1.55,4.64,3.76,1.73,2.08,1.78,2.14,1.73,True
158,Ligue 1 (France),2024,2024-11-14 18:00:00,Lig-Team-13,Lig-Team-10,FINISHED,1.0,1.0,1.51,0.96,1.67,3.58,5.79,2.54,1.51,2.62,1.5,True
159,Ligue 1 (France),2024,2024-11-14 21:00:00,Lig-Team-06,Lig-Team-11,FINISHED,1.0,0.0,1.05,1.67,2.98,3.9,2.13,1.61,2.35,1.65,2.24,True
160,Ligue 1 (France),2024,2024-11-14 13:00:00,Lig-Team-02,Lig-Team-14,FINISHED,1.0,3.0,0.9,1.1,3.13,3.05,2.45,2.47,1.56,3.08,1.37,True
161,Premier League (England),2024,2024-11-20 13:00:00,Pre-Team-15,Pre-Team-01,FINISHED,1.0,1.0,1.28,1.53,2.96,3.32,2.37,2.07,1.77,2.4,1.57,True
162,Premier League (England),2024,2024-11-20 18:00:00,Pre-Team-03,Pre-Team-13,FINISHED,0.0,0.0,0.93,1.34,2.4,3.09,3.14,2.37,1.59,2.91,1.42,True
163,Premier League (England),2024,2024-11-20 18:00:00,Pre-Team-02,Pre-Team-11,FINISHED,0.0,2.0,1.78,0.7,1.93,3.6,3.73,1.97,1.85,2.11,1.74,True
164,Premier League (England),2024,2024-11-20 13:00:00,Pre-Team-14,Pre-Team-09,FINISHED,0.0,4.0,0.88,0.69,2.72,2.57,3.33,3.48,1.31,5.14,1.17,True
165,Premier League (England),2024,2024-11-20 16:00:00,Pre-Team-08,Pre-Team-06,FINISHED,1.0,1.0,0.77,0.78,3.51,2.92,2.33,2.75,1.45,3.52,1.31,True
166,Premier League (England),2024,2024-11-20 18:00:00,Pre-Team-12,Pre-Team-16,FINISHED,0.0,2.0,0.98,1.28,3.98,3.33,1.97,2.27,1.63,2.62,1.5,True
167,Premier League (England),2024,2024-11-20 16:00:00,Pre-Team-07,Pre-Team-04,FINISHED,1.0,6.0,0.95,2.37,7.35,5.98,1.32,1.57,2.43,1.33,3.43,True
168,Premier League (England),2024,2024-11-20 16:00:00,Pre-Team-05,Pre-Team-10,FINISHED,0.0,0.0,1.48,0.87,1.56,3.88,6.19,2.41,1.57,2.32,1.59,True
169,La Liga (Spain),2024,2024-11-20 16:00:00,La -Team-14,La -Team-03,FINISHED,6.0,1.0,2.63,1.09,1.28,6.05,9.16,1.81,2.04,1.44,2.78,True
170,La Liga (Spain),2024,2024-11-20 16:00:00,La -Team-09,La -Team-13,FINISHED,2.0,2.0,1.19,1.2,2.54,3.76,2.52,1.66,2.23,1.78,2.05,True
171,La Liga (Spain),2024,2024-11-20 13:00:00,La -Team-11,La -Team-16,FINISHED,0.0,0.0,1.23,0.53,1.67,3.49,5.73,2.69,1.49,2.84,1.43,True
172,La Liga (Spain),2024,2024-11-20 13:00:00,La -Team-06,La -Team-07,FINISHED,4.0,0.0,1.5,0.96,1.72,3.43,5.24,2.54,1.53,2.72,1.46,True
173,La Liga (Spain),2024,2024-11-20 21:00:00,La -Team-12,La -Team-02,FINISHED,1.0,0.0,2.2,1.19,1.47,4.81,5.91,1.72,2.13,1.57,2.47,True
174,La Liga (Spain),2024,2024-11-20 16:00:00,La -Team-10,La -Team-08,FINISHED,2.0,2.0,1.15,1.0,2.62,3.07,2.82,2.39,1.6,2.92,1.4,True
175,La Liga (Spain),2024,2024-11-20 16:00:00,La -Team-04,La -Team-15,FINISHED,1.0,0.0,0.96,0.94,2.86,2.74,2.88,2.95,1.42,4.02,1.24,True
176,La Liga (Spain),2024,2024-11-20 21:00:00,La -Team-01,La -Team-05,FINISHED,0.0,3.0,1.22,1.77,3.47,3.81,1.95,1.75,2.1,1.84,2.0,True
177,Serie A (Italy),2024,2024-11-20 16:00:00,Ser-Team-01,Ser-Team-13,FINISHED,1.0,1.0,1.11,0.51,1.82,3.22,5.03,2.78,1.44,3.16,1.36,True
178,Serie A (Italy),2024,2024-11-20 21:00:00,Ser-Team-11,Ser-Team-10,FINISHED,1.0,2.0,1.03,1.3,3.54,3.75,1.97,1.8,2.01,1.9,1.88,True
179,Serie A (Italy),2024,2024-11-20 21:00:00,Ser-Team-05,Ser-Team-14,FINISHED,1.0,0.0,1.3,0.51,2.41,2.81,3.53,2.97,1.39,3.96,1.26,True
180,Serie A (Italy),2024,2024-11-20 18:00:00,Ser-Team-07,Ser-Team-06,FINISHED,0.0,0.0,1.0,0.41,1.85,2.7,7.05,4.77,1.2,5.8,1.14,True
181,Serie A (Italy),2024,2024-11-20 16:00:00,Ser-Team-15,Ser-Team-12,FINISHED,0.0,2.0,0.97,1.67,3.67,3.37,2.04,2.14,1.7,2.45,1.57,True
182,Serie A (Italy),2024,2024-11-20 18:00:00,Ser-Team-03,Ser-Team-08,FINISHED,2.0,1.0,2.6,1.18,1.4,5.52,5.93,1.45,2.74,1.29,3.6,True
183,Serie A (Italy),2024,2024-11-20 21:00:00,Ser-Team-16,Ser-Team-04,FINISHED,0.0,3.0,0.59,1.79,5.59,4.02,1.58,2.14,1.7,2.07,1.75,True
184,Serie A (Italy),2024,2024-11-20 16:00:00,Ser-Team-09,Ser-Team-02,FINISHED,0.0,0.0,0.99,0.99,2.79,2.89,2.83,2.67,1.48,3.48,1.3,True
185,Bundesliga (Germany),2024,2024-11-20 16:00:00,Bun-Team-03,Bun-Team-11,FINISHED,3.0,3.0,1.04,1.33,2.69,3.25,2.64,2.13,1.73,2.51,1.53,True
186,Bundesliga (Germany),2024,2024-11-20 16:00:00,Bun-Team-15,Bun-Team-07,FINISHED,2.0,1.0,1.41,0.3,1.74,3.4,5.17,2.55,1.52,2.74,1.46,True
187,Bundesliga (Germany),2024,2024-11-20 13:00:00,Bun-Team-14,Bun-Team-01,FINISHED,0.0,2.0,1.59,1.77,2.67,3.99,2.31,1.5,2.59,1.55,2.46,True
188,Bundesliga (Germany),2024,2024-11-20 21:00:00,Bun-Team-10,Bun-Team-16,FINISHED,0.0,0.0,1.43,0.81,1.81,3.33,4.82,2.54,1.5,2.89,1.43,True
189,Bundesliga (Germany),2024,2024-11-20 21:00:00,Bun-Team-06,Bun-Team-13,FINISHED,3.0,1.0,2.38,1.23,1.5,4.94,5.26,1.53,2.46,1.43,2.84,True
190,Bundesliga (Germany),2024,2024-11-20 18:00:00,Bun-Team-04,Bun-Team-05,FINISHED,1.0,0.0,0.94,1.29,3.09,3.27,2.31,2.17,1.7,2.53,1.51,True
191,Bundesliga (Germany),2024,2024-11-20 21:00:00,Bun-Team-12,Bun-Team-02,FINISHED,1.0,0.0,1.26,1.22,1.66,3.83,4.95,2.08,1.75,2.09,1.75,True
192,Bundesliga (Germany),2024,2024-11-20 21:00:00,Bun-Team-08,Bun-Team-09,FINISHED,1.0,1.0,0.21,0.94,6.82,2.68,1.84,4.67,1.2,5.68,1.14,True
193,Ligue 1 (France),2024,2024-11-20 21:00:00,Lig-Team-05,Lig-Team-09,FINISHED,1.0,2.0,0.97,1.41,3.74,3.09,2.15,2.52,1.52,3.02,1.4,True
194,Ligue 1 (France),2024,2024-11-20 16:00:00,Lig-Team-16,Lig-Team-15,FINISHED,2.0,1.0,0.74,1.27,4.24,3.23,1.95,2.52,1.53,2.9,1.42,True
195,Ligue 1 (France),2024,2024-11-20 18:00:00,Lig-Team-06,Lig-Team-03,FINISHED,0.0,1.0,1.56,0.85,2.25,3.4,3.09,2.01,1.81,2.29,1.64,True
196,Ligue 1 (France),2024,2024-11-20 21:00:00,Lig-Team-11,Lig-Team-08,FINISHED,1.0,0.0,1.26,0.56,1.73,3.24,5.98,3.06,1.37,3.35,1.34,True
197,Ligue 1 (France),2024,2024-11-20 21:00:00,Lig-Team-12,Lig-Team-01,FINISHED,3.0,2.0,1.56,0.97,1.91,3.55,3.89,2.03,1.78,2.19,1.68,True
198,Ligue 1 (France),2024,2024-11-20 13:00:00,Lig-Team-10,Lig-Team-13,FINISHED,3.0,3.0,0.63,1.1,4.02,3.19,2.02,2.48,1.54,2.9,1.43,True
199,Ligue 1 (France),2024,2024-11-20 21:00:00,Lig-Team-07,Lig-Team-14,FINISHED,2.0,0.0,1.32,0.83,1.72,3.69,4.78,2.19,1.68,2.27,1.63,True
200,Ligue 1 (France),2024,2024-11-20 18:00:00,Lig-Team-04,Lig-Team-02,FINISHED,1.0,0.0,1.02,0.57,2.08,2.51,5.5,4.46,1.22,6.14,1.13,True
201,Premier League (England),2024,2024-11-21 16:00:00,Pre-Team-04,Pre-Team-02,FINISHED,1.0,0.0,1.23,0.73,2.28,3.23,3.2,2.18,1.7,2.54,1.53,True
202,Premier League (England),2024,2024-11-21 21:00:00,Pre-Team-15,Pre-Team-06,FINISHED,2.0,4.0,1.13,0.85,2.33,3.19,3.14,2.25,1.65,2.7,1.47,True
203,Premier League (England),2024,2024-11-21 16:00:00,Pre-Team-11,Pre-Team-16,FINISHED,0.0,0.0,1.25,1.11,2.31,3.11,3.28,2.37,1.6,2.88,1.41,True
204,Premier League (England),2024,2024-11-21 13:00:00,Pre-Team-05,Pre-Team-07,FINISHED,6.0,1.0,1.91,0.96,1.49,4.55,5.75,1.8,2.04,1.67,2.2,True
205,Premier League (England),2024,2024-11-21 18:00:00,Pre-Team-01,Pre-Team-09,FINISHED,2.0,0.0,1.59,0.89,1.96,3.21,4.08,2.46,1.55,2.89,1.41,True
206,Premier League (England),2024,2024-11-21 21:00:00,Pre-Team-10,Pre-Team-14,FINISHED,1.0,1.0,0.34,1.04,3.4,3.02,2.28,2.49,1.54,3.08,1.38,True
207,Premier League (England),2024,2024-11-21 18:00:00,Pre-Team-08,Pre-Team-03,FINISHED,0.0,1.0,0.78,1.16,3.92,2.95,2.16,2.76,1.46,3.47,1.31,True
208,Premier League (England),2024,2024-11-21 16:00:00,Pre-Team-12,Pre-Team-13,FINISHED,0.0,2.0,1.15,1.24,2.85,3.55,2.33,1.85,1.96,2.04,1.78,True
209,La Liga (Spain),2024,2024-11-21 13:00:00,La -Team-03,La -Team-10,FINISHED,0.0,4.0,1.3,2.0,3.78,4.53,1.75,1.44,2.84,1.4,3.02,True
210,La Liga (Spain),2024,2024-11-21 13:00:00,La -Team-08,La -Team-14,FINISHED,0.0,0.0,1.03,0.78,2.85,2.79,2.86,2.86,1.43,3.89,1.26,True
211,La Liga (Spain),2024,2024-11-21 13:00:00,La -Team-09,La -Team-01,FINISHED,0.0,0.0,1.78,1.5,2.46,4.27,2.39,1.38,3.07,1.39,3.08,True
212,La Liga (Spain),2024,2024-11-21 16:00:00,La -Team-04,La -Team-02,FINISHED,1.0,1.0,1.07,1.31,2.61,3.35,2.67,2.03,1.77,2.34,1.59,True
213,La Liga (Spain),2024,2024-11-21 16:00:00,La -Team-11,La -Team-12,FINISHED,3.0,1.0,1.02,0.99,3.49,3.01,2.29,2.61,1.51,3.2,1.35,True
214,La Liga (Spain),2024,2024-11-21 13:00:00,La -Team-05,La -Team-07,FINISHED,1.0,0.0,2.03,0.37,1.47,4.11,7.5,2.52,1.52,2.3,1.64,True
215,La Liga (Spain),2024,2024-11-21 16:00:00,La -Team-13,La -Team-16,FINISHED,0.0,1.0,1.44,0.71,1.89,3.37,4.34,2.37,1.59,2.65,1.49,True
216,La Liga (Spain),2024,2024-11-21 16:00:00,La -Team-06,La -Team-15,FINISHED,1.0,0.0,1.3,0.89,2.24,3.24,3.28,2.2,1.68,2.59,1.51,True
217,Serie A (Italy),2024,2024-11-21 13:00:00,Ser-Team-03,Ser-Team-07,FINISHED,1.0,0.0,1.36,1.38,2.27,3.61,2.89,1.78,2.04,1.96,1.87,True
218,Serie A (Italy),2024,2024-11-21 13:00:00,Ser-Team-14,Ser-Team-01,FINISHED,0.0,0.0,0.91,0.73,2.89,2.96,2.68,2.56,1.51,3.23,1.35,True
219,Serie A (Italy),2024,2024-11-21 18:00:00,Ser-Team-12,Ser-Team-09,FINISHED,1.0,2.0,2.14,0.46,1.97,3.38,3.9,2.23,1.67,2.47,1.54,True
220,Serie A (Italy),2024,2024-11-21 21:00:00,Ser-Team-13,Ser-Team-06,FINISHED,1.0,0.0,1.11,0.21,1.96,2.39,7.52,6.24,1.13,8.39,1.08,True
221,Serie A (Italy),2024,2024-11-21 21:00:00,Ser-Team-16,Ser-Team-15,FINISHED,1.0,0.0,1.44,1.16,2.82,3.47,2.39,1.87,1.92,2.11,1.73,True
222,Serie A (Italy),2024,2024-11-21 16:00:00,Ser-Team-04,Ser-Team-10,FINISHED,1.0,3.0,1.68,1.28,1.91,3.6,3.77,1.94,1.87,2.11,1.74,True
223,Serie A (Italy),2024,2024-11-21 13:00:00,Ser-Team-02,Ser-Team-11,FINISHED,2.0,0.0,1.12,0.65,1.76,3.34,5.32,2.74,1.46,2.99,1.4,True
224,Serie A (Italy),2024,2024-11-21 16:00:00,Ser-Team-08,Ser-Team-05,FINISHED,0.0,4.0,0.72,1.85,5.94,4.49,1.49,1.88,1.92,1.74,2.09,True
225,Bundesliga (Germany),2024,2024-11-21 13:00:00,Bun-Team-08,Bun-Team-15,FINISHED,0.0,1.0,0.36,1.18,7.3,2.92,1.72,4.23,1.23,4.67,1.21,True
226,Bundesliga (Germany),2024,2024-11-21 21:00:00,Bun-Team-07,Bun-Team-09,FINISHED,1.0,4.0,0.56,1.52,3.48,2.91,2.33,2.73,1.48,3.45,1.31,True
227,Bundesliga (Germany),2024,2024-11-21 21:00:00,Bun-Team-03,Bun-Team-16,FINISHED,0.0,1.0,0.99,0.75,2.7,2.83,2.99,2.79,1.45,3.73,1.28,True
228,Bundesliga (Germany),2024,2024-11-21 13:00:00,Bun-Team-14,Bun-Team-06,FINISHED,0.0,2.0,1.12,2.2,3.61,4.74,1.75,1.36,3.23,1.29,3.57,True
229,Bundesliga (Germany),2024,2024-11-21 21:00:00,Bun-Team-01,Bun-Team-02,FINISHED,2.0,0.0,1.46,0.78,2.02,3.45,3.64,2.1,1.75,2.36,1.6,True
230,Bundesliga (Germany),2024,2024-11-21 18:00:00,Bun-Team-10,Bun-Team-11,FINISHED,2.0,2.0,1.96,1.02,1.78,3.79,4.4,1.99,1.84,2.05,1.78,True
231,Bundesliga (Germany),2024,2024-11-21 21:00:00,Bun-Team-05,Bun-Team-13,FINISHED,0.0,1.0,1.42,1.17,2.02,3.64,3.42,1.85,1.95,2.02,1.81,True
232,Bundesliga (Germany),2024,2024-11-21 16:00:00,Bun-Team-12,Bun-Team-04,FINISHED,1.0,0.0,1.85,0.7,1.45,4.5,6.72,2.06,1.75,1.88,1.94,True
233,Ligue 1 (France),2024,2024-11-21 13:00:00,Lig-Team-06,Lig-Team-01,FINISHED,1.0,1.0,1.94,1.77,2.25,3.97,2.73,1.54,2.53,1.57,2.4,True
234,Ligue 1 (France),2024,2024-11-21 18:00:00,Lig-Team-02,Lig-Team-15,FINISHED,1.0,3.0,0.79,1.35,5.57,3.5,1.67,2.59,1.5,2.71,1.47,True
235,Ligue 1 (France),2024,2024-11-21 21:00:00,Lig-Team-16,Lig-Team-07,FINISHED,0.0,1.0,0.75,0.88,3.91,2.64,2.35,3.39,1.33,4.68,1.19,True
236,Ligue 1 (France),2024,2024-11-21 16:00:00,Lig-Team-04,Lig-Team-08,FINISHED,1.0,1.0,0.97,0.06,2.1,2.46,5.46,4.65,1.2,6.56,1.11,True
237,Ligue 1 (France),2024,2024-11-21 21:00:00,Lig-Team-13,Lig-Team-10,FINISHED,1.0,0.0,1.39,0.53,1.63,3.6,5.81,2.57,1.52,2.63,1.49,True
238,Ligue 1 (France),2024,2024-11-21 21:00:00,Lig-Team-05,Lig-Team-11,FINISHED,0.0,1.0,0.91,1.32,3.5,3.23,2.16,2.27,1.64,2.68,1.47,True
239,Ligue 1 (France),2024,2024-11-21 18:00:00,Lig-Team-09,Lig-Team-12,FINISHED,0.0,1.0,1.31,1.02,2.22,3.15,3.42,2.34,1.6,2.8,1.45,True
240,Ligue 1 (France),2024,2024-11-21 13:00:00,Lig-Team-03,Lig-Team-14,FINISHED,1.0,1.0,1.21,0.49,2.51,3.08,2.98,2.35,1.61,2.9,1.43,True
241,Premier League (England),2024,2024-11-27 13:00:00,Pre-Team-02,Pre-Team-11,FINISHED,0.0,2.0,1.31,1.09,1.95,3.6,3.74,1.98,1.83,2.14,1.71,True
242,Premier League (England),2024,2024-11-27 16:00:00,Pre-Team-12,Pre-Team-01,FINISHED,0.0,3.0,1.04,1.68,3.42,4.04,1.94,1.6,2.33,1.64,2.26,True
243,Premier League (England),2024,2024-11-27 21:00:00,Pre-Team-07,Pre-Team-09,FINISHED,1.0,1.0,0.8,1.57,3.02,3.58,2.21,1.8,1.99,1.97,1.86,True
244,Premier League (England),2024,2024-11-27 21:00:00,Pre-Team-13,Pre-Team-10,FINISHED,1.0,3.0,1.84,0.52,1.65,3.81,5.43,2.26,1.64,2.27,1.63,True
245,Premier League (England),2024,2024-11-27 16:00:00,Pre-Team-05,Pre-Team-15,FINISHED,2.0,1.0,1.28,0.96,2.09,3.05,3.92,2.67,1.48,3.26,1.35,True
246,Premier League (England),2024,2024-11-27 21:00:00,Pre-Team-04,Pre-Team-08,FINISHED,0.0,1.0,1.69,0.52,1.3,4.9,11.65,2.93,1.43,2.19,1.67,True
247,Premier League (England),2024,2024-11-27 21:00:00,Pre-Team-03,Pre-Team-06,FINISHED,1.0,1.0,1.43,1.03,2.13,3.3,3.45,2.14,1.71,2.48,1.54,True
248,Premier League (England),2024,2024-11-27 21:00:00,Pre-Team-14,Pre-Team-16,FINISHED,0.0,1.0,0.71,0.55,3.81,2.44,2.58,3.96,1.24,6.07,1.13,True
249,La Liga (Spain),2024,2024-11-27 18:00:00,La -Team-16,La -Team-15,FINISHED,1.0,0.0,1.04,1.21,3.52,3.25,2.12,2.21,1.67,2.59,1.51,True
250,La Liga (Spain),2024,2024-11-27 21:00:00,La -Team-09,La -Team-11,FINISHED,2.0,0.0,0.96,1.49,3.29,3.67,2.07,1.81,2.0,1.96,1.85,True
251,La Liga (Spain),2024,2024-11-27 18:00:00,La -Team-03,La -Team-12,FINISHED,1.0,2.0,1.23,2.3,6.82,5.5,1.37,1.62,2.29,1.41,2.96,True
252,La Liga (Spain),2024,2024-11-27 18:00:00,La -Team-10,La -Team-08,FINISHED,2.0,0.0,1.03,1.2,2.65,3.08,2.82,2.36,1.58,2.92,1.4,True
253,La Liga (Spain),2024,2024-11-27 18:00:00,La -Team-06,La -Team-14,FINISHED,2.0,0.0,0.81,1.0,3.24,3.21,2.28,2.27,1.64,2.71,1.45,True
254,La Liga (Spain),2024,2024-11-27 16:00:00,La -Team-13,La -Team-07,FINISHED,0.0,0.0,0.99,0.47,2.0,3.01,4.29,2.8,1.45,3.37,1.32,True
255,La Liga (Spain),2024,2024-11-27 13:00:00,La -Team-04,La -Team-05,FINISHED,2.0,2.0,0.74,1.28,3.8,3.0,2.14,2.64,1.51,3.21,1.35,True
256,La Liga (Spain),2024,2024-11-27 16:00:00,La -Team-02,La -Team-01,FINISHED,2.0,2.0,1.72,1.44,1.88,4.31,3.37,1.45,2.76,1.44,2.81,True
257,Serie A (Italy),2024,2024-11-27 18:00:00,Ser-Team-15,Ser-Team-13,FINISHED,2.0,0.0,0.72,0.98,2.98,2.9,2.66,2.66,1.47,3.48,1.3,True
258,Serie A (Italy),2024,2024-11-27 16:00:00,Ser-Team-01,Ser-Team-07,FINISHED,1.0,1.0,1.39,0.9,1.67,3.74,5.14,2.27,1.65,2.34,1.62,True
259,Serie A (Italy),2024,2024-11-27 18:00:00,Ser-Team-05,Ser-Team-06,FINISHED,0.0,0.0,0.83,0.21,1.73,2.57,10.36,6.88,1.1,7.38,1.09,True
260,Serie A (Italy),2024,2024-11-27 16:00:00,Ser-Team-16,Ser-Team-08,FINISHED,1.0,0.0,2.25,1.73,1.87,4.51,3.27,1.34,3.23,1.3,3.47,True
261,Serie A (Italy),2024,2024-11-27 18:00:00,Ser-Team-10,Ser-Team-04,FINISHED,0.0,1.0,1.28,1.53,2.71,3.46,2.49,1.92,1.87,2.16,1.7,True
262,Serie A (Italy),2024,2024-11-27 13:00:00,Ser-Team-03,Ser-Team-14,FINISHED,1.0,1.0,1.08,1.1,2.98,3.33,2.35,2.08,1.77,2.41,1.57,True
263,Serie A (Italy),2024,2024-11-27 16:00:00,Ser-Team-09,Ser-Team-12,FINISHED,1.0,0.0,1.32,1.22,2.84,3.22,2.52,2.16,1.71,2.55,1.51,True
264,Serie A (Italy),2024,2024-11-27 18:00:00,Ser-Team-02,Ser-Team-11,FINISHED,2.0,1.0,1.04,0.66,1.74,3.35,5.33,2.71,1.45,2.96,1.4,True
265,Bundesliga (Germany),2024,2024-11-27 16:00:00,Bun-Team-10,Bun-Team-06,FINISHED,1.0,1.0,1.03,1.33,3.15,3.51,2.2,1.92,1.89,2.16,1.74,True
266,Bundesliga (Germany),2024,2024-11-27 13:00:00,Bun-Team-14,Bun-Team-07,FINISHED,1.0,0.0,1.57,1.67,2.43,4.06,2.45,1.46,2.72,1.49,2.65,True
267,Bundesliga (Germany),2024,2024-11-27 18:00:00,Bun-Team-04,Bun-Team-11,FINISHED,3.0,0.0,1.57,1.02,2.14,3.77,3.09,1.7,2.17,1.81,2.03,True
268,Bundesliga (Germany),2024,2024-11-27 21:00:00,Bun-Team-13,Bun-Team-15,FINISHED,1.0,0.0,0.86,1.44,3.96,3.61,1.89,2.02,1.78,2.21,1.7,True
269,Bundesliga (Germany),2024,2024-11-27 13:00:00,Bun-Team-16,Bun-Team-08,FINISHED,0.0,1.0,1.03,0.3,2.32,2.6,4.07,3.53,1.3,4.89,1.19,True
270,Bundesliga (Germany),2024,2024-11-27 13:00:00,Bun-Team-03,Bun-Team-12,FINISHED,1.0,2.0,0.91,0.99,5.62,3.46,1.7,2.6,1.5,2.75,1.46,True
271,Bundesliga (Germany),2024,2024-11-27 21:00:00,Bun-Team-05,Bun-Team-09,FINISHED,0.0,2.0,0.5,1.22,3.54,2.71,2.45,3.12,1.38,4.18,1.24,True
272,Bundesliga (Germany),2024,2024-11-27 21:00:00,Bun-Team-01,Bun-Team-02,FINISHED,0.0,1.0,1.49,1.3,2.0,3.46,3.65,2.08,1.75,2.36,1.6,True
273,Ligue 1 (France),2024,2024-11-27 21:00:00,Lig-Team-07,Lig-Team-06,FINISHED,4.0,0.0,1.65,0.92,1.58,4.21,5.21,1.9,1.91,1.85,1.96,True
274,Ligue 1 (France),2024,2024-11-27 21:00:00,Lig-Team-15,Lig-Team-04,FINISHED,1.0,0.0,1.31,0.9,1.88,3.2,4.68,2.69,1.47,3.04,1.38,True
275,Ligue 1 (France),2024,2024-11-27 21:00:00,Lig-Team-09,Lig-Team-12,FINISHED,3.0,2.0,1.55,0.74,2.23,3.17,3.42,2.35,1.6,2.82,1.46,True
276,Ligue 1 (France),2024,2024-11-27 18:00:00,Lig-Team-08,Lig-Team-02,FINISHED,0.0,0.0,0.68,0.79,2.8,2.37,3.59,4.26,1.24,6.72,1.1,True
277,Ligue 1 (France),2024,2024-11-27 21:00:00,Lig-Team-05,Lig-Team-13,FINISHED,1.0,4.0,0.75,0.75,2.78,2.89,2.84,2.69,1.46,3.48,1.31,True
278,Ligue 1 (France),2024,2024-11-27 18:00:00,Lig-Team-16,Lig-Team-01,FINISHED,1.0,3.0,0.69,0.95,2.6,2.9,2.98,2.64,1.5,3.37,1.32,True
279,Ligue 1 (France),2024,2024-11-27 13:00:00,Lig-Team-14,Lig-Team-11,FINISHED,1.0,2.0,1.06,1.07,2.9,3.6,2.31,1.83,1.99,2.0,1.8,True
280,Ligue 1 (France),2024,2024-11-27 13:00:00,Lig-Team-10,Lig-Team-03,FINISHED,0.0,1.0,0.82,1.21,3.86,2.98,2.17,2.73,1.46,3.39,1.32,True
281,Premier League (England),2024,2024-11-28 21:00:00,Pre-Team-09,Pre-Team-08,FINISHED,0.0,2.0,1.11,0.77,1.98,2.81,5.12,3.55,1.3,4.57,1.2,True
282,Premier League (England),2024,2024-11-28 18:00:00,Pre-Team-16,Pre-Team-06,FINISHED,3.0,1.0,1.17,0.57,1.93,2.98,4.86,3.09,1.38,3.69,1.28,True
283,Premier League (England),2024,2024-11-28 13:00:00,Pre-Team-12,Pre-Team-01,FINISHED,2.0,0.0,1.23,1.85,3.4,3.99,1.93,1.61,2.31,1.64,2.25,True
284,Premier League (England),2024,2024-11-28 16:00:00,Pre-Team-13,Pre-Team-10,FINISHED,0.0,2.0,1.82,1.04,1.63,3.78,5.42,2.26,1.65,2.27,1.64,True
285,Premier League (England),2024,2024-11-28 18:00:00,Pre-Team-14,Pre-Team-03,FINISHED,0.0,0.0,0.64,0.92,2.72,2.83,2.95,2.75,1.45,3.65,1.3,True
286,Premier League (England),2024,2024-11-28 18:00:00,Pre-Team-02,Pre-Team-15,FINISHED,2.0,0.0,1.38,0.73,1.62,3.63,6.24,2.65,1.47,2.7,1.49,True
287,Premier League (England),2024,2024-11-28 21:00:00,Pre-Team-05,Pre-Team-04,FINISHED,2.0,1.0,1.01,0.95,3.53,3.2,2.13,2.31,1.63,2.68,1.48,True
288,Premier League (England),2024,2024-11-28 13:00:00,Pre-Team-11,Pre-Team-07,FINISHED,0.0,3.0,3.43,0.83,1.23,7.31,9.36,1.48,2.68,1.21,4.69,True
289,La Liga (Spain),2024,2024-11-28 13:00:00,La -Team-09,La -Team-12,FINISHED,1.0,0.0,1.06,2.21,5.69,4.94,1.47,1.62,2.27,1.49,2.64,True
290,La Liga (Spain),2024,2024-11-28 16:00:00,La -Team-01,La -Team-03,FINISHED,4.0,3.0,2.19,1.28,1.62,4.88,4.13,1.38,3.06,1.3,3.5,True
291,La Liga (Spain),2024,2024-11-28 18:00:00,La -Team-06,La -Team-16,FINISHED,0.0,0.0,1.6,0.57,1.63,3.89,5.46,2.18,1.72,2.16,1.71,True
292,La Liga (Spain),2024,2024-11-28 18:00:00,La -Team-14,La -Team-02,FINISHED,1.0,0.0,1.83,1.01,1.62,4.24,4.91,1.81,2.01,1.77,2.07,True
293,La Liga (Spain),2024,2024-11-28 21:00:00,La -Team-07,La -Team-04,FINISHED,1.0,1.0,0.55,0.71,3.24,2.62,2.74,3.35,1.33,4.81,1.19,True
294,La Liga (Spain),2024,2024-11-28 13:00:00,La -Team-10,La -Team-11,FINISHED,2.0,1.0,1.05,0.68,2.36,3.13,3.19,2.36,1.62,2.85,1.43,True
295,La Liga (Spain),2024,2024-11-28 21:00:00,La -Team-13,La -Team-05,FINISHED,1.0,1.0,1.01,1.24,3.58,3.31,2.1,2.19,1.69,2.53,1.52,True
296,La Liga (Spain),2024,2024-11-28 18:00:00,La -Team-15,La -Team-08,FINISHED,0.0,1.0,0.68,0.72,3.07,2.83,2.64,2.79,1.44,3.67,1.29,True
297,Serie A (Italy),2024,2024-11-28 16:00:00,Ser-Team-10,Ser-Team-04,FINISHED,2.0,2.0,1.07,1.13,2.7,3.45,2.49,1.91,1.9,2.15,1.7,True
298,Serie A (Italy),2024,2024-11-28 13:00:00,Ser-Team-16,Ser-Team-11,FINISHED,0.0,0.0,1.37,1.1,2.64,3.5,2.55,1.88,1.94,2.09,1.75,True
299,Serie A (Italy),2024,2024-11-28 18:00:00,Ser-Team-15,Ser-Team-03,FINISHED,2.0,1.0,1.14,1.25,2.65,3.41,2.61,1.97,1.83,2.26,1.66,True
300,Serie A (Italy),2024,2024-11-28 13:00:00,Ser-Team-06,Ser-Team-07,FINISHED,0.0,0.0,0.59,0.96,5.14,2.43,2.2,4.67,1.2,6.71,1.11,True
301,Serie A (Italy),2024,2024-11-28 16:00:00,Ser-Team-01,Ser-Team-02,FINISHED,1.0,1.0,0.97,1.06,2.05,3.04,4.03,2.67,1.48,3.25,1.34,True
302,Serie A (Italy),2024,2024-11-28 21:00:00,Ser-Team-12,Ser-Team-08,FINISHED,2.0,2.0,3.12,0.93,1.22,7.08,10.41,1.66,2.26,1.28,3.69,True
303,Serie A (Italy),2024,2024-11-28 21:00:00,Ser-Team-14,Ser-Team-09,FINISHED,2.0,0.0,1.43,0.94,2.14,3.03,3.81,2.64,1.5,3.24,1.34,True
304,Serie A (Italy),2024,2024-11-28 18:00:00,Ser-Team-05,Ser-Team-13,FINISHED,2.0,1.0,1.22,0.55,2.07,2.83,4.41,3.18,1.35,4.0,1.25,True
305,Bundesliga (Germany),2024,2024-11-28 21:00:00,Bun-Team-05,Bun-Team-09,FINISHED,0.0,2.0,0.34,1.0,3.54,2.73,2.44,3.07,1.38,4.21,1.23,True
306,Bundesliga (Germany),2024,2024-11-28 18:00:00,Bun-Team-04,Bun-Team-13,FINISHED,4.0,1.0,1.34,1.28,2.61,3.84,2.39,1.61,2.34,1.69,2.14,True
307,Bundesliga (Germany),2024,2024-11-28 21:00:00,Bun-Team-01,Bun-Team-15,FINISHED,3.0,2.0,0.85,0.97,3.37,2.98,2.32,2.52,1.53,3.18,1.37,True
308,Bundesliga (Germany),2024,2024-11-28 13:00:00,Bun-Team-03,Bun-Team-14,FINISHED,0.0,2.0,1.43,1.34,3.13,3.7,2.14,1.75,2.09,1.88,1.92,True
309,Bundesliga (Germany),2024,2024-11-28 21:00:00,Bun-Team-16,Bun-Team-12,FINISHED,0.0,1.0,0.88,0.96,4.93,3.59,1.73,2.3,1.62,2.42,1.58,True
310,Bundesliga (Germany),2024,2024-11-28 13:00:00,Bun-Team-02,Bun-Team-08,FINISHED,0.0,0.0,1.19,0.44,1.81,3.08,5.55,3.2,1.37,3.69,1.28,True
311,Bundesliga (Germany),2024,2024-11-28 18:00:00,Bun-Team-11,Bun-Team-07,FINISHED,1.0,1.0,1.16,1.82,3.05,3.74,2.17,1.74,2.11,1.87,1.95,True
312,Bundesliga (Germany),2024,2024-11-28 18:00:00,Bun-Team-10,Bun-Team-06,FINISHED,0.0,2.0,1.14,1.52,3.13,3.52,2.18,1.92,1.89,2.13,1.73,True
313,Ligue 1 (France),2024,2024-11-28 21:00:00,Lig-Team-10,Lig-Team-06,FINISHED,1.0,2.0,1.34,1.84,3.73,4.07,1.82,1.65,2.28,1.66,2.24,True
314,Ligue 1 (France),2024,2024-11-28 13:00:00,Lig-Team-04,Lig-Team-03,FINISHED,1.0,1.0,0.64,0.41,2.38,2.46,4.3,4.13,1.24,6.09,1.12,True
315,Ligue 1 (France),2024,2024-11-28 16:00:00,Lig-Team-05,Lig-Team-15,FINISHED,1.0,1.0,1.16,1.52,4.65,3.77,1.74,2.07,1.77,2.14,1.72,True
316,Ligue 1 (France),2024,2024-11-28 18:00:00,Lig-Team-16,Lig-Team-14,FINISHED,0.0,1.0,1.0,0.97,2.54,3.0,2.98,2.45,1.55,3.1,1.37,True
317,Ligue 1 (France),2024,2024-11-28 16:00:00,Lig-Team-08,Lig-Team-12,FINISHED,0.0,3.0,0.56,1.23,4.03,2.8,2.19,3.1,1.38,4.05,1.24,True
318,Ligue 1 (France),2024,2024-11-28 18:00:00,Lig-Team-01,Lig-Team-09,FINISHED,0.0,1.0,0.98,0.84,3.05,3.28,2.34,2.09,1.75,2.42,1.56,True
319,Ligue 1 (France),2024,2024-11-28 21:00:00,Lig-Team-07,Lig-Team-13,FINISHED,0.0,0.0,1.56,0.48,1.89,3.08,4.86,2.93,1.41,3.47,1.32,True
320,Ligue 1 (France),2024,2024-11-28 21:00:00,Lig-Team-02,Lig-Team-11,FINISHED,1.0,2.0,0.95,1.19,4.16,2.96,2.07,2.86,1.45,3.55,1.3,True
321,Premier League (England),2024,2024-12-04 13:00:00,Pre-Team-14,Pre-Team-06,FINISHED,2.0,0.0,1.22,0.44,2.5,2.86,3.27,2.75,1.45,3.62,1.29,True
322,Premier League (England),2024,2024-12-04 16:00:00,Pre-Team-07,Pre-Team-02,FINISHED,2.0,1.0,0.89,2.33,6.62,5.0,1.41,1.79,2.06,1.57,2.45,True
323,Premier League (England),2024,2024-12-04 21:00:00,Pre-Team-08,Pre-Team-12,FINISHED,2.0,2.0,0.92,1.1,2.89,3.29,2.45,2.11,1.75,2.44,1.54,True
324,Premier League (England),2024,2024-12-04 18:00:00,Pre-Team-13,Pre-Team-15,FINISHED,1.0,2.0,1.25,0.86,2.23,3.08,3.47,2.5,1.53,3.09,1.37,True
325,Premier League (England),2024,2024-12-04 18:00:00,Pre-Team-09,Pre-Team-05,FINISHED,2.0,0.0,0.55,0.48,3.01,2.67,2.85,3.15,1.38,4.35,1.22,True
326,Premier League (England),2024,2024-12-04 21:00:00,Pre-Team-03,Pre-Team-16,FINISHED,0.0,0.0,0.7,0.57,3.23,2.76,2.58,2.97,1.4,4.04,1.25,True
327,Premier League (England),2024,2024-12-04 21:00:00,Pre-Team-10,Pre-Team-11,FINISHED,3.0,2.0,0.98,1.8,5.67,4.67,1.5,1.73,2.1,1.59,2.36,True
328,Premier League (England),2024,2024-12-04 21:00:00,Pre-Team-01,Pre-Team-04,FINISHED,1.0,1.0,1.01,1.58,3.17,3.58,2.14,1.83,1.98,2.02,1.81,True
329,La Liga (Spain),2024,2024-12-04 13:00:00,La -Team-06,La -Team-05,FINISHED,0.0,1.0,1.24,1.13,2.97,3.41,2.35,1.96,1.84,2.21,1.66,True
330,La Liga (Spain),2024,2024-12-04 18:00:00,La -Team-02,La -Team-11,FINISHED,1.0,1.0,1.44,1.02,2.5,3.47,2.72,1.93,1.91,2.13,1.71,True
331,La Liga (Spain),2024,2024-12-04 18:00:00,La -Team-15,La -Team-01,FINISHED,0.0,0.0,1.01,1.1,2.07,3.58,3.44,1.95,1.89,2.12,1.75,True
332,La Liga (Spain),2024,2024-12-04 21:00:00,La -Team-12,La -Team-13,FINISHED,1.0,1.0,1.61,0.88,1.53,3.89,6.61,2.5,1.54,2.4,1.58,True
333,La Liga (Spain),2024,2024-12-04 16:00:00,La -Team-14,La -Team-10,FINISHED,0.0,0.0,1.3,1.2,1.88,3.53,4.13,2.13,1.71,2.36,1.61,True
334,La Liga (Spain),2024,2024-12-04 21:00:00,La -Team-04,La -Team-07,FINISHED,0.0,0.0,1.0,0.62,2.18,2.72,4.3,3.4,1.33,4.48,1.21,True
335,La Liga (Spain),2024,2024-12-04 21:00:00,La -Team-03,La -Team-09,FINISHED,2.0,0.0,1.9,2.32,2.24,4.82,2.48,1.2,4.49,1.17,5.11,True
336,La Liga (Spain),2024,2024-12-04 18:00:00,La -Team-16,La -Team-08,FINISHED,1.0,3.0,0.72,1.45,4.63,3.19,1.86,2.68,1.49,3.06,1.39,True
337,Serie A (Italy),2024,2024-12-04 21:00:00,Ser-Team-03,Ser-Team-12,FINISHED,2.0,1.0,1.35,1.51,3.03,3.68,2.21,1.77,2.07,1.92,1.9,True
338,Serie A (Italy),2024,2024-12-04 21:00:00,Ser-Team-01,Ser-Team-10,FINISHED,2.0,2.0,1.31,0.91,1.81,3.87,4.0,1.84,1.98,1.9,1.91,True
339,Serie A (Italy),2024,2024-12-04 21:00:00,Ser-Team-02,Ser-Team-16,FINISHED,1.0,2.0,2.08,0.64,1.46,4.33,6.85,2.2,1.67,2.0,1.81,True
340,Serie A (Italy),2024,2024-12-04 16:00:00,Ser-Team-05,Ser-Team-14,FINISHED,1.0,2.0,1.17,0.92,2.41,2.79,3.51,2.95,1.41,3.97,1.26,True
341,Serie A (Italy),2024,2024-12-04 21:00:00,Ser-Team-04,Ser-Team-06,FINISHED,3.0,1.0,1.26,0.12,1.65,2.77,11.16,6.49,1.12,6.32,1.12,True
342,Serie A (Italy),2024,2024-12-04 13:00:00,Ser-Team-08,Ser-Team-07,FINISHED,1.0,3.0,1.15,1.8,3.8,4.41,1.78,1.48,2.65,1.45,2.72,True
343,Serie A (Italy),2024,2024-12-04 16:00:00,Ser-Team-15,Ser-Team-13,FINISHED,0.0,1.0,0.98,0.85,2.95,2.89,2.66,2.66,1.49,3.46,1.31,True
344,Serie A (Italy),2024,2024-12-04 18:00:00,Ser-Team-09,Ser-Team-11,FINISHED,2.0,1.0,1.39,1.03,1.9,3.25,4.46,2.55,1.54,2.89,1.42,True
345,Bundesliga (Germany),2024,2024-12-04 18:00:00,Bun-Team-07,Bun-Team-10,FINISHED,0.0,0.0,1.32,1.21,2.29,3.22,3.14,2.2,1.69,2.62,1.51,True
346,Bundesliga (Germany),2024,2024-12-04 21:00:00,Bun-Team-05,Bun-Team-11,FINISHED,2.0,0.0,1.89,1.01,1.72,3.8,4.53,2.0,1.82,2.05,1.76,True
347,Bundesliga (Germany),2024,2024-12-04 13:00:00,Bun-Team-12,Bun-Team-06,FINISHED,2.0,2.0,1.16,1.32,2.22,3.68,2.99,1.73,2.12,1.86,1.95,True
348,Bundesliga (Germany),2024,2024-12-04 18:00:00,Bun-Team-16,Bun-Team-03,FINISHED,2.0,1.0,1.05,0.74,2.33,2.86,3.58,2.81,1.43,3.68,1.3,True
349,Bundesliga (Germany),2024,2024-12-04 21:00:00,Bun-Team-01,Bun-Team-13,FINISHED,1.0,1.0,1.77,1.15,1.88,3.89,3.67,1.74,2.1,1.81,2.02,True
350,Bundesliga (Germany),2024,2024-12-04 18:00:00,Bun-Team-09,Bun-Team-02,FINISHED,1.0,0.0,1.2,0.83,1.78,3.24,5.31,2.85,1.43,3.17,1.37,True
351,Bundesliga (Germany),2024,2024-12-04 21:00:00,Bun-Team-08,Bun-Team-15,FINISHED,0.0,2.0,0.23,1.3,7.35,2.93,1.72,4.2,1.23,4.61,1.2,True
352,Bundesliga (Germany),2024,2024-12-04 13:00:00,Bun-Team-14,Bun-Team-04,FINISHED,0.0,3.0,1.85,1.58,1.82,4.43,3.58,1.44,2.78,1.43,2.86,True
353,Ligue 1 (France),2024,2024-12-04 13:00:00,Lig-Team-16,Lig-Team-08,FINISHED,0.0,0.0,0.74,0.65,2.39,2.41,4.39,4.27,1.22,6.51,1.12,True
354,Ligue 1 (France),2024,2024-12-04 13:00:00,Lig-Team-12,Lig-Team-13,FINISHED,1.0,0.0,1.09,0.7,2.04,3.12,4.04,2.54,1.53,3.0,1.39,True
355,Ligue 1 (France),2024,2024-12-04 18:00:00,Lig-Team-01,Lig-Team-06,FINISHED,2.0,0.0,1.93,1.34,2.02,4.04,3.17,1.53,2.51,1.57,2.44,True
356,Ligue 1 (France),2024,2024-12-04 13:00:00,Lig-Team-09,Lig-Team-10,FINISHED,2.0,0.0,1.85,0.84,1.35,4.65,9.08,2.54,1.54,2.11,1.74,True
357,Ligue 1 (France),2024,2024-12-04 18:00:00,Lig-Team-07,Lig-Team-02,FINISHED,3.0,0.0,1.25,0.41,1.69,3.1,6.9,3.63,1.3,3.87,1.27,True
358,Ligue 1 (France),2024,2024-12-04 18:00:00,Lig-Team-15,Lig-Team-05,FINISHED,1.0,0.0,1.82,1.06,1.43,4.48,7.13,2.17,1.72,1.94,1.87,True
359,Ligue 1 (France),2024,2024-12-04 18:00:00,Lig-Team-14,Lig-Team-11,FINISHED,1.0,2.0,1.59,1.09,2.88,3.6,2.31,1.81,1.99,2.01,1.82,True
360,Ligue 1 (France),2024,2024-12-04 21:00:00,Lig-Team-04,Lig-Team-03,FINISHED,1.0,1.0,0.79,0.25,2.37,2.43,4.33,4.08,1.24,6.12,1.11,True
361,Premier League (England),2024,2024-12-05 16:00:00,Pre-Team-08,Pre-Team-13,FINISHED,0.0,1.0,0.5,1.3,3.99,2.79,2.2,3.06,1.38,4.08,1.24,True
362,Premier League (England),2024,2024-12-05 21:00:00,Pre-Team-06,Pre-Team-02,FINISHED,0.0,0.0,0.9,0.99,4.33,3.29,1.9,2.44,1.55,2.77,1.46,True
363,Premier League (England),2024,2024-12-05 18:00:00,Pre-Team-15,Pre-Team-16,FINISHED,0.0,1.0,0.54,1.1,3.6,2.7,2.42,3.15,1.36,4.29,1.23,True
364,Premier League (England),2024,2024-12-05 21:00:00,Pre-Team-01,Pre-Team-14,FINISHED,0.0,0.0,1.32,0.64,1.95,3.18,4.28,2.59,1.52,3.02,1.39,True
365,Premier League (England),2024,2024-12-05 18:00:00,Pre-Team-12,Pre-Team-03,FINISHED,1.0,1.0,1.61,1.56,2.8,3.73,2.3,1.7,2.16,1.82,1.99,True
366,Premier League (England),2024,2024-12-05 13:00:00,Pre-Team-11,Pre-Team-10,FINISHED,3.0,1.0,2.57,0.92,1.26,6.08,9.56,1.83,1.95,1.46,2.73,True
367,Premier League (England),2024,2024-12-05 21:00:00,Pre-Team-07,Pre-Team-09,FINISHED,1.0,2.0,1.27,1.49,3.03,3.63,2.19,1.81,2.03,1.97,1.86,True
368,Premier League (England),2024,2024-12-05 18:00:00,Pre-Team-04,Pre-Team-05,FINISHED,0.0,2.0,1.79,0.68,1.72,3.58,5.0,2.36,1.59,2.5,1.54,True
369,La Liga (Spain),2024,2024-12-05 16:00:00,La -Team-13,La -Team-01,FINISHED,0.0,1.0,1.13,1.32,2.29,3.42,3.03,1.99,1.82,2.26,1.65,True
370,La Liga (Spain),2024,2024-12-05 21:00:00,La -Team-09,La -Team-04,FINISHED,0.0,1.0,1.45,1.35,2.53,3.43,2.68,1.93,1.89,2.18,1.7,True
371,La Liga (Spain),2024,2024-12-05 18:00:00,La -Team-15,La -Team-03,FINISHED,0.0,3.0,2.06,1.04,1.58,4.52,4.79,1.63,2.33,1.56,2.46,True
372,La Liga (Spain),2024,2024-12-05 18:00:00,La -Team-12,La -Team-14,FINISHED,1.0,1.0,0.83,0.8,2.14,3.2,3.51,2.33,1.62,2.75,1.46,True
373,La Liga (Spain),2024,2024-12-05 18:00:00,La -Team-11,La -Team-07,FINISHED,0.0,0.0,1.05,0.86,1.77,3.05,5.68,3.25,1.35,3.67,1.29,True
374,La Liga (Spain),2024,2024-12-05 13:00:00,La -Team-05,La -Team-10,FINISHED,0.0,1.0,1.63,0.99,1.9,3.71,3.78,1.85,1.97,1.96,1.85,True
375,La Liga (Spain),2024,2024-12-05 21:00:00,La -Team-16,La -Team-08,FINISHED,0.0,1.0,0.94,1.19,4.66,3.22,1.87,2.68,1.49,3.07,1.37,True
376,La Liga (Spain),2024,2024-12-05 18:00:00,La -Team-02,La -Team-06,FINISHED,0.0,0.0,1.61,1.72,2.27,3.87,2.74,1.61,2.36,1.68,2.22,True
377,Serie A (Italy),2024,2024-12-05 18:00:00,Ser-Team-06,Ser-Team-04,FINISHED,0.0,0.0,0.24,0.96,7.96,2.45,1.91,6.17,1.13,7.8,1.09,True
378,Serie A (Italy),2024,2024-12-05 16:00:00,Ser-Team-13,Ser-Team-03,FINISHED,0.0,1.0,1.27,0.94,2.21,3.28,3.28,2.15,1.68,2.5,1.53,True
379,Serie A (Italy),2024,2024-12-05 13:00:00,Ser-Team-09,Ser-Team-02,FINISHED,0.0,0.0,0.8,1.52,2.81,2.9,2.82,2.71,1.47,3.51,1.31,True
380,Serie A (Italy),2024,2024-12-05 13:00:00,Ser-Team-07,Ser-Team-05,FINISHED,1.0,0.0,0.73,0.99,3.18,3.02,2.41,2.48,1.55,3.06,1.38,True
381,Serie A (Italy),2024,2024-12-05 18:00:00,Ser-Team-08,Ser-Team-15,FINISHED,0.0,5.0,1.09,1.52,3.0,3.92,2.12,1.59,2.34,1.66,2.23,True
382,Serie A (Italy),2024,2024-12-05 21:00:00,Ser-Team-16,Ser-Team-12,FINISHED,1.0,1.0,1.13,2.12,4.96,4.32,1.59,1.76,2.09,1.7,2.18,True
383,Serie A (Italy),2024,2024-12-05 13:00:00,Ser-Team-11,Ser-Team-14,FINISHED,0.0,1.0,0.54,1.26,3.91,3.09,2.07,2.59,1.51,3.08,1.38,True
384,Serie A (Italy),2024,2024-12-05 18:00:00,Ser-Team-10,Ser-Team-01,FINISHED,4.0,3.0,1.45,0.94,2.82,3.59,2.34,1.8,2.02,1.98,1.85,True
385,Bundesliga (Germany),2024,2024-12-05 21:00:00,Bun-Team-09,Bun-Team-15,FINISHED,1.0,1.0,0.64,1.06,2.78,2.55,3.2,3.46,1.31,5.01,1.18,True
386,Bundesliga (Germany),2024,2024-12-05 18:00:00,Bun-Team-01,Bun-Team-13,FINISHED,1.0,1.0,1.63,1.34,1.87,3.88,3.65,1.73,2.1,1.8,2.04,True
387,Bundesliga (Germany),2024,2024-12-05 18:00:00,Bun-Team-08,Bun-Team-14,FINISHED,2.0,2.0,0.95,1.16,3.57,3.43,2.06,2.06,1.76,2.31,1.6,True
388,Bundesliga (Germany),2024,2024-12-05 13:00:00,Bun-Team-11,Bun-Team-10,FINISHED,1.0,2.0,1.48,1.54,3.1,3.45,2.23,1.93,1.89,2.15,1.71,True
389,Bundesliga (Germany),2024,2024-12-05 21:00:00,Bun-Team-04,Bun-Team-03,FINISHED,0.0,1.0,1.85,0.97,2.07,3.17,3.87,2.42,1.57,2.86,1.42,True
390,Bundesliga (Germany),2024,2024-12-05 13:00:00,Bun-Team-07,Bun-Team-12,FINISHED,0.0,0.0,0.93,1.28,3.1,3.46,2.25,1.97,1.85,2.22,1.66,True
391,Bundesliga (Germany),2024,2024-12-05 16:00:00,Bun-Team-06,Bun-Team-16,FINISHED,3.0,0.0,2.04,0.63,1.38,4.84,7.85,2.12,1.72,1.81,2.0,True
392,Bundesliga (Germany),2024,2024-12-05 16:00:00,Bun-Team-02,Bun-Team-05,FINISHED,1.0,1.0,1.19,0.98,2.55,3.19,2.82,2.24,1.67,2.69,1.47,True
393,Ligue 1 (France),2024,2024-12-05 21:00:00,Lig-Team-12,Lig-Team-11,FINISHED,1.0,0.0,1.26,1.14,2.39,3.27,2.94,2.09,1.71,2.48,1.54,True
394,Ligue 1 (France),2024,2024-12-05 18:00:00,Lig-Team-10,Lig-Team-03,FINISHED,0.0,1.0,0.7,1.15,3.87,2.97,2.18,2.74,1.48,3.4,1.32,True
395,Ligue 1 (France),2024,2024-12-05 13:00:00,Lig-Team-04,Lig-Team-15,FINISHED,1.0,1.0,0.58,1.09,3.37,3.01,2.33,2.6,1.51,3.27,1.36,True
396,Ligue 1 (France),2024,2024-12-05 16:00:00,Lig-Team-08,Lig-Team-05,FINISHED,2.0,0.0,1.09,0.79,2.91,2.62,3.01,3.29,1.34,4.64,1.19,True
397,Ligue 1 (France),2024,2024-12-05 21:00:00,Lig-Team-01,Lig-Team-07,FINISHED,1.0,0.0,0.78,0.84,3.34,3.24,2.21,2.22,1.65,2.64,1.49,True
398,Ligue 1 (France),2024,2024-12-05 13:00:00,Lig-Team-02,Lig-Team-06,FINISHED,1.0,1.0,1.27,1.28,2.9,3.29,2.44,2.09,1.75,2.46,1.56,True
399,Ligue 1 (France),2024,2024-12-05 18:00:00,Lig-Team-09,Lig-Team-16,FINISHED,4.0,0.0,1.2,0.92,1.98,2.9,4.83,3.18,1.35,4.02,1.25,True
400,Ligue 1 (France),2024,2024-12-05 16:00:00,Lig-Team-14,Lig-Team-13,FINISHED,1.0,1.0,1.25,1.03,2.32,3.29,3.1,2.12,1.73,2.48,1.55,True
401,Premier League (England),2024,2024-12-11 16:00:00,Pre-Team-09,Pre-Team-15,FINISHED,2.0,3.0,1.18,0.83,2.45,2.85,3.32,2.83,1.43,3.71,1.28,True
402,Premier League (England),2024,2024-12-11 16:00:00,Pre-Team-06,Pre-Team-04,FINISHED,2.0,0.0,0.88,1.23,4.42,3.72,1.77,2.04,1.78,2.14,1.72,True
403,Premier League (England),2024,2024-12-11 21:00:00,Pre-Team-13,Pre-Team-10,FINISHED,0.0,1.0,1.8,0.65,1.64,3.81,5.41,2.28,1.65,2.28,1.63,True
404,Premier League (England),2024,2024-12-11 21:00:00,Pre-Team-01,Pre-Team-16,FINISHED,2.0,0.0,0.66,0.51,2.72,2.87,2.93,2.71,1.48,3.52,1.29,True
405,Premier League (England),2024,2024-12-11 18:00:00,Pre-Team-02,Pre-Team-07,FINISHED,1.0,0.0,2.55,0.61,1.21,6.71,11.45,1.92,1.89,1.43,2.86,True
406,Premier League (England),2024,2024-12-11 21:00:00,Pre-Team-05,Pre-Team-12,FINISHED,0.0,0.0,1.53,0.83,1.74,3.85,4.59,2.0,1.84,2.04,1.78,True
407,Premier League (England),2024,2024-12-11 16:00:00,Pre-Team-08,Pre-Team-14,FINISHED,0.0,2.0,0.55,0.67,3.75,2.52,2.52,3.62,1.28,5.31,1.16,True
408,Premier League (England),2024,2024-12-11 21:00:00,Pre-Team-11,Pre-Team-03,FINISHED,0.0,0.0,1.66,0.49,1.71,4.01,4.37,1.83,2.01,1.85,1.96,True
409,La Liga (Spain),2024,2024-12-11 18:00:00,La -Team-09,La -Team-11,FINISHED,2.0,3.0,1.3,1.47,3.29,3.66,2.08,1.8,2.01,1.95,1.85,True
410,La Liga (Spain),2024,2024-12-11 13:00:00,La -Team-13,La -Team-03,FINISHED,4.0,3.0,1.7,1.06,1.75,4.17,4.05,1.66,2.24,1.66,2.26,True
411,La Liga (Spain),2024,2024-12-11 21:00:00,La -Team-02,La -Team-12,FINISHED,0.0,2.0,1.0,1.69,3.82,4.08,1.81,1.64,2.26,1.66,2.24,True
412,La Liga (Spain),2024,2024-12-11 18:00:00,La -Team-15,La -Team-16,FINISHED,0.0,0.0,1.61,0.68,1.71,3.61,4.99,2.3,1.64,2.39,1.57,True
413,La Liga (Spain),2024,2024-12-11 16:00:00,La -Team-06,La -Team-01,FINISHED,2.0,1.0,1.67,0.83,1.93,3.76,3.66,1.81,1.99,1.91,1.88,True
414,La Liga (Spain),2024,2024-12-11 13:00:00,La -Team-05,La -Team-07,FINISHED,2.0,1.0,1.79,0.66,1.45,4.16,7.63,2.52,1.52,2.29,1.63,True
415,La Liga (Spain),2024,2024-12-11 21:00:00,La -Team-10,La -Team-08,FINISHED,1.0,1.0,1.3,0.78,2.62,3.08,2.8,2.39,1.59,2.94,1.41,True
416,La Liga (Spain),2024,2024-12-11 13:00:00,La -Team-14,La -Team-04,FINISHED,2.0,0.0,0.88,0.64,1.76,3.12,5.89,3.23,1.34,3.65,1.3,True
417,Serie A (Italy),2024,2024-12-11 16:00:00,Ser-Team-13,Ser-Team-09,FINISHED,0.0,0.0,0.82,0.92,2.55,2.87,3.13,2.74,1.47,3.56,1.29,True
418,Serie A (Italy),2024,2024-12-11 16:00:00,Ser-Team-08,Ser-Team-14,FINISHED,0.0,0.0,1.04,2.03,5.37,4.53,1.52,1.75,2.11,1.63,2.29,True
419,Serie A (Italy),2024,2024-12-11 18:00:00,Ser-Team-02,Ser-Team-05,FINISHED,0.0,0.0,0.89,0.63,2.75,2.76,3.02,3.06,1.38,4.19,1.22,True
420,Serie A (Italy),2024,2024-12-11 16:00:00,Ser-Team-16,Ser-Team-03,FINISHED,1.0,2.0,1.19,2.04,3.3,3.99,1.99,1.6,2.37,1.63,2.27,True
421,Serie A (Italy),2024,2024-12-11 13:00:00,Ser-Team-04,Ser-Team-06,FINISHED,0.0,0.0,0.97,0.13,1.65,2.78,11.13,6.5,1.1,6.38,1.12,True
422,Serie A (Italy),2024,2024-12-11 18:00:00,Ser-Team-12,Ser-Team-01,FINISHED,1.0,1.0,0.96,1.14,2.69,3.24,2.64,2.11,1.74,2.52,1.55,True
423,Serie A (Italy),2024,2024-12-11 16:00:00,Ser-Team-10,Ser-Team-15,FINISHED,3.0,0.0,1.63,0.78,1.64,4.12,4.78,1.87,1.95,1.85,1.96,True
424,Serie A (Italy),2024,2024-12-11 16:00:00,Ser-Team-11,Ser-Team-07,FINISHED,0.0,2.0,1.15,1.03,2.96,3.25,2.44,2.13,1.72,2.54,1.53,True
425,Bundesliga (Germany),2024,2024-12-11 18:00:00,Bun-Team-08,Bun-Team-04,FINISHED,0.0,1.0,0.76,0.88,3.24,2.81,2.56,2.94,1.41,3.94,1.25,True
426,Bundesliga (Germany),2024,2024-12-11 13:00:00,Bun-Team-16,Bun-Team-10,FINISHED,2.0,0.0,0.98,0.99,3.43,3.06,2.29,2.51,1.54,3.08,1.38,True
427,Bundesliga (Germany),2024,2024-12-11 16:00:00,Bun-Team-05,Bun-Team-15,FINISHED,1.0,2.0,0.72,1.44,3.69,2.92,2.26,2.82,1.44,3.57,1.29,True
428,Bundesliga (Germany),2024,2024-12-11 21:00:00,Bun-Team-07,Bun-Team-06,FINISHED,0.0,2.0,1.22,1.82,3.03,3.74,2.15,1.74,2.12,1.88,1.95,True
429,Bundesliga (Germany),2024,2024-12-11 13:00:00,Bun-Team-12,Bun-Team-14,FINISHED,4.0,2.0,2.58,1.15,1.45,5.13,5.71,1.56,2.47,1.41,2.97,True
430,Bundesliga (Germany),2024,2024-12-11 13:00:00,Bun-Team-01,Bun-Team-11,FINISHED,3.0,0.0,1.8,0.8,1.61,4.16,4.96,1.88,1.91,1.83,1.99,True
431,Bundesliga (Germany),2024,2024-12-11 21:00:00,Bun-Team-02,Bun-Team-03,FINISHED,1.0,2.0,1.32,0.53,1.79,3.33,4.93,2.59,1.51,2.9,1.43,True
432,Bundesliga (Germany),2024,2024-12-11 21:00:00,Bun-Team-13,Bun-Team-09,FINISHED,0.0,4.0,1.01,0.86,3.74,3.35,2.03,2.21,1.68,2.53,1.52,True
433,Ligue 1 (France),2024,2024-12-11 21:00:00,Lig-Team-07,Lig-Team-03,FINISHED,0.0,0.0,1.24,0.51,1.89,2.95,5.26,3.29,1.34,4.0,1.25,True
434,Ligue 1 (France),2024,2024-12-11 13:00:00,Lig-Team-13,Lig-Team-16,FINISHED,1.0,3.0,0.99,0.34,2.52,2.61,3.59,3.42,1.32,4.85,1.19,True
435,Ligue 1 (France),2024,2024-12-11 21:00:00,Lig-Team-11,Lig-Team-06,FINISHED,3.0,1.0,1.95,1.27,1.65,4.32,4.38,1.66,2.24,1.61,2.34,True
436,Ligue 1 (France),2024,2024-12-11 21:00:00,Lig-Team-14,Lig-Team-05,FINISHED,1.0,0.0,1.46,0.78,2.02,3.5,3.57,2.02,1.79,2.23,1.65,True
437,Ligue 1 (France),2024,2024-12-11 13:00:00,Lig-Team-01,Lig-Team-04,FINISHED,0.0,1.0,0.63,1.05,2.82,2.85,2.81,2.78,1.45,3.67,1.29,True
438,Ligue 1 (France),2024,2024-12-11 13:00:00,Lig-Team-15,Lig-Team-08,FINISHED,3.0,0.0,1.91,0.19,1.43,4.05,8.25,2.83,1.44,2.5,1.54,True
439,Ligue 1 (France),2024,2024-12-11 18:00:00,Lig-Team-02,Lig-Team-10,FINISHED,1.0,0.0,1.25,0.69,2.1,2.93,4.17,2.91,1.41,3.63,1.29,True
440,Ligue 1 (France),2024,2024-12-11 16:00:00,Lig-Team-09,Lig-Team-12,FINISHED,2.0,1.0,1.25,0.86,2.24,3.15,3.41,2.34,1.63,2.8,1.45,True
441,Premier League (England),2024,2024-12-12 13:00:00,Pre-Team-01,Pre-Team-02,FINISHED,0.0,2.0,1.15,1.23,3.14,3.25,2.29,2.17,1.7,2.56,1.52,True
442,Premier League (England),2024,2024-12-12 13:00:00,Pre-Team-12,Pre-Team-04,FINISHED,1.0,3.0,0.9,2.48,5.59,4.76,1.49,1.7,2.19,1.54,2.51,True
443,Premier League (England),2024,2024-12-12 16:00:00,Pre-Team-15,Pre-Team-08,FINISHED,3.0,1.0,1.0,0.61,1.9,3.06,4.91,2.99,1.39,3.55,1.3,True
444,Premier League (England),2024,2024-12-12 21:00:00,Pre-Team-14,Pre-Team-07,FINISHED,1.0,2.0,1.9,0.26,1.79,3.83,4.21,1.9,1.93,1.96,1.83,True
445,Premier League (England),2024,2024-12-12 21:00:00,Pre-Team-06,Pre-Team-09,FINISHED,0.0,2.0,0.71,0.8,2.52,2.9,3.14,2.68,1.49,3.45,1.33,True
446,Premier League (England),2024,2024-12-12 16:00:00,Pre-Team-13,Pre-Team-11,FINISHED,0.0,1.0,1.08,1.45,3.04,3.46,2.26,1.93,1.86,2.18,1.7,True
447,Premier League (England),2024,2024-12-12 21:00:00,Pre-Team-10,Pre-Team-05,FINISHED,0.0,1.0,0.76,1.0,4.25,3.38,1.88,2.3,1.63,2.55,1.51,True
448,Premier League (England),2024,2024-12-12 18:00:00,Pre-Team-16,Pre-Team-03,FINISHED,0.0,2.0,0.96,0.66,2.06,2.9,4.35,3.04,1.39,3.82,1.27,True
449,La Liga (Spain),2024,2024-12-12 13:00:00,La -Team-09,La -Team-10,FINISHED,0.0,2.0,1.51,1.92,3.26,4.3,1.92,1.48,2.76,1.46,2.76,True
450,La Liga (Spain),2024,2024-12-12 21:00:00,La -Team-08,La -Team-01,FINISHED,2.0,2.0,1.54,0.94,1.8,3.53,4.59,2.25,1.63,2.47,1.55,True
451,La Liga (Spain),2024,2024-12-12 13:00:00,La -Team-04,La -Team-13,FINISHED,0.0,0.0,0.77,0.95,2.65,2.7,3.26,3.1,1.38,4.28,1.23,True
452,La Liga (Spain),2024,2024-12-12 18:00:00,La -Team-03,La -Team-05,FINISHED,0.0,3.0,1.59,2.29,5.06,4.94,1.52,1.5,2.6,1.39,3.05,True
453,La Liga (Spain),2024,2024-12-12 16:00:00,La -Team-11,La -Team-14,FINISHED,0.0,0.0,0.94,0.69,3.19,2.83,2.54,2.85,1.43,3.76,1.28,True
454,La Liga (Spain),2024,2024-12-12 13:00:00,La -Team-06,La -Team-02,FINISHED,0.0,0.0,1.33,1.32,2.05,3.93,3.13,1.61,2.33,1.66,2.21,True
455,La Liga (Spain),2024,2024-12-12 18:00:00,La -Team-12,La -Team-16,FINISHED,4.0,0.0,2.52,0.82,1.26,5.37,10.76,2.44,1.56,1.85,1.97,True
456,La Liga (Spain),2024,2024-12-12 13:00:00,La -Team-07,La -Team-15,FINISHED,1.0,1.0,0.63,1.11,3.54,2.96,2.25,2.64,1.5,3.36,1.33,True
457,Serie A (Italy),2024,2024-12-12 16:00:00,Ser-Team-03,Ser-Team-04,FINISHED,1.0,3.0,0.92,1.08,3.49,3.37,2.11,2.14,1.71,2.43,1.56,True
458,Serie A (Italy),2024,2024-12-12 13:00:00,Ser-Team-12,Ser-Team-02,FINISHED,0.0,1.0,0.85,0.84,2.23,3.2,3.37,2.3,1.63,2.77,1.44,True
459,Serie A (Italy),2024,2024-12-12 18:00:00,Ser-Team-08,Ser-Team-09,FINISHED,2.0,1.0,1.02,1.82,4.17,4.21,1.71,1.67,2.24,1.66,2.28,True
460,Serie A (Italy),2024,2024-12-12 18:00:00,Ser-Team-13,Ser-Team-15,FINISHED,2.0,0.0,1.01,0.77,2.1,3.03,4.01,2.72,1.47,3.33,1.34,True
461,Serie A (Italy),2024,2024-12-12 13:00:00,Ser-Team-10,Ser-Team-05,FINISHED,0.0,1.0,1.09,1.33,2.55,3.31,2.7,2.03,1.8,2.34,1.63,True
462,Serie A (Italy),2024,2024-12-12 18:00:00,Ser-Team-01,Ser-Team-07,FINISHED,3.0,0.0,1.65,0.96,1.67,3.75,5.18,2.26,1.64,2.34,1.63,True
463,Serie A (Italy),2024,2024-12-12 16:00:00,Ser-Team-11,Ser-Team-16,FINISHED,1.0,1.0,1.43,1.0,1.95,3.63,3.65,1.92,1.91,2.03,1.79,True
464,Serie A (Italy),2024,2024-12-12 21:00:00,Ser-Team-06,Ser-Team-14,FINISHED,0.0,1.0,0.55,0.89,6.93,2.36,2.04,5.87,1.14,8.22,1.08,True
465,Bundesliga (Germany),2024,2024-12-12 13:00:00,Bun-Team-06,Bun-Team-04,FINISHED,0.0,0.0,2.33,1.08,1.4,5.02,6.94,1.82,1.98,1.61,2.36,True
466,Bundesliga (Germany),2024,2024-12-12 16:00:00,Bun-Team-08,Bun-Team-02,FINISHED,3.0,0.0,1.0,1.1,4.04,2.79,2.2,3.11,1.38,4.05,1.26,True
467,Bundesliga (Germany),2024,2024-12-12 13:00:00,Bun-Team-14,Bun-Team-07,FINISHED,2.0,2.0,1.35,1.67,2.44,4.12,2.46,1.46,2.74,1.48,2.66,True
468,Bundesliga (Germany),2024,2024-12-12 13:00:00,Bun-Team-15,Bun-Team-09,FINISHED,0.0,0.0,0.76,1.07,2.51,2.6,3.6,3.44,1.31,4.94,1.18,True
469,Bundesliga (Germany),2024,2024-12-12 16:00:00,Bun-Team-13,Bun-Team-03,FINISHED,2.0,1.0,1.53,0.6,1.69,3.77,4.86,2.1,1.74,2.14,1.71,True
470,Bundesliga (Germany),2024,2024-12-12 21:00:00,Bun-Team-16,Bun-Team-05,FINISHED,1.0,0.0,1.22,1.2,3.54,3.02,2.22,2.53,1.52,3.12,1.36,True
471,Bundesliga (Germany),2024,2024-12-12 21:00:00,Bun-Team-12,Bun-Team-11,FINISHED,3.0,0.0,2.31,0.63,1.38,4.99,7.19,1.91,1.91,1.65,2.27,True
472,Bundesliga (Germany),2024,2024-12-12 21:00:00,Bun-Team-10,Bun-Team-01,FINISHED,1.0,0.0,1.3,0.83,2.56,3.14,2.87,2.29,1.62,2.78,1.46,True
473,Ligue 1 (France),2024,2024-12-12 18:00:00,Lig-Team-16,Lig-Team-04,FINISHED,1.0,1.0,0.69,1.16,3.36,2.33,2.97,4.32,1.22,6.98,1.1,True
474,Ligue 1 (France),2024,2024-12-12 21:00:00,Lig-Team-15,Lig-Team-08,FINISHED,3.0,0.0,1.54,0.43,1.44,4.09,8.31,2.83,1.44,2.5,1.56,True
475,Ligue 1 (France),2024,2024-12-12 21:00:00,Lig-Team-13,Lig-Team-07,FINISHED,1.0,0.0,0.68,1.02,3.53,2.88,2.33,2.84,1.42,3.7,1.27,True
476,Ligue 1 (France),2024,2024-12-12 21:00:00,Lig-Team-09,Lig-Team-01,FINISHED,2.0,0.0,1.48,1.06,1.84,3.52,4.25,2.16,1.7,2.32,1.6,True
477,Ligue 1 (France),2024,2024-12-12 21:00:00,Lig-Team-02,Lig-Team-10,FINISHED,1.0,2.0,0.88,0.61,2.06,2.93,4.2,2.9,1.41,3.61,1.3,True
478,Ligue 1 (France),2024,2024-12-12 21:00:00,Lig-Team-14,Lig-Team-12,FINISHED,3.0,1.0,1.23,1.61,2.78,3.47,2.4,1.89,1.92,2.11,1.74,True
479,Ligue 1 (France),2024,2024-12-12 18:00:00,Lig-Team-05,Lig-Team-06,FINISHED,1.0,1.0,1.44,1.45,2.42,3.66,2.69,1.73,2.11,1.88,1.93,True
480,Ligue 1 (France),2024,2024-12-12 16:00:00,Lig-Team-03,Lig-Team-11,FINISHED,1.0,0.0,0.64,1.22,3.29,2.91,2.43,2.68,1.48,3.45,1.32,True
481,Premier League (England),2024,2024-12-18 18:00:00,Pre-Team-15,Pre-Team-03,FINISHED,1.0,0.0,0.99,0.85,2.58,3.13,2.85,2.25,1.65,2.72,1.48,True
482,Premier League (England),2024,2024-12-18 16:00:00,Pre-Team-09,Pre-Team-14,FINISHED,2.0,1.0,0.88,0.55,2.59,2.54,3.52,3.5,1.3,5.14,1.18,True
483,Premier League (England),2024,2024-12-18 16:00:00,Pre-Team-16,Pre-Team-13,FINISHED,1.0,0.0,0.96,0.86,2.15,2.75,4.42,3.39,1.34,4.46,1.22,True
484,Premier League (England),2024,2024-12-18 18:00:00,Pre-Team-01,Pre-Team-12,FINISHED,1.0,2.0,2.11,0.74,1.52,4.63,5.19,1.66,2.22,1.56,2.45,True
485,Premier League (England),2024,2024-12-18 18:00:00,Pre-Team-08,Pre-Team-10,FINISHED,0.0,3.0,0.98,1.35,2.46,3.06,3.12,2.44,1.55,3.09,1.39,True
486,Premier League (England),2024,2024-12-18 18:00:00,Pre-Team-11,Pre-Team-05,FINISHED,2.0,1.0,1.66,0.72,1.94,3.54,3.88,2.05,1.77,2.24,1.65,True
487,Premier League (England),2024,2024-12-18 13:00:00,Pre-Team-02,Pre-Team-07,FINISHED,3.0,0.0,2.87,1.18,1.22,6.74,11.49,1.9,1.91,1.44,2.86,True
488,Premier League (England),2024,2024-12-18 13:00:00,Pre-Team-06,Pre-Team-04,FINISHED,0.0,1.0,0.71,1.25,4.43,3.74,1.77,2.03,1.79,2.13,1.74,True
489,La Liga (Spain),2024,2024-12-18 13:00:00,La -Team-15,La -Team-02,FINISHED,0.0,2.0,1.6,1.43,2.17,3.76,2.98,1.68,2.16,1.81,2.03,True
490,La Liga (Spain),2024,2024-12-18 18:00:00,La -Team-05,La -Team-08,FINISHED,0.0,1.0,1.28,0.62,2.26,3.08,3.42,2.45,1.55,3.0,1.41,True
491,La Liga (Spain),2024,2024-12-18 21:00:00,La -Team-11,La -Team-10,FINISHED,0.0,0.0,1.2,1.02,2.39,3.13,3.1,2.34,1.6,2.85,1.43,True
492,La Liga (Spain),2024,2024-12-18 21:00:00,La -Team-01,La -Team-06,FINISHED,2.0,0.0,1.45,1.37,2.61,3.59,2.53,1.81,2.02,1.99,1.85,True
493,La Liga (Spain),2024,2024-12-18 21:00:00,La -Team-04,La -Team-09,FINISHED,0.0,1.0,1.63,1.23,2.03,3.54,3.47,1.94,1.88,2.12,1.72,True
494,La Liga (Spain),2024,2024-12-18 18:00:00,La -Team-14,La -Team-13,FINISHED,0.0,0.0,1.59,0.6,1.69,3.45,5.59,2.68,1.49,2.85,1.43,True
495,La Liga (Spain),2024,2024-12-18 13:00:00,La -Team-03,La -Team-07,FINISHED,2.0,2.0,1.68,1.53,2.13,3.76,3.07,1.7,2.16,1.82,2.01,True
496,La Liga (Spain),2024,2024-12-18 21:00:00,La -Team-12,La -Team-16,FINISHED,5.0,0.0,2.21,0.48,1.28,5.38,10.81,2.44,1.57,1.84,1.97,True
497,Serie A (Italy),2024,2024-12-18 13:00:00,Ser-Team-12,Ser-Team-05,FINISHED,1.0,2.0,1.18,1.14,2.47,3.03,3.07,2.43,1.57,2.99,1.4,True
498,Serie A (Italy),2024,2024-12-18 21:00:00,Ser-Team-14,Ser-Team-04,FINISHED,1.0,1.0,0.78,1.0,2.79,2.82,2.85,2.78,1.44,3.67,1.3,True
499,Serie A (Italy),2024,2024-12-18 18:00:00,Ser-Team-09,Ser-Team-16,FINISHED,2.0,1.0,2.15,0.89,1.57,4.13,5.56,2.04,1.8,1.95,1.86,True
500,Serie A (Italy),2024,2024-12-18 18:00:00,Ser-Team-11,Ser-Team-07,FINISHED,0.0,1.0,0.8,1.02,2.94,3.25,2.43,2.14,1.71,2.52,1.52,True
501,Serie A (Italy),2024,2024-12-18 16:00:00,Ser-Team-02,Ser-Team-15,FINISHED,1.0,1.0,1.51,0.56,1.85,3.23,4.88,2.75,1.48,3.12,1.37,True
502,Serie A (Italy),2024,2024-12-18 18:00:00,Ser-Team-08,Ser-Team-10,FINISHED,2.0,2.0,1.48,2.73,5.25,5.59,1.45,1.34,3.22,1.22,4.31,True
503,Serie A (Italy),2024,2024-12-18 16:00:00,Ser-Team-13,Ser-Team-03,FINISHED,2.0,0.0,0.96,1.13,2.2,3.31,3.29,2.16,1.7,2.49,1.53,True
504,Serie A (Italy),2024,2024-12-18 13:00:00,Ser-Team-06,Ser-Team-01,FINISHED,0.0,0.0,0.49,0.71,8.31,2.64,1.8,5.7,1.14,6.58,1.12,True
505,Bundesliga (Germany),2024,2024-12-18 13:00:00,Bun-Team-14,Bun-Team-01,FINISHED,0.0,1.0,1.39,1.66,2.65,4.03,2.29,1.51,2.57,1.56,2.47,True
506,Bundesliga (Germany),2024,2024-12-18 16:00:00,Bun-Team-11,Bun-Team-05,FINISHED,0.0,0.0,1.13,1.03,3.15,3.46,2.18,1.94,1.87,2.17,1.7,True
507,Bundesliga (Germany),2024,2024-12-18 21:00:00,Bun-Team-07,Bun-Team-10,FINISHED,1.0,2.0,0.92,1.0,2.32,3.2,3.14,2.21,1.68,2.64,1.51,True
508,Bundesliga (Germany),2024,2024-12-18 21:00:00,Bun-Team-08,Bun-Team-02,FINISHED,0.0,0.0,0.82,0.83,4.01,2.8,2.2,3.12,1.38,4.08,1.24,True
509,Bundesliga (Germany),2024,2024-12-18 21:00:00,Bun-Team-13,Bun-Team-03,FINISHED,0.0,0.0,1.48,0.53,1.7,3.79,4.9,2.1,1.74,2.15,1.71,True
510,Bundesliga (Germany),2024,2024-12-18 18:00:00,Bun-Team-12,Bun-Team-06,FINISHED,1.0,1.0,1.31,1.14,2.22,3.71,2.99,1.74,2.1,1.88,1.94,True
511,Bundesliga (Germany),2024,2024-12-18 18:00:00,Bun-Team-16,Bun-Team-15,FINISHED,0.0,1.0,0.66,1.28,5.87,3.29,1.68,2.92,1.42,3.18,1.36,True
512,Bundesliga (Germany),2024,2024-12-18 16:00:00,Bun-Team-09,Bun-Team-04,FINISHED,1.0,0.0,1.55,0.38,1.55,3.68,6.83,2.82,1.45,2.73,1.45,True
513,Ligue 1 (France),2024,2024-12-18 13:00:00,Lig-Team-07,Lig-Team-13,FINISHED,3.0,1.0,1.15,0.88,1.89,3.08,4.85,2.95,1.41,3.48,1.31,True
514,Ligue 1 (France),2024,2024-12-18 18:00:00,Lig-Team-16,Lig-Team-04,FINISHED,0.0,0.0,0.64,0.52,3.36,2.34,2.98,4.29,1.22,7.04,1.1,True
515,Ligue 1 (France),2024,2024-12-18 18:00:00,Lig-Team-03,Lig-Team-09,FINISHED,1.0,1.0,0.73,0.96,3.49,2.79,2.42,2.96,1.39,3.96,1.26,True
516,Ligue 1 (France),2024,2024-12-18 13:00:00,Lig-Team-10,Lig-Team-06,FINISHED,2.0,1.0,1.37,1.59,3.73,4.06,1.82,1.64,2.28,1.65,2.24,True
517,Ligue 1 (France),2024,2024-12-18 13:00:00,Lig-Team-01,Lig-Team-12,FINISHED,0.0,0.0,1.45,1.36,2.79,3.38,2.49,2.02,1.85,2.27,1.65,True
518,Ligue 1 (France),2024,2024-12-18 21:00:00,Lig-Team-05,Lig-Team-11,FINISHED,2.0,0.0,1.23,1.18,3.5,3.25,2.15,2.28,1.64,2.66,1.48,True
519,Ligue 1 (France),2024,2024-12-18 21:00:00,Lig-Team-14,Lig-Team-08,FINISHED,2.0,1.0,0.97,1.16,1.96,3.15,4.27,2.6,1.5,3.03,1.39,True
520,Ligue 1 (France),2024,2024-12-18 13:00:00,Lig-Team-02,Lig-Team-15,FINISHED,1.0,2.0,0.58,1.34,5.57,3.52,1.69,2.6,1.51,2.72,1.47,True
521,Premier League (England),2024,2024-12-19 16:00:00,Pre-Team-02,Pre-Team-05,FINISHED,1.0,1.0,1.15,0.72,1.86,3.11,4.93,2.87,1.43,3.29,1.34,True
522,Premier League (England),2024,2024-12-19 13:00:00,Pre-Team-14,Pre-Team-09,FINISHED,0.0,1.0,0.64,0.72,2.74,2.54,3.33,3.52,1.32,5.17,1.17,True
523,Premier League (England),2024,2024-12-19 16:00:00,Pre-Team-07,Pre-Team-12,FINISHED,5.0,5.0,1.57,2.02,2.37,4.52,2.45,1.29,3.64,1.27,3.83,True
524,Premier League (England),2024,2024-12-19 21:00:00,Pre-Team-01,Pre-Team-03,FINISHED,1.0,1.0,1.35,0.97,1.97,3.54,3.69,2.02,1.82,2.2,1.69,True
525,Premier League (England),2024,2024-12-19 21:00:00,Pre-Team-08,Pre-Team-06,FINISHED,1.0,0.0,0.99,1.1,3.51,2.92,2.33,2.76,1.45,3.5,1.3,True
526,Premier League (England),2024,2024-12-19 16:00:00,Pre-Team-04,Pre-Team-11,FINISHED,2.0,1.0,1.63,0.96,1.82,4.04,3.83,1.67,2.2,1.7,2.19,True
527,Premier League (England),2024,2024-12-19 18:00:00,Pre-Team-10,Pre-Team-13,FINISHED,1.0,2.0,0.94,1.02,3.7,3.35,2.02,2.17,1.69,2.45,1.56,True
528,Premier League (England),2024,2024-12-19 18:00:00,Pre-Team-16,Pre-Team-15,FINISHED,0.0,1.0,0.75,0.44,1.96,2.89,4.88,3.24,1.35,4.02,1.26,True
529,La Liga (Spain),2024,2024-12-19 16:00:00,La -Team-05,La -Team-08,FINISHED,0.0,1.0,1.36,0.83,2.24,3.07,3.46,2.47,1.54,3.0,1.4,True
530,La Liga (Spain),2024,2024-12-19 18:00:00,La -Team-02,La -Team-04,FINISHED,2.0,0.0,1.52,1.01,2.02,3.43,3.65,2.06,1.77,2.29,1.62,True
531,La Liga (Spain),2024,2024-12-19 13:00:00,La -Team-14,La -Team-03,FINISHED,0.0,2.0,2.67,0.63,1.28,6.07,9.2,1.8,2.01,1.44,2.78,True
532,La Liga (Spain),2024,2024-12-19 16:00:00,La -Team-09,La -Team-12,FINISHED,2.0,1.0,1.18,2.35,5.64,4.95,1.46,1.62,2.3,1.48,2.67,True
533,La Liga (Spain),2024,2024-12-19 18:00:00,La -Team-01,La -Team-16,FINISHED,0.0,3.0,1.55,1.12,1.73,3.94,4.35,1.85,1.96,1.9,1.93,True
534,La Liga (Spain),2024,2024-12-19 18:00:00,La -Team-11,La -Team-06,FINISHED,0.0,1.0,0.69,0.37,2.33,3.02,3.36,2.52,1.53,3.16,1.36,True
535,La Liga (Spain),2024,2024-12-19 21:00:00,La -Team-13,La -Team-15,FINISHED,2.0,2.0,1.05,1.28,2.65,3.01,2.83,2.44,1.57,3.07,1.36,True
536,La Liga (Spain),2024,2024-12-19 16:00:00,La -Team-07,La -Team-10,FINISHED,1.0,1.0,1.08,1.32,3.99,3.34,1.96,2.28,1.63,2.6,1.5,True
537,Serie A (Italy),2024,2024-12-19 18:00:00,Ser-Team-15,Ser-Team-08,FINISHED,0.0,1.0,2.08,1.56,1.65,4.33,4.44,1.64,2.27,1.61,2.34,True
538,Serie A (Italy),2024,2024-12-19 16:00:00,Ser-Team-01,Ser-Team-10,FINISHED,3.0,0.0,1.58,0.76,1.81,3.91,4.01,1.84,1.98,1.91,1.9,True
539,Serie A (Italy),2024,2024-12-19 16:00:00,Ser-Team-04,Ser-Team-13,FINISHED,0.0,1.0,1.14,1.22,1.92,3.05,4.74,2.99,1.4,3.57,1.3,True
540,Serie A (Italy),2024,2024-12-19 18:00:00,Ser-Team-12,Ser-Team-02,FINISHED,2.0,0.0,1.08,1.0,2.24,3.18,3.37,2.32,1.63,2.74,1.44,True
541,Serie A (Italy),2024,2024-12-19 21:00:00,Ser-Team-14,Ser-Team-16,FINISHED,2.0,0.0,1.88,0.81,1.43,4.54,7.18,2.17,1.72,1.91,1.9,True
542,Serie A (Italy),2024,2024-12-19 16:00:00,Ser-Team-06,Ser-Team-11,FINISHED,0.0,0.0,0.81,0.67,4.21,2.18,2.73,5.23,1.16,8.95,1.07,True
543,Serie A (Italy),2024,2024-12-19 16:00:00,Ser-Team-07,Ser-Team-09,FINISHED,1.0,2.0,0.96,0.92,2.5,3.17,2.87,2.2,1.68,2.61,1.49,True
544,Serie A (Italy),2024,2024-12-19 16:00:00,Ser-Team-05,Ser-Team-03,FINISHED,3.0,0.0,1.41,0.83,1.82,3.48,4.56,2.32,1.61,2.55,1.54,True
545,Bundesliga (Germany),2024,2024-12-19 16:00:00,Bun-Team-08,Bun-Team-04,FINISHED,0.0,0.0,0.78,0.97,3.21,2.76,2.57,2.95,1.41,3.93,1.27,True
546,Bundesliga (Germany),2024,2024-12-19 16:00:00,Bun-Team-07,Bun-Team-12,FINISHED,0.0,0.0,1.13,1.72,3.1,3.43,2.24,1.99,1.84,2.24,1.66,True
547,Bundesliga (Germany),2024,2024-12-19 16:00:00,Bun-Team-14,Bun-Team-03,FINISHED,1.0,2.0,2.04,1.21,1.68,4.12,4.62,1.81,2.04,1.78,2.04,True
548,Bundesliga (Germany),2024,2024-12-19 16:00:00,Bun-Team-06,Bun-Team-01,FINISHED,2.0,1.0,1.44,1.03,1.82,3.85,4.01,1.84,1.97,1.9,1.92,True
549,Bundesliga (Germany),2024,2024-12-19 21:00:00,Bun-Team-10,Bun-Team-11,FINISHED,2.0,2.0,1.36,1.06,1.76,3.77,4.39,1.98,1.83,2.05,1.77,True
550,Bundesliga (Germany),2024,2024-12-19 13:00:00,Bun-Team-09,Bun-Team-15,FINISHED,0.0,1.0,0.59,0.36,2.76,2.57,3.2,3.46,1.31,5.04,1.18,True
551,Bundesliga (Germany),2024,2024-12-19 21:00:00,Bun-Team-13,Bun-Team-16,FINISHED,3.0,1.0,1.66,0.96,1.74,3.88,4.29,1.89,1.92,1.92,1.89,True
552,Bundesliga (Germany),2024,2024-12-19 18:00:00,Bun-Team-02,Bun-Team-05,FINISHED,0.0,1.0,1.15,1.07,2.54,3.17,2.84,2.24,1.66,2.69,1.46,True
553,Ligue 1 (France),2024,2024-12-19 21:00:00,Lig-Team-01,Lig-Team-13,FINISHED,1.0,1.0,0.86,1.03,2.3,3.17,3.16,2.26,1.64,2.7,1.48,True
554,Ligue 1 (France),2024,2024-12-19 18:00:00,Lig-Team-06,Lig-Team-07,FINISHED,1.0,2.0,1.09,1.61,3.51,3.67,1.98,1.84,1.98,1.95,1.86,True
555,Ligue 1 (France),2024,2024-12-19 21:00:00,Lig-Team-02,Lig-Team-11,FINISHED,0.0,0.0,0.95,1.38,4.18,2.99,2.06,2.87,1.42,3.54,1.29,True
556,Ligue 1 (France),2024,2024-12-19 21:00:00,Lig-Team-03,Lig-Team-14,FINISHED,3.0,1.0,0.96,0.97,2.48,3.1,2.98,2.33,1.6,2.84,1.44,True
557,Ligue 1 (France),2024,2024-12-19 16:00:00,Lig-Team-09,Lig-Team-04,FINISHED,2.0,1.0,0.97,0.6,2.34,2.67,3.88,3.34,1.33,4.55,1.21,True
558,Ligue 1 (France),2024,2024-12-19 16:00:00,Lig-Team-15,Lig-Team-12,FINISHED,1.0,1.0,1.24,1.1,1.77,3.8,4.25,1.93,1.87,2.03,1.81,True
559,Ligue 1 (France),2024,2024-12-19 16:00:00,Lig-Team-05,Lig-Team-10,FINISHED,1.0,2.0,1.56,0.61,1.76,3.53,4.84,2.36,1.58,2.53,1.51,True
560,Ligue 1 (France),2024,2024-12-19 18:00:00,Lig-Team-16,Lig-Team-08,FINISHED,0.0,0.0,0.53,0.75,2.39,2.42,4.38,4.25,1.24,6.43,1.12,True
561,Premier League (England),2024,2024-12-25 21:00:00,Pre-Team-13,Pre-Team-07,FINISHED,4.0,1.0,2.0,1.39,1.6,4.4,4.96,1.72,2.16,1.64,2.29,True
562,Premier League (England),2024,2024-12-25 13:00:00,Pre-Team-14,Pre-Team-04,FINISHED,0.0,1.0,0.67,1.25,4.5,3.21,1.91,2.55,1.51,2.98,1.41,True
563,Premier League (England),2024,2024-12-25 16:00:00,Pre-Team-03,Pre-Team-10,FINISHED,0.0,1.0,1.34,0.45,1.6,4.03,5.44,2.05,1.77,2.03,1.8,True
564,Premier League (England),2024,2024-12-25 21:00:00,Pre-Team-01,Pre-Team-05,FINISHED,1.0,1.0,1.13,0.58,2.24,3.2,3.34,2.28,1.63,2.72,1.47,True
565,Premier League (England),2024,2024-12-25 18:00:00,Pre-Team-15,Pre-Team-12,FINISHED,0.0,1.0,1.6,1.02,1.94,3.76,3.58,1.79,2.02,1.9,1.91,True
566,Premier League (England),2024,2024-12-25 13:00:00,Pre-Team-16,Pre-Team-09,FINISHED,0.0,0.0,1.01,0.61,2.1,2.63,4.87,3.96,1.26,5.29,1.17,True
567,Premier League (England),2024,2024-12-25 21:00:00,Pre-Team-06,Pre-Team-08,FINISHED,1.0,0.0,1.16,0.49,1.86,3.13,4.85,2.82,1.44,3.3,1.36,True
568,Premier League (England),2024,2024-12-25 13:00:00,Pre-Team-11,Pre-Team-02,FINISHED,0.0,2.0,1.11,1.37,2.67,3.45,2.5,1.94,1.88,2.19,1.67,True
569,La Liga (Spain),2024,2024-12-25 18:00:00,La -Team-15,La -Team-05,FINISHED,0.0,2.0,1.14,1.28,3.15,3.3,2.28,2.1,1.75,2.43,1.57,True
570,La Liga (Spain),2024,2024-12-25 21:00:00,La -Team-10,La -Team-11,FINISHED,1.0,1.0,1.11,1.02,2.34,3.08,3.2,2.32,1.61,2.84,1.43,True
571,La Liga (Spain),2024,2024-12-25 16:00:00,La -Team-12,La -Team-08,FINISHED,3.0,1.0,1.53,1.07,1.98,3.11,4.2,2.66,1.48,3.21,1.37,True
572,La Liga (Spain),2024,2024-12-25 21:00:00,La -Team-03,La -Team-01,FINISHED,1.0,2.0,1.75,2.09,2.74,4.38,2.11,1.35,3.24,1.34,3.28,True
573,La Liga (Spain),2024,2024-12-25 21:00:00,La -Team-16,La -Team-14,FINISHED,1.0,3.0,0.57,1.68,5.63,3.69,1.64,2.42,1.57,2.46,1.56,True
574,La Liga (Spain),2024,2024-12-25 13:00:00,La -Team-02,La -Team-07,FINISHED,1.0,1.0,1.75,1.04,1.64,4.04,4.95,1.92,1.87,1.9,1.89,True
575,La Liga (Spain),2024,2024-12-25 13:00:00,La -Team-04,La -Team-06,FINISHED,1.0,1.0,0.88,0.96,2.93,2.86,2.68,2.7,1.47,3.57,1.29,True
576,La Liga (Spain),2024,2024-12-25 13:00:00,La -Team-09,La -Team-13,FINISHED,1.0,4.0,1.41,1.22,2.53,3.75,2.5,1.65,2.23,1.78,2.06,True
577,Serie A (Italy),2024,2024-12-25 16:00:00,Ser-Team-05,Ser-Team-15,FINISHED,1.0,1.0,1.28,0.33,1.75,3.2,5.54,2.92,1.42,3.25,1.35,True
578,Serie A (Italy),2024,2024-12-25 21:00:00,Ser-Team-01,Ser-Team-06,FINISHED,1.0,0.0,1.4,0.54,1.54,3.04,11.94,6.02,1.13,5.28,1.18,True
579,Serie A (Italy),2024,2024-12-25 21:00:00,Ser-Team-08,Ser-Team-13,FINISHED,1.0,1.0,1.34,1.8,3.95,3.98,1.8,1.77,2.1,1.77,2.05,True
580,Serie A (Italy),2024,2024-12-25 13:00:00,Ser-Team-11,Ser-Team-02,FINISHED,0.0,0.0,1.0,1.2,3.83,3.01,2.15,2.65,1.49,3.24,1.34,True
581,Serie A (Italy),2024,2024-12-25 13:00:00,Ser-Team-07,Ser-Team-12,FINISHED,1.0,2.0,1.14,1.25,2.96,3.48,2.3,1.92,1.89,2.13,1.71,True
582,Serie A (Italy),2024,2024-12-25 21:00:00,Ser-Team-10,Ser-Team-16,FINISHED,2.0,0.0,2.42,1.17,1.34,5.76,7.33,1.59,2.39,1.35,3.21,True
583,Serie A (Italy),2024,2024-12-25 13:00:00,Ser-Team-03,Ser-Team-14,FINISHED,2.0,0.0,1.35,1.33,2.99,3.34,2.35,2.06,1.76,2.38,1.59,True
584,Serie A (Italy),2024,2024-12-25 16:00:00,Ser-Team-04,Ser-Team-09,FINISHED,2.0,1.0,1.14,0.52,1.96,3.09,4.47,2.75,1.45,3.25,1.34,True
585,Bundesliga (Germany),2024,2024-12-25 21:00:00,Bun-Team-02,Bun-Team-12,FINISHED,1.0,0.0,1.25,1.24,3.39,3.45,2.1,2.01,1.81,2.22,1.66,True
586,Bundesliga (Germany),2024,2024-12-25 21:00:00,Bun-Team-15,Bun-Team-08,FINISHED,2.0,1.0,1.31,0.48,1.48,3.48,10.64,4.45,1.21,3.85,1.26,True
587,Bundesliga (Germany),2024,2024-12-25 13:00:00,Bun-Team-13,Bun-Team-09,FINISHED,0.0,1.0,1.18,1.13,3.72,3.38,2.03,2.23,1.67,2.52,1.54,True
588,Bundesliga (Germany),2024,2024-12-25 21:00:00,Bun-Team-11,Bun-Team-03,FINISHED,0.0,1.0,1.34,0.63,2.07,3.4,3.66,2.17,1.71,2.45,1.57,True
589,Bundesliga (Germany),2024,2024-12-25 18:00:00,Bun-Team-14,Bun-Team-04,FINISHED,1.0,1.0,2.19,1.05,1.82,4.39,3.57,1.45,2.74,1.41,2.86,True
590,Bundesliga (Germany),2024,2024-12-25 18:00:00,Bun-Team-06,Bun-Team-10,FINISHED,3.0,1.0,1.46,1.06,1.72,3.85,4.51,1.98,1.83,2.04,1.81,True
591,Bundesliga (Germany),2024,2024-12-25 13:00:00,Bun-Team-01,Bun-Team-07,FINISHED,0.0,1.0,0.93,0.8,2.16,3.4,3.33,2.09,1.78,2.32,1.61,True
592,Bundesliga (Germany),2024,2024-12-25 18:00:00,Bun-Team-16,Bun-Team-05,FINISHED,0.0,1.0,0.37,1.16,3.53,3.03,2.23,2.54,1.52,3.11,1.36,True
593,Ligue 1 (France),2024,2024-12-25 21:00:00,Lig-Team-10,Lig-Team-07,FINISHED,0.0,2.0,0.79,1.52,6.5,3.79,1.56,2.59,1.5,2.51,1.53,True
594,Ligue 1 (France),2024,2024-12-25 21:00:00,Lig-Team-14,Lig-Team-09,FINISHED,1.0,1.0,1.23,1.32,3.07,3.42,2.25,2.02,1.83,2.23,1.65,True
595,Ligue 1 (France),2024,2024-12-25 16:00:00,Lig-Team-05,Lig-Team-08,FINISHED,0.0,0.0,0.83,0.42,2.34,2.69,3.85,3.31,1.33,4.49,1.2,True
596,Ligue 1 (France),2024,2024-12-25 16:00:00,Lig-Team-01,Lig-Team-16,FINISHED,1.0,1.0,1.26,0.72,2.3,2.95,3.49,2.64,1.49,3.34,1.34,True
597,Ligue 1 (France),2024,2024-12-25 13:00:00,Lig-Team-15,Lig-Team-02,FINISHED,2.0,1.0,1.63,0.83,1.43,4.18,8.47,2.76,1.47,2.4,1.58,True
598,Ligue 1 (France),2024,2024-12-25 21:00:00,Lig-Team-13,Lig-Team-11,FINISHED,1.0,2.0,1.19,1.07,3.03,3.06,2.44,2.42,1.59,2.94,1.4,True
599,Ligue 1 (France),2024,2024-12-25 13:00:00,Lig-Team-12,Lig-Team-04,FINISHED,1.0,0.0,0.95,0.61,2.44,2.73,3.51,3.14,1.38,4.27,1.23,True
600,Ligue 1 (France),2024,2024-12-25 18:00:00,Lig-Team-06,Lig-Team-03,FINISHED,1.0,2.0,1.18,0.78,2.25,3.41,3.07,2.02,1.82,2.3,1.64,True
601,Premier League (England),2024,2024-12-26 18:00:00,Pre-Team-02,Pre-Team-11,FINISHED,0.0,1.0,1.69,1.06,1.95,3.6,3.72,1.96,1.86,2.13,1.72,True
602,Premier League (England),2024,2024-12-26 18:00:00,Pre-Team-12,Pre-Team-03,FINISHED,0.0,5.0,1.49,1.51,2.82,3.73,2.3,1.69,2.16,1.84,2.0,True
603,Premier League (England),2024,2024-12-26 13:00:00,Pre-Team-14,Pre-Team-10,FINISHED,0.0,0.0,1.31,0.75,1.83,3.31,4.72,2.57,1.52,2.89,1.43,True
604,Premier League (England),2024,2024-12-26 18:00:00,Pre-Team-08,Pre-Team-16,FINISHED,0.0,0.0,0.31,0.89,5.64,2.64,2.0,4.07,1.23,5.33,1.16,True
605,Premier League (England),2024,2024-12-26 18:00:00,Pre-Team-09,Pre-Team-05,FINISHED,0.0,0.0,0.62,1.01,2.95,2.67,2.82,3.12,1.38,4.35,1.21,True
606,Premier League (England),2024,2024-12-26 13:00:00,Pre-Team-06,Pre-Team-15,FINISHED,1.0,1.0,1.33,0.85,2.36,3.15,3.13,2.29,1.64,2.71,1.47,True
607,Premier League (England),2024,2024-12-26 18:00:00,Pre-Team-04,Pre-Team-13,FINISHED,2.0,0.0,1.2,0.88,1.59,3.86,5.74,2.29,1.62,2.28,1.62,True
608,Premier League (England),2024,2024-12-26 21:00:00,Pre-Team-01,Pre-Team-07,FINISHED,3.0,2.0,2.56,0.79,1.37,5.73,6.76,1.56,2.48,1.34,3.29,True
609,La Liga (Spain),2024,2024-12-26 13:00:00,La -Team-04,La -Team-02,FINISHED,1.0,0.0,1.26,1.1,2.62,3.34,2.64,2.02,1.78,2.34,1.6,True
610,La Liga (Spain),2024,2024-12-26 21:00:00,La -Team-09,La -Team-01,FINISHED,0.0,4.0,1.64,1.98,2.44,4.25,2.43,1.38,3.06,1.38,3.08,True
611,La Liga (Spain),2024,2024-12-26 16:00:00,La -Team-11,La -Team-05,FINISHED,0.0,1.0,0.98,1.14,2.89,3.06,2.6,2.4,1.58,3.0,1.39,True
612,La Liga (Spain),2024,2024-12-26 18:00:00,La -Team-16,La -Team-15,FINISHED,2.0,1.0,1.24,0.97,3.53,3.28,2.14,2.23,1.65,2.58,1.51,True
613,La Liga (Spain),2024,2024-12-26 18:00:00,La -Team-10,La -Team-14,FINISHED,1.0,3.0,1.17,1.34,2.97,3.29,2.39,2.12,1.72,2.45,1.56,True
614,La Liga (Spain),2024,2024-12-26 13:00:00,La -Team-03,La -Team-06,FINISHED,1.0,0.0,1.26,2.04,3.42,4.22,1.87,1.5,2.59,1.51,2.6,True
615,La Liga (Spain),2024,2024-12-26 13:00:00,La -Team-07,La -Team-08,FINISHED,2.0,1.0,0.59,1.6,4.7,2.89,2.0,3.19,1.36,4.01,1.24,True
616,La Liga (Spain),2024,2024-12-26 18:00:00,La -Team-12,La -Team-13,FINISHED,3.0,0.0,1.86,0.58,1.55,3.88,6.62,2.5,1.54,2.4,1.58,True
617,Serie A (Italy),2024,2024-12-26 13:00:00,Ser-Team-15,Ser-Team-09,FINISHED,0.0,1.0,0.75,0.84,3.03,3.01,2.51,2.49,1.55,3.09,1.37,True
618,Serie A (Italy),2024,2024-12-26 21:00:00,Ser-Team-02,Ser-Team-11,FINISHED,4.0,0.0,1.19,0.68,1.75,3.35,5.35,2.73,1.48,2.99,1.4,True
619,Serie A (Italy),2024,2024-12-26 18:00:00,Ser-Team-13,Ser-Team-01,FINISHED,0.0,1.0,0.88,1.28,3.63,2.93,2.28,2.67,1.47,3.38,1.33,True
620,Serie A (Italy),2024,2024-12-26 16:00:00,Ser-Team-04,Ser-Team-06,FINISHED,0.0,1.0,1.12,0.02,1.65,2.79,11.13,6.49,1.11,6.31,1.12,True
621,Serie A (Italy),2024,2024-12-26 13:00:00,Ser-Team-14,Ser-Team-03,FINISHED,3.0,0.0,1.93,0.85,1.86,3.52,4.22,2.12,1.73,2.28,1.62,True
622,Serie A (Italy),2024,2024-12-26 16:00:00,Ser-Team-07,Ser-Team-12,FINISHED,4.0,0.0,0.97,1.09,2.98,3.48,2.31,1.9,1.89,2.15,1.71,True
623,Serie A (Italy),2024,2024-12-26 21:00:00,Ser-Team-16,Ser-Team-08,FINISHED,2.0,2.0,1.86,1.49,1.89,4.57,3.22,1.35,3.24,1.31,3.46,True
624,Serie A (Italy),2024,2024-12-26 13:00:00,Ser-Team-05,Ser-Team-10,FINISHED,2.0,1.0,1.39,1.08,2.04,3.46,3.48,2.05,1.79,2.27,1.64,True
625,Bundesliga (Germany),2024,2024-12-26 13:00:00,Bun-Team-08,Bun-Team-09,FINISHED,0.0,1.0,0.42,1.0,6.9,2.68,1.85,4.61,1.2,5.71,1.15,True
626,Bundesliga (Germany),2024,2024-12-26 16:00:00,Bun-Team-10,Bun-Team-03,FINISHED,0.0,0.0,1.37,0.66,1.77,3.22,5.4,2.93,1.4,3.26,1.34,True
627,Bundesliga (Germany),2024,2024-12-26 18:00:00,Bun-Team-14,Bun-Team-15,FINISHED,2.0,1.0,1.31,1.7,4.22,4.04,1.75,1.77,2.05,1.77,2.05,True
628,Bundesliga (Germany),2024,2024-12-26 21:00:00,Bun-Team-16,Bun-Team-01,FINISHED,1.0,1.0,0.81,1.42,3.74,3.23,2.08,2.33,1.6,2.72,1.46,True
629,Bundesliga (Germany),2024,2024-12-26 18:00:00,Bun-Team-07,Bun-Team-12,FINISHED,1.0,2.0,1.3,1.31,3.11,3.44,2.25,1.98,1.84,2.24,1.65,True
630,Bundesliga (Germany),2024,2024-12-26 18:00:00,Bun-Team-06,Bun-Team-11,FINISHED,6.0,0.0,2.39,0.95,1.32,5.7,7.65,1.69,2.17,1.41,2.86,True
631,Bundesliga (Germany),2024,2024-12-26 16:00:00,Bun-Team-13,Bun-Team-04,FINISHED,3.0,0.0,1.93,1.05,1.83,4.08,3.74,1.65,2.27,1.65,2.21,True
632,Bundesliga (Germany),2024,2024-12-26 13:00:00,Bun-Team-02,Bun-Team-05,FINISHED,3.0,1.0,1.14,0.85,2.56,3.16,2.86,2.25,1.66,2.7,1.46,True
633,Ligue 1 (France),2024,2024-12-26 21:00:00,Lig-Team-16,Lig-Team-13,FINISHED,0.0,1.0,1.02,0.84,2.76,2.58,3.23,3.4,1.32,4.89,1.18,True
634,Ligue 1 (France),2024,2024-12-26 16:00:00,Lig-Team-06,Lig-Team-10,FINISHED,1.0,0.0,2.12,1.14,1.49,4.77,5.76,1.69,2.13,1.56,2.45,True
635,Ligue 1 (France),2024,2024-12-26 13:00:00,Lig-Team-04,Lig-Team-14,FINISHED,3.0,1.0,0.98,1.2,2.16,3.02,3.76,2.62,1.5,3.2,1.36,True
636,Ligue 1 (France),2024,2024-12-26 16:00:00,Lig-Team-11,Lig-Team-05,FINISHED,1.0,1.0,1.15,0.77,1.72,3.59,4.99,2.38,1.61,2.5,1.54,True
637,Ligue 1 (France),2024,2024-12-26 13:00:00,Lig-Team-02,Lig-Team-15,FINISHED,0.0,0.0,0.38,1.42,5.57,3.48,1.67,2.58,1.51,2.69,1.48,True
638,Ligue 1 (France),2024,2024-12-26 21:00:00,Lig-Team-07,Lig-Team-09,FINISHED,2.0,0.0,0.8,0.82,2.27,2.99,3.46,2.63,1.48,3.34,1.34,True
639,Ligue 1 (France),2024,2024-12-26 16:00:00,Lig-Team-08,Lig-Team-03,FINISHED,0.0,0.0,0.44,0.72,3.31,2.41,2.94,3.98,1.25,6.23,1.12,True
640,Ligue 1 (France),2024,2024-12-26 21:00:00,Lig-Team-12,Lig-Team-01,FINISHED,1.0,1.0,1.34,0.78,1.92,3.54,3.85,2.03,1.8,2.2,1.67,True
641,Premier League (England),2024,2025-01-01 13:00:00,Pre-Team-08,Pre-Team-01,FINISHED,1.0,3.0,0.65,1.4,4.69,3.25,1.85,2.57,1.52,2.91,1.43,True
642,Premier League (England),2024,2025-01-01 16:00:00,Pre-Team-04,Pre-Team-07,FINISHED,1.0,1.0,3.3,0.92,1.16,8.53,13.73,1.69,2.16,1.22,4.19,True
643,Premier League (England),2024,2025-01-01 16:00:00,Pre-Team-12,Pre-Team-10,FINISHED,1.0,1.0,1.97,1.01,1.77,4.24,3.93,1.62,2.34,1.59,2.34,True
644,Premier League (England),2024,2025-01-01 16:00:00,Pre-Team-16,Pre-Team-05,FINISHED,1.0,2.0,0.86,1.01,2.35,2.62,4.06,3.54,1.31,4.97,1.18,True
645,Premier League (England),2024,2025-01-01 21:00:00,Pre-Team-09,Pre-Team-02,FINISHED,2.0,0.0,0.61,0.71,4.31,2.89,2.07,3.02,1.39,3.82,1.27,True
646,Premier League (England),2024,2025-01-01 13:00:00,Pre-Team-15,Pre-Team-14,FINISHED,0.0,1.0,1.15,0.76,2.47,2.81,3.31,2.94,1.42,3.95,1.26,True
647,Premier League (England),2024,2025-01-01 18:00:00,Pre-Team-06,Pre-Team-11,FINISHED,2.0,1.0,1.18,1.44,3.42,3.71,2.02,1.8,2.04,1.91,1.9,True
648,Premier League (England),2024,2025-01-01 18:00:00,Pre-Team-13,Pre-Team-03,FINISHED,2.0,1.0,1.01,1.14,2.42,3.1,3.15,2.38,1.58,2.9,1.42,True
649,La Liga (Spain),2024,2025-01-01 16:00:00,La -Team-16,La -Team-01,FINISHED,2.0,2.0,1.37,1.54,3.02,3.61,2.22,1.82,2.0,1.97,1.83,True
650,La Liga (Spain),2024,2025-01-01 18:00:00,La -Team-12,La -Team-14,FINISHED,1.0,0.0,1.22,1.32,2.16,3.17,3.52,2.33,1.62,2.74,1.45,True
651,La Liga (Spain),2024,2025-01-01 13:00:00,La -Team-04,La -Team-08,FINISHED,0.0,0.0,0.54,0.71,3.72,2.57,2.5,3.57,1.29,5.1,1.17,True
652,La Liga (Spain),2024,2025-01-01 21:00:00,La -Team-06,La -Team-07,FINISHED,2.0,1.0,1.53,0.77,1.71,3.44,5.32,2.54,1.53,2.74,1.46,True
653,La Liga (Spain),2024,2025-01-01 21:00:00,La -Team-05,La -Team-11,FINISHED,1.0,0.0,1.05,0.17,2.03,3.19,3.93,2.46,1.55,2.88,1.43,True
654,La Liga (Spain),2024,2025-01-01 18:00:00,La -Team-02,La -Team-10,FINISHED,2.0,3.0,1.46,1.29,2.41,3.97,2.55,1.51,2.57,1.56,2.43,True
655,La Liga (Spain),2024,2025-01-01 16:00:00,La -Team-03,La -Team-09,FINISHED,0.0,5.0,2.34,2.21,2.23,4.85,2.48,1.21,4.45,1.17,5.09,True
656,La Liga (Spain),2024,2025-01-01 16:00:00,La -Team-13,La -Team-15,FINISHED,1.0,0.0,0.7,1.17,2.67,3.04,2.84,2.45,1.56,3.09,1.37,True
657,Serie A (Italy),2024,2025-01-01 13:00:00,Ser-Team-13,Ser-Team-11,FINISHED,0.0,0.0,1.42,0.64,1.99,3.1,4.32,2.69,1.45,3.21,1.36,True
658,Serie A (Italy),2024,2025-01-01 18:00:00,Ser-Team-04,Ser-Team-06,FINISHED,1.0,0.0,1.56,0.23,1.63,2.79,11.17,6.58,1.11,6.25,1.13,True
659,Serie A (Italy),2024,2025-01-01 16:00:00,Ser-Team-15,Ser-Team-08,FINISHED,4.0,2.0,1.8,0.92,1.65,4.31,4.46,1.65,2.28,1.61,2.35,True
660,Serie A (Italy),2024,2025-01-01 18:00:00,Ser-Team-12,Ser-Team-10,FINISHED,4.0,2.0,1.5,1.27,1.99,3.95,3.31,1.61,2.32,1.67,2.2,True
661,Serie A (Italy),2024,2025-01-01 16:00:00,Ser-Team-16,Ser-Team-03,FINISHED,1.0,1.0,1.45,1.86,3.26,3.98,1.98,1.6,2.33,1.63,2.27,True
662,Serie A (Italy),2024,2025-01-01 18:00:00,Ser-Team-14,Ser-Team-02,FINISHED,3.0,1.0,1.0,0.81,2.44,2.86,3.34,2.77,1.43,3.64,1.29,True
663,Serie A (Italy),2024,2025-01-01 13:00:00,Ser-Team-01,Ser-Team-09,FINISHED,0.0,1.0,1.15,0.59,1.84,3.31,4.73,2.55,1.5,2.86,1.43,True
664,Serie A (Italy),2024,2025-01-01 16:00:00,Ser-Team-07,Ser-Team-05,FINISHED,2.0,0.0,0.8,0.89,3.21,3.02,2.39,2.47,1.55,3.04,1.38,True
665,Bundesliga (Germany),2024,2025-01-01 21:00:00,Bun-Team-02,Bun-Team-14,FINISHED,4.0,0.0,2.1,1.46,2.0,4.2,3.13,1.48,2.66,1.49,2.63,True
666,Bundesliga (Germany),2024,2025-01-01 13:00:00,Bun-Team-04,Bun-Team-15,FINISHED,1.0,0.0,0.81,1.11,5.15,3.51,1.74,2.46,1.55,2.62,1.49,True
667,Bundesliga (Germany),2024,2025-01-01 21:00:00,Bun-Team-16,Bun-Team-07,FINISHED,3.0,0.0,0.58,1.11,3.43,3.24,2.16,2.23,1.65,2.63,1.49,True
668,Bundesliga (Germany),2024,2025-01-01 18:00:00,Bun-Team-08,Bun-Team-09,FINISHED,1.0,1.0,0.44,1.21,6.83,2.69,1.84,4.64,1.2,5.67,1.15,True
669,Bundesliga (Germany),2024,2025-01-01 18:00:00,Bun-Team-01,Bun-Team-06,FINISHED,0.0,1.0,1.2,1.73,2.82,3.57,2.34,1.81,2.02,1.97,1.85,True
670,Bundesliga (Germany),2024,2025-01-01 21:00:00,Bun-Team-13,Bun-Team-12,FINISHED,1.0,1.0,1.26,1.64,3.4,3.86,1.95,1.66,2.2,1.74,2.12,True
671,Bundesliga (Germany),2024,2025-01-01 16:00:00,Bun-Team-10,Bun-Team-11,FINISHED,2.0,0.0,1.35,0.66,1.75,3.81,4.39,1.99,1.84,2.04,1.8,True
672,Bundesliga (Germany),2024,2025-01-01 21:00:00,Bun-Team-03,Bun-Team-05,FINISHED,1.0,3.0,0.56,1.22,3.97,2.91,2.16,2.89,1.43,3.63,1.3,True
673,Ligue 1 (France),2024,2025-01-01 18:00:00,Lig-Team-13,Lig-Team-05,FINISHED,1.0,2.0,0.89,0.87,2.21,2.97,3.68,2.72,1.46,3.38,1.32,True
674,Ligue 1 (France),2024,2025-01-01 21:00:00,Lig-Team-09,Lig-Team-06,FINISHED,2.0,1.0,1.71,1.49,1.66,4.16,4.65,1.77,2.03,1.76,2.11,True
675,Ligue 1 (France),2024,2025-01-01 16:00:00,Lig-Team-11,Lig-Team-14,FINISHED,2.0,0.0,1.53,1.21,1.79,3.84,4.11,1.87,1.94,1.92,1.87,True
676,Ligue 1 (France),2024,2025-01-01 18:00:00,Lig-Team-04,Lig-Team-16,FINISHED,0.0,0.0,0.74,0.4,2.41,2.41,4.43,4.35,1.22,6.67,1.12,True
677,Ligue 1 (France),2024,2025-01-01 13:00:00,Lig-Team-07,Lig-Team-15,FINISHED,1.0,2.0,1.13,1.12,2.59,3.25,2.7,2.09,1.75,2.47,1.56,True
678,Ligue 1 (France),2024,2025-01-01 18:00:00,Lig-Team-03,Lig-Team-01,FINISHED,0.0,3.0,1.07,1.07,2.55,3.0,2.98,2.5,1.55,3.14,1.36,True
679,Ligue 1 (France),2024,2025-01-01 16:00:00,Lig-Team-12,Lig-Team-02,FINISHED,2.0,1.0,0.91,0.42,1.76,3.15,5.72,3.09,1.37,3.47,1.31,True
680,Ligue 1 (France),2024,2025-01-01 21:00:00,Lig-Team-08,Lig-Team-10,FINISHED,3.0,0.0,1.32,1.02,2.09,2.91,4.21,2.99,1.38,3.8,1.27,True
681,Premier League (England),2024,2025-01-02 18:00:00,Pre-Team-12,Pre-Team-06,FINISHED,2.0,1.0,1.34,1.29,2.53,3.7,2.53,1.72,2.14,1.83,1.98,True
682,Premier League (England),2024,2025-01-02 16:00:00,Pre-Team-10,Pre-Team-11,FINISHED,1.0,0.0,1.21,2.43,5.64,4.71,1.49,1.73,2.14,1.58,2.36,True
683,Premier League (England),2024,2025-01-02 16:00:00,Pre-Team-13,Pre-Team-09,FINISHED,1.0,0.0,1.11,0.87,2.39,2.78,3.55,2.99,1.4,4.0,1.26,True
684,Premier League (England),2024,2025-01-02 21:00:00,Pre-Team-14,Pre-Team-07,FINISHED,1.0,1.0,1.77,0.83,1.76,3.84,4.2,1.89,1.9,1.97,1.84,True
685,Premier League (England),2024,2025-01-02 21:00:00,Pre-Team-15,Pre-Team-01,FINISHED,1.0,1.0,0.93,1.54,2.94,3.29,2.39,2.09,1.75,2.42,1.57,True
686,Premier League (England),2024,2025-01-02 21:00:00,Pre-Team-02,Pre-Team-03,FINISHED,2.0,1.0,1.39,0.43,1.68,3.56,5.51,2.5,1.54,2.57,1.5,True
687,Premier League (England),2024,2025-01-02 18:00:00,Pre-Team-16,Pre-Team-08,FINISHED,1.0,0.0,1.52,0.32,1.67,2.98,7.78,4.25,1.21,4.56,1.2,True
688,Premier League (England),2024,2025-01-02 21:00:00,Pre-Team-05,Pre-Team-04,FINISHED,0.0,0.0,0.82,1.41,3.51,3.22,2.13,2.27,1.62,2.68,1.47,True
689,La Liga (Spain),2024,2025-01-02 13:00:00,La -Team-13,La -Team-14,FINISHED,2.0,1.0,0.92,1.21,3.94,3.11,2.07,2.59,1.51,3.11,1.37,True
690,La Liga (Spain),2024,2025-01-02 21:00:00,La -Team-15,La -Team-05,FINISHED,2.0,4.0,1.27,1.22,3.17,3.31,2.27,2.13,1.75,2.44,1.56,True
691,La Liga (Spain),2024,2025-01-02 16:00:00,La -Team-10,La -Team-03,FINISHED,0.0,0.0,2.83,1.26,1.4,5.45,6.07,1.5,2.6,1.33,3.34,True
692,La Liga (Spain),2024,2025-01-02 18:00:00,La -Team-12,La -Team-16,FINISHED,3.0,0.0,2.26,0.43,1.28,5.4,10.81,2.41,1.56,1.84,1.97,True
693,La Liga (Spain),2024,2025-01-02 18:00:00,La -Team-06,La -Team-11,FINISHED,1.0,2.0,0.98,0.41,2.54,3.01,3.05,2.52,1.53,3.18,1.36,True
694,La Liga (Spain),2024,2025-01-02 21:00:00,La -Team-04,La -Team-08,FINISHED,0.0,0.0,0.29,1.26,3.69,2.58,2.52,3.53,1.3,5.11,1.17,True
695,La Liga (Spain),2024,2025-01-02 18:00:00,La -Team-09,La -Team-07,FINISHED,3.0,1.0,1.43,1.16,1.95,3.8,3.48,1.76,2.06,1.86,1.93,True
696,La Liga (Spain),2024,2025-01-02 13:00:00,La -Team-02,La -Team-01,FINISHED,2.0,1.0,1.89,1.75,1.89,4.32,3.36,1.45,2.76,1.44,2.79,True
697,Serie A (Italy),2024,2025-01-02 16:00:00,Ser-Team-08,Ser-Team-15,FINISHED,1.0,2.0,1.1,1.77,3.0,3.9,2.13,1.62,2.34,1.66,2.23,True
698,Serie A (Italy),2024,2025-01-02 13:00:00,Ser-Team-11,Ser-Team-03,FINISHED,0.0,1.0,0.91,0.88,2.78,3.4,2.45,1.98,1.85,2.23,1.67,True
699,Serie A (Italy),2024,2025-01-02 21:00:00,Ser-Team-07,Ser-Team-14,FINISHED,1.0,1.0,0.58,0.93,2.93,3.13,2.49,2.28,1.64,2.72,1.46,True
700,Serie A (Italy),2024,2025-01-02 18:00:00,Ser-Team-12,Ser-Team-02,FINISHED,5.0,2.0,1.1,0.81,2.24,3.15,3.33,2.32,1.61,2.73,1.45,True
701,Serie A (Italy),2024,2025-01-02 18:00:00,Ser-Team-05,Ser-Team-16,FINISHED,1.0,0.0,1.99,0.51,1.42,4.44,7.76,2.36,1.6,2.07,1.76,True
702,Serie A (Italy),2024,2025-01-02 18:00:00,Ser-Team-06,Ser-Team-04,FINISHED,0.0,0.0,0.67,0.75,7.92,2.43,1.92,6.2,1.12,7.87,1.08,True
703,Serie A (Italy),2024,2025-01-02 16:00:00,Ser-Team-09,Ser-Team-10,FINISHED,1.0,0.0,1.25,1.08,2.48,3.55,2.65,1.82,1.97,2.03,1.79,True
704,Serie A (Italy),2024,2025-01-02 16:00:00,Ser-Team-01,Ser-Team-13,FINISHED,1.0,0.0,1.22,0.4,1.82,3.2,5.0,2.79,1.45,3.13,1.37,True
705,Bundesliga (Germany),2024,2025-01-02 16:00:00,Bun-Team-12,Bun-Team-11,FINISHED,2.0,0.0,2.13,0.77,1.38,5.02,7.17,1.89,1.91,1.64,2.27,True
706,Bundesliga (Germany),2024,2025-01-02 21:00:00,Bun-Team-04,Bun-Team-07,FINISHED,0.0,1.0,1.14,1.16,3.01,3.45,2.28,1.92,1.88,2.16,1.71,True
707,Bundesliga (Germany),2024,2025-01-02 18:00:00,Bun-Team-10,Bun-Team-05,FINISHED,0.0,0.0,0.65,1.03,2.49,3.02,3.08,2.49,1.55,3.12,1.37,True
708,Bundesliga (Germany),2024,2025-01-02 18:00:00,Bun-Team-02,Bun-Team-15,FINISHED,0.0,2.0,0.82,0.94,3.97,3.16,2.03,2.5,1.54,2.96,1.41,True
709,Bundesliga (Germany),2024,2025-01-02 21:00:00,Bun-Team-08,Bun-Team-06,FINISHED,0.0,0.0,0.47,1.51,6.3,3.6,1.63,2.73,1.46,2.74,1.47,True
710,Bundesliga (Germany),2024,2025-01-02 18:00:00,Bun-Team-03,Bun-Team-16,FINISHED,1.0,0.0,0.97,0.95,2.69,2.82,2.99,2.83,1.44,3.75,1.28,True
711,Bundesliga (Germany),2024,2025-01-02 21:00:00,Bun-Team-14,Bun-Team-01,FINISHED,0.0,1.0,1.7,1.6,2.66,4.02,2.31,1.52,2.59,1.56,2.48,True
712,Bundesliga (Germany),2024,2025-01-02 13:00:00,Bun-Team-09,Bun-Team-13,FINISHED,2.0,0.0,1.88,0.66,1.65,3.72,5.39,2.29,1.63,2.31,1.61,True
713,Ligue 1 (France),2024,2025-01-02 21:00:00,Lig-Team-04,Lig-Team-09,FINISHED,0.0,0.0,0.71,0.46,2.95,2.59,2.96,3.31,1.33,4.73,1.18,True
714,Ligue 1 (France),2024,2025-01-02 16:00:00,Lig-Team-16,Lig-Team-13,FINISHED,0.0,0.0,0.77,0.71,2.76,2.57,3.2,3.42,1.32,4.94,1.18,True
715,Ligue 1 (France),2024,2025-01-02 21:00:00,Lig-Team-14,Lig-Team-15,FINISHED,0.0,3.0,1.35,1.85,3.83,4.03,1.8,1.69,2.21,1.7,2.18,True
716,Ligue 1 (France),2024,2025-01-02 16:00:00,Lig-Team-03,Lig-Team-08,FINISHED,0.0,0.0,0.8,0.67,2.33,2.52,4.33,4.04,1.25,5.97,1.14,True
717,Ligue 1 (France),2024,2025-01-02 16:00:00,Lig-Team-01,Lig-Team-05,FINISHED,3.0,3.0,1.42,0.93,2.03,3.4,3.66,2.15,1.71,2.44,1.57,True
718,Ligue 1 (France),2024,2025-01-02 13:00:00,Lig-Team-10,Lig-Team-07,FINISHED,0.0,3.0,0.58,1.63,6.44,3.81,1.56,2.59,1.53,2.52,1.53,True
719,Ligue 1 (France),2024,2025-01-02 13:00:00,Lig-Team-02,Lig-Team-11,FINISHED,1.0,2.0,0.69,1.19,4.23,2.97,2.07,2.87,1.44,3.53,1.3,True
720,Ligue 1 (France),2024,2025-01-02 16:00:00,Lig-Team-06,Lig-Team-12,FINISHED,0.0,1.0,1.4,1.77,2.87,3.77,2.24,1.65,2.26,1.75,2.08,True
721,Premier League (England),2024,2025-01-08 18:00:00,Pre-Team-10,Pre-Team-05,FINISHED,0.0,2.0,0.48,1.41,4.24,3.41,1.88,2.3,1.62,2.56,1.52,True
722,Premier League (England),2024,2025-01-08 21:00:00,Pre-Team-12,Pre-Team-02,FINISHED,1.0,1.0,0.82,1.78,5.18,4.13,1.59,1.94,1.89,1.9,1.93,True
723,Premier League (England),2024,2025-01-08 21:00:00,Pre-Team-16,Pre-Team-14,FINISHED,2.0,1.0,1.04,0.7,2.11,2.59,5.06,4.07,1.23,5.56,1.14,True
724,Premier League (England),2024,2025-01-08 18:00:00,Pre-Team-09,Pre-Team-15,FINISHED,2.0,2.0,1.09,0.8,2.47,2.84,3.29,2.85,1.45,3.69,1.28,True
725,Premier League (England),2024,2025-01-08 16:00:00,Pre-Team-11,Pre-Team-04,FINISHED,0.0,4.0,1.54,1.48,2.68,3.77,2.39,1.66,2.25,1.74,2.09,True
726,Premier League (England),2024,2025-01-08 21:00:00,Pre-Team-13,Pre-Team-03,FINISHED,0.0,1.0,1.15,1.03,2.39,3.11,3.15,2.37,1.59,2.9,1.42,True
727,Premier League (England),2024,2025-01-08 18:00:00,Pre-Team-07,Pre-Team-06,FINISHED,1.0,2.0,1.43,1.44,2.86,3.99,2.16,1.53,2.52,1.56,2.41,True
728,Premier League (England),2024,2025-01-08 18:00:00,Pre-Team-08,Pre-Team-01,FINISHED,2.0,0.0,0.5,1.22,4.7,3.26,1.86,2.56,1.51,2.89,1.42,True
729,La Liga (Spain),2024,2025-01-08 18:00:00,La -Team-01,La -Team-06,FINISHED,0.0,2.0,0.93,1.44,2.61,3.59,2.54,1.79,2.04,1.95,1.86,True
730,La Liga (Spain),2024,2025-01-08 18:00:00,La -Team-15,La -Team-14,FINISHED,0.0,1.0,0.66,1.32,3.46,3.09,2.21,2.45,1.56,2.99,1.39,True
731,La Liga (Spain),2024,2025-01-08 18:00:00,La -Team-02,La -Team-07,FINISHED,0.0,0.0,1.79,1.06,1.64,4.05,4.95,1.92,1.89,1.91,1.9,True
732,La Liga (Spain),2024,2025-01-08 13:00:00,La -Team-03,La -Team-12,FINISHED,4.0,3.0,0.73,2.5,6.83,5.5,1.37,1.62,2.3,1.4,2.97,True
733,La Liga (Spain),2024,2025-01-08 21:00:00,La -Team-11,La -Team-16,FINISHED,0.0,0.0,1.16,0.73,1.69,3.47,5.75,2.68,1.47,2.83,1.43,True
734,La Liga (Spain),2024,2025-01-08 21:00:00,La -Team-05,La -Team-13,FINISHED,2.0,0.0,1.62,0.56,1.7,3.66,5.14,2.28,1.64,2.36,1.6,True
735,La Liga (Spain),2024,2025-01-08 18:00:00,La -Team-04,La -Team-08,FINISHED,2.0,2.0,0.41,1.4,3.72,2.55,2.5,3.58,1.3,5.15,1.17,True
736,La Liga (Spain),2024,2025-01-08 16:00:00,La -Team-10,La -Team-09,FINISHED,2.0,1.0,2.49,1.49,1.52,4.94,5.09,1.52,2.59,1.41,3.02,True
737,Serie A (Italy),2024,2025-01-08 16:00:00,Ser-Team-15,Ser-Team-11,FINISHED,2.0,0.0,0.86,1.15,2.29,3.1,3.38,2.43,1.57,2.94,1.41,True
738,Serie A (Italy),2024,2025-01-08 13:00:00,Ser-Team-04,Ser-Team-03,FINISHED,4.0,1.0,1.64,0.96,1.69,3.67,5.03,2.22,1.68,2.28,1.64,True
739,Serie A (Italy),2024,2025-01-08 16:00:00,Ser-Team-09,Ser-Team-07,FINISHED,1.0,2.0,1.32,0.72,2.22,3.22,3.32,2.21,1.67,2.61,1.51,True
740,Serie A (Italy),2024,2025-01-08 16:00:00,Ser-Team-13,Ser-Team-16,FINISHED,1.0,0.0,1.48,1.01,1.64,3.86,5.22,2.14,1.73,2.18,1.7,True
741,Serie A (Italy),2024,2025-01-08 13:00:00,Ser-Team-14,Ser-Team-08,FINISHED,5.0,0.0,2.27,0.78,1.29,5.8,8.82,1.85,1.95,1.5,2.6,True
742,Serie A (Italy),2024,2025-01-08 16:00:00,Ser-Team-06,Ser-Team-02,FINISHED,0.0,0.0,0.35,0.61,6.67,2.29,2.1,6.08,1.12,8.73,1.06,True
743,Serie A (Italy),2024,2025-01-08 16:00:00,Ser-Team-12,Ser-Team-05,FINISHED,1.0,2.0,0.76,0.85,2.47,3.04,3.05,2.41,1.57,3.0,1.39,True
744,Serie A (Italy),2024,2025-01-08 13:00:00,Ser-Team-01,Ser-Team-10,FINISHED,3.0,0.0,1.24,1.02,1.79,3.87,4.05,1.83,2.0,1.88,1.92,True
745,Bundesliga (Germany),2024,2025-01-08 18:00:00,Bun-Team-11,Bun-Team-09,FINISHED,0.0,0.0,0.57,1.18,4.9,3.48,1.74,2.41,1.57,2.57,1.53,True
746,Bundesliga (Germany),2024,2025-01-08 18:00:00,Bun-Team-13,Bun-Team-05,FINISHED,5.0,2.0,1.07,1.16,2.47,3.52,2.69,1.85,1.98,2.03,1.78,True
747,Bundesliga (Germany),2024,2025-01-08 18:00:00,Bun-Team-15,Bun-Team-14,FINISHED,2.0,1.0,2.22,0.96,1.43,4.83,6.58,1.85,1.95,1.67,2.23,True
748,Bundesliga (Germany),2024,2025-01-08 13:00:00,Bun-Team-16,Bun-Team-10,FINISHED,3.0,1.0,0.77,1.15,3.42,3.05,2.28,2.49,1.54,3.08,1.38,True
749,Bundesliga (Germany),2024,2025-01-08 13:00:00,Bun-Team-01,Bun-Team-03,FINISHED,1.0,1.0,1.41,0.56,1.64,3.49,6.04,2.73,1.46,2.84,1.43,True
750,Bundesliga (Germany),2024,2025-01-08 16:00:00,Bun-Team-02,Bun-Team-08,FINISHED,1.0,0.0,1.37,0.41,1.81,3.08,5.55,3.2,1.35,3.68,1.28,True
751,Bundesliga (Germany),2024,2025-01-08 13:00:00,Bun-Team-12,Bun-Team-06,FINISHED,2.0,4.0,1.79,0.87,2.2,3.72,2.95,1.75,2.12,1.87,1.94,True
752,Bundesliga (Germany),2024,2025-01-08 16:00:00,Bun-Team-07,Bun-Team-04,FINISHED,1.0,2.0,1.8,0.85,1.79,3.8,4.29,1.97,1.83,2.05,1.79,True
753,Ligue 1 (France),2024,2025-01-08 21:00:00,Lig-Team-04,Lig-Team-10,FINISHED,2.0,0.0,1.39,0.29,1.61,3.41,7.03,3.27,1.34,3.27,1.33,True
754,Ligue 1 (France),2024,2025-01-08 21:00:00,Lig-Team-02,Lig-Team-06,FINISHED,3.0,2.0,1.1,0.91,2.9,3.29,2.43,2.12,1.75,2.44,1.56,True
755,Ligue 1 (France),2024,2025-01-08 16:00:00,Lig-Team-09,Lig-Team-11,FINISHED,0.0,2.0,1.03,0.71,2.27,3.22,3.22,2.22,1.65,2.62,1.49,True
756,Ligue 1 (France),2024,2025-01-08 21:00:00,Lig-Team-12,Lig-Team-05,FINISHED,0.0,2.0,1.13,0.68,1.8,3.43,4.74,2.42,1.57,2.67,1.48,True
757,Ligue 1 (France),2024,2025-01-08 18:00:00,Lig-Team-13,Lig-Team-08,FINISHED,0.0,1.0,0.73,0.53,2.17,2.67,4.46,3.58,1.3,4.84,1.17,True
758,Ligue 1 (France),2024,2025-01-08 16:00:00,Lig-Team-07,Lig-Team-01,FINISHED,3.0,0.0,1.54,0.79,1.77,3.53,4.74,2.32,1.63,2.48,1.53,True
759,Ligue 1 (France),2024,2025-01-08 13:00:00,Lig-Team-03,Lig-Team-16,FINISHED,1.0,0.0,1.09,0.59,2.72,2.45,3.52,3.88,1.27,5.85,1.13,True
760,Ligue 1 (France),2024,2025-01-08 18:00:00,Lig-Team-15,Lig-Team-14,FINISHED,1.0,1.0,1.87,0.68,1.47,4.8,5.99,1.74,2.09,1.59,2.36,True
761,Premier League (England),2024,2025-01-09 21:00:00,Pre-Team-10,Pre-Team-04,FINISHED,1.0,3.0,0.75,2.36,7.74,4.97,1.37,2.0,1.82,1.69,2.18,True
762,Premier League (England),2024,2025-01-09 18:00:00,Pre-Team-13,Pre-Team-07,FINISHED,2.0,1.0,2.19,0.8,1.58,4.41,4.93,1.72,2.16,1.64,2.27,True
763,Premier League (England),2024,2025-01-09 13:00:00,Pre-Team-02,Pre-Team-09,FINISHED,1.0,0.0,0.71,0.41,1.73,3.21,6.05,3.16,1.36,3.42,1.32,True
764,Premier League (England),2024,2025-01-09 21:00:00,Pre-Team-14,Pre-Team-15,FINISHED,0.0,0.0,1.07,0.48,2.54,2.76,3.26,2.96,1.41,3.93,1.26,True
765,Premier League (England),2024,2025-01-09 13:00:00,Pre-Team-16,Pre-Team-01,FINISHED,1.0,0.0,1.36,0.85,2.26,2.94,3.6,2.72,1.46,3.44,1.31,True
766,Premier League (England),2024,2025-01-09 16:00:00,Pre-Team-03,Pre-Team-05,FINISHED,0.0,1.0,1.25,0.62,2.62,2.98,2.89,2.48,1.55,3.13,1.37,True
767,Premier League (England),2024,2025-01-09 16:00:00,Pre-Team-11,Pre-Team-08,FINISHED,0.0,1.0,2.23,0.66,1.37,4.59,8.71,2.49,1.55,2.06,1.77,True
768,Premier League (England),2024,2025-01-09 21:00:00,Pre-Team-12,Pre-Team-06,FINISHED,0.0,1.0,1.41,1.37,2.52,3.68,2.54,1.71,2.16,1.83,1.98,True
769,La Liga (Spain),2024,2025-01-09 16:00:00,La -Team-10,La -Team-06,FINISHED,1.0,2.0,1.49,1.19,2.12,3.55,3.27,1.91,1.88,2.13,1.73,True
770,La Liga (Spain),2024,2025-01-09 13:00:00,La -Team-02,La -Team-13,FINISHED,0.0,2.0,1.66,1.12,1.99,3.78,3.44,1.78,2.05,1.89,1.94,True
771,La Liga (Spain),2024,2025-01-09 13:00:00,La -Team-09,La -Team-16,FINISHED,0.0,1.0,1.86,1.38,1.86,4.15,3.53,1.56,2.46,1.56,2.42,True
772,La Liga (Spain),2024,2025-01-09 21:00:00,La -Team-03,La -Team-12,FINISHED,0.0,4.0,1.14,2.36,6.84,5.46,1.38,1.63,2.3,1.4,2.98,True
773,La Liga (Spain),2024,2025-01-09 18:00:00,La -Team-08,La -Team-14,FINISHED,1.0,1.0,0.68,0.53,2.85,2.8,2.85,2.89,1.42,3.89,1.27,True
774,La Liga (Spain),2024,2025-01-09 16:00:00,La -Team-07,La -Team-05,FINISHED,0.0,2.0,0.12,1.3,5.06,3.5,1.72,2.42,1.57,2.58,1.49,True
775,La Liga (Spain),2024,2025-01-09 21:00:00,La -Team-01,La -Team-04,FINISHED,0.0,1.0,1.2,0.6,2.3,3.13,3.25,2.34,1.61,2.82,1.44,True
776,La Liga (Spain),2024,2025-01-09 18:00:00,La -Team-15,La -Team-11,FINISHED,1.0,0.0,0.69,0.83,2.71,2.86,2.92,2.71,1.46,3.58,1.3,True
777,Serie A (Italy),2024,2025-01-09 16:00:00,Ser-Team-01,Ser-Team-13,FINISHED,2.0,0.0,1.17,0.78,1.84,3.2,5.04,2.76,1.45,3.13,1.37,True
778,Serie A (Italy),2024,2025-01-09 16:00:00,Ser-Team-07,Ser-Team-09,FINISHED,2.0,0.0,1.04,0.91,2.5,3.2,2.9,2.2,1.68,2.63,1.49,True
779,Serie A (Italy),2024,2025-01-09 13:00:00,Ser-Team-14,Ser-Team-12,FINISHED,1.0,0.0,1.35,1.19,2.42,3.19,3.02,2.24,1.66,2.67,1.47,True
780,Serie A (Italy),2024,2025-01-09 21:00:00,Ser-Team-02,Ser-Team-08,FINISHED,2.0,0.0,2.18,0.95,1.31,5.5,8.36,1.89,1.93,1.56,2.45,True
781,Serie A (Italy),2024,2025-01-09 18:00:00,Ser-Team-03,Ser-Team-15,FINISHED,1.0,0.0,1.51,0.74,1.99,3.51,3.64,2.01,1.8,2.2,1.67,True
782,Serie A (Italy),2024,2025-01-09 13:00:00,Ser-Team-16,Ser-Team-10,FINISHED,3.0,3.0,1.13,2.19,4.39,4.59,1.62,1.52,2.6,1.44,2.8,True
783,Serie A (Italy),2024,2025-01-09 13:00:00,Ser-Team-06,Ser-Team-05,FINISHED,1.0,0.0,0.23,0.87,7.44,2.3,2.05,6.59,1.11,9.24,1.06,True
784,Serie A (Italy),2024,2025-01-09 13:00:00,Ser-Team-11,Ser-Team-04,FINISHED,1.0,0.0,0.91,1.52,4.6,3.16,1.9,2.69,1.48,3.1,1.38,True
785,Bundesliga (Germany),2024,2025-01-09 13:00:00,Bun-Team-12,Bun-Team-16,FINISHED,2.0,0.0,1.88,0.79,1.43,4.24,7.46,2.43,1.56,2.17,1.68,True
786,Bundesliga (Germany),2024,2025-01-09 21:00:00,Bun-Team-01,Bun-Team-04,FINISHED,3.0,0.0,1.45,0.81,1.72,3.81,4.72,2.08,1.76,2.12,1.73,True
787,Bundesliga (Germany),2024,2025-01-09 16:00:00,Bun-Team-05,Bun-Team-15,FINISHED,3.0,0.0,0.72,1.39,3.7,2.91,2.25,2.8,1.45,3.56,1.3,True
788,Bundesliga (Germany),2024,2025-01-09 21:00:00,Bun-Team-11,Bun-Team-02,FINISHED,1.0,1.0,1.36,1.36,2.84,3.63,2.33,1.73,2.1,1.9,1.9,True
789,Bundesliga (Germany),2024,2025-01-09 21:00:00,Bun-Team-08,Bun-Team-14,FINISHED,1.0,0.0,0.91,1.68,3.55,3.45,2.05,2.07,1.77,2.33,1.61,True
790,Bundesliga (Germany),2024,2025-01-09 13:00:00,Bun-Team-06,Bun-Team-13,FINISHED,1.0,0.0,2.17,1.45,1.5,4.88,5.25,1.55,2.47,1.43,2.84,True
791,Bundesliga (Germany),2024,2025-01-09 21:00:00,Bun-Team-03,Bun-Team-09,FINISHED,1.0,2.0,0.12,0.94,6.06,2.93,1.81,3.68,1.29,4.33,1.22,True
792,Bundesliga (Germany),2024,2025-01-09 18:00:00,Bun-Team-10,Bun-Team-07,FINISHED,1.0,2.0,1.01,1.21,2.38,3.19,3.04,2.21,1.66,2.6,1.5,True
793,Ligue 1 (France),2024,2025-01-09 13:00:00,Lig-Team-06,Lig-Team-09,FINISHED,0.0,0.0,1.38,1.7,3.15,3.76,2.1,1.73,2.13,1.83,1.97,True
794,Ligue 1 (France),2024,2025-01-09 18:00:00,Lig-Team-15,Lig-Team-14,FINISHED,2.0,2.0,2.26,1.13,1.47,4.77,5.99,1.73,2.11,1.59,2.36,True
795,Ligue 1 (France),2024,2025-01-09 21:00:00,Lig-Team-08,Lig-Team-03,FINISHED,1.0,2.0,0.54,0.64,3.33,2.41,2.92,3.97,1.25,6.24,1.14,True
796,Ligue 1 (France),2024,2025-01-09 16:00:00,Lig-Team-11,Lig-Team-13,FINISHED,2.0,0.0,1.37,0.81,1.95,3.25,4.2,2.45,1.56,2.83,1.44,True
797,Ligue 1 (France),2024,2025-01-09 16:00:00,Lig-Team-02,Lig-Team-10,FINISHED,3.0,0.0,1.13,0.84,2.07,2.96,4.19,2.91,1.43,3.63,1.29,True
798,Ligue 1 (France),2024,2025-01-09 21:00:00,Lig-Team-04,Lig-Team-12,FINISHED,1.0,0.0,1.05,0.86,2.69,2.69,3.13,3.1,1.38,4.32,1.23,True
799,Ligue 1 (France),2024,2025-01-09 18:00:00,Lig-Team-16,Lig-Team-05,FINISHED,0.0,1.0,1.07,0.66,2.43,2.71,3.63,3.15,1.35,4.35,1.21,True
800,Ligue 1 (France),2024,2025-01-09 21:00:00,Lig-Team-07,Lig-Team-01,FINISHED,2.0,0.0,1.85,0.73,1.77,3.53,4.78,2.33,1.62,2.48,1.54,True
801,Premier League (England),2024,2025-01-15 16:00:00,Pre-Team-08,Pre-Team-13,FINISHED,1.0,0.0,0.64,0.99,3.97,2.8,2.23,3.11,1.38,4.07,1.24,True
802,Premier League (England),2024,2025-01-15 13:00:00,Pre-Team-10,Pre-Team-04,FINISHED,1.0,1.0,1.28,2.06,7.68,5.04,1.37,1.99,1.82,1.7,2.19,True
803,Premier League (England),2024,2025-01-15 13:00:00,Pre-Team-05,Pre-Team-12,FINISHED,1.0,0.0,1.68,1.02,1.71,3.85,4.62,1.99,1.83,2.04,1.8,True
804,Premier League (England),2024,2025-01-15 18:00:00,Pre-Team-01,Pre-Team-06,FINISHED,0.0,1.0,1.73,0.66,1.83,3.67,4.18,2.04,1.8,2.17,1.72,True
805,Premier League (England),2024,2025-01-15 21:00:00,Pre-Team-03,Pre-Team-09,FINISHED,2.0,0.0,0.88,0.7,2.31,2.93,3.5,2.68,1.49,3.4,1.32,True
806,Premier League (England),2024,2025-01-15 21:00:00,Pre-Team-11,Pre-Team-02,FINISHED,2.0,0.0,0.69,1.33,2.7,3.42,2.51,1.95,1.88,2.19,1.69,True
807,Premier League (England),2024,2025-01-15 21:00:00,Pre-Team-16,Pre-Team-07,FINISHED,2.0,0.0,2.06,1.03,1.41,4.55,7.24,2.15,1.71,1.9,1.91,True
808,Premier League (England),2024,2025-01-15 16:00:00,Pre-Team-14,Pre-Team-15,FINISHED,1.0,2.0,1.05,1.01,2.53,2.79,3.26,2.93,1.42,3.92,1.26,True
809,La Liga (Spain),2024,2025-01-15 13:00:00,La -Team-11,La -Team-13,FINISHED,1.0,1.0,1.27,0.2,2.11,2.93,4.06,2.88,1.41,3.65,1.29,True
810,La Liga (Spain),2024,2025-01-15 21:00:00,La -Team-14,La -Team-15,FINISHED,1.0,1.0,1.82,0.77,1.8,3.37,4.89,2.53,1.52,2.79,1.46,True
811,La Liga (Spain),2024,2025-01-15 13:00:00,La -Team-10,La -Team-09,FINISHED,4.0,2.0,2.27,1.18,1.52,4.97,5.1,1.5,2.57,1.41,3.0,True
812,La Liga (Spain),2024,2025-01-15 16:00:00,La -Team-12,La -Team-07,FINISHED,2.0,0.0,1.84,0.19,1.36,4.54,9.86,2.83,1.45,2.27,1.62,True
813,La Liga (Spain),2024,2025-01-15 13:00:00,La -Team-01,La -Team-02,FINISHED,4.0,0.0,1.68,1.48,2.35,4.13,2.57,1.44,2.82,1.46,2.74,True
814,La Liga (Spain),2024,2025-01-15 21:00:00,La -Team-04,La -Team-05,FINISHED,0.0,2.0,0.97,1.21,3.79,3.04,2.13,2.62,1.5,3.2,1.35,True
815,La Liga (Spain),2024,2025-01-15 21:00:00,La -Team-03,La -Team-06,FINISHED,1.0,6.0,1.31,1.43,3.43,4.24,1.89,1.51,2.61,1.5,2.6,True
816,La Liga (Spain),2024,2025-01-15 16:00:00,La -Team-16,La -Team-08,FINISHED,2.0,3.0,0.58,1.28,4.62,3.21,1.87,2.67,1.48,3.06,1.38,True
817,Serie A (Italy),2024,2025-01-15 16:00:00,Ser-Team-12,Ser-Team-02,FINISHED,1.0,0.0,1.59,0.96,2.25,3.16,3.36,2.3,1.61,2.77,1.45,True
818,Serie A (Italy),2024,2025-01-15 18:00:00,Ser-Team-08,Ser-Team-11,FINISHED,2.0,4.0,1.24,1.91,2.78,3.91,2.26,1.57,2.38,1.66,2.24,True
819,Serie A (Italy),2024,2025-01-15 16:00:00,Ser-Team-10,Ser-Team-06,FINISHED,0.0,0.0,1.64,0.55,1.54,3.42,8.86,3.93,1.26,3.7,1.28,True
820,Serie A (Italy),2024,2025-01-15 16:00:00,Ser-Team-16,Ser-Team-04,FINISHED,1.0,1.0,0.71,1.74,5.64,4.01,1.59,2.13,1.69,2.08,1.77,True
821,Serie A (Italy),2024,2025-01-15 21:00:00,Ser-Team-05,Ser-Team-09,FINISHED,0.0,1.0,0.89,0.52,2.07,2.92,4.15,2.92,1.41,3.66,1.28,True
822,Serie A (Italy),2024,2025-01-15 18:00:00,Ser-Team-03,Ser-Team-01,FINISHED,0.0,0.0,0.73,1.29,3.7,3.53,1.98,1.99,1.81,2.21,1.67,True
823,Serie A (Italy),2024,2025-01-15 18:00:00,Ser-Team-15,Ser-Team-14,FINISHED,0.0,0.0,0.69,1.17,3.63,3.05,2.19,2.55,1.51,3.19,1.36,True
824,Serie A (Italy),2024,2025-01-15 13:00:00,Ser-Team-13,Ser-Team-07,FINISHED,2.0,0.0,0.95,0.89,2.34,3.12,3.23,2.36,1.59,2.9,1.43,True
825,Bundesliga (Germany),2024,2025-01-15 18:00:00,Bun-Team-12,Bun-Team-10,FINISHED,0.0,0.0,1.83,0.37,1.81,3.52,4.51,2.26,1.65,2.46,1.54,True
826,Bundesliga (Germany),2024,2025-01-15 21:00:00,Bun-Team-02,Bun-Team-04,FINISHED,0.0,0.0,1.46,1.01,1.9,3.58,3.85,1.97,1.83,2.12,1.72,True
827,Bundesliga (Germany),2024,2025-01-15 16:00:00,Bun-Team-03,Bun-Team-05,FINISHED,2.0,0.0,0.89,0.98,4.0,2.92,2.14,2.86,1.43,3.65,1.29,True
828,Bundesliga (Germany),2024,2025-01-15 21:00:00,Bun-Team-14,Bun-Team-13,FINISHED,1.0,1.0,2.16,1.6,2.13,4.52,2.72,1.28,3.62,1.27,3.83,True
829,Bundesliga (Germany),2024,2025-01-15 16:00:00,Bun-Team-16,Bun-Team-01,FINISHED,1.0,1.0,0.7,1.49,3.77,3.25,2.07,2.34,1.61,2.72,1.46,True
830,Bundesliga (Germany),2024,2025-01-15 16:00:00,Bun-Team-08,Bun-Team-09,FINISHED,1.0,1.0,0.47,0.63,6.87,2.69,1.85,4.67,1.2,5.61,1.14,True
831,Bundesliga (Germany),2024,2025-01-15 18:00:00,Bun-Team-07,Bun-Team-15,FINISHED,1.0,2.0,0.67,0.97,3.66,3.11,2.15,2.46,1.56,2.95,1.41,True
832,Bundesliga (Germany),2024,2025-01-15 16:00:00,Bun-Team-11,Bun-Team-06,FINISHED,1.0,1.0,1.45,2.35,4.66,4.55,1.6,1.61,2.35,1.52,2.53,True
833,Ligue 1 (France),2024,2025-01-15 21:00:00,Lig-Team-05,Lig-Team-14,FINISHED,3.0,0.0,1.16,1.53,2.63,3.36,2.64,1.98,1.82,2.3,1.62,True
834,Ligue 1 (France),2024,2025-01-15 18:00:00,Lig-Team-11,Lig-Team-06,FINISHED,2.0,1.0,2.19,1.13,1.65,4.37,4.42,1.64,2.26,1.61,2.36,True
835,Ligue 1 (France),2024,2025-01-15 13:00:00,Lig-Team-08,Lig-Team-02,FINISHED,0.0,2.0,0.74,0.6,2.82,2.37,3.58,4.27,1.24,6.7,1.12,True
836,Ligue 1 (France),2024,2025-01-15 16:00:00,Lig-Team-04,Lig-Team-03,FINISHED,1.0,1.0,1.03,0.23,2.4,2.46,4.31,4.13,1.25,6.15,1.14,True
837,Ligue 1 (France),2024,2025-01-15 13:00:00,Lig-Team-10,Lig-Team-13,FINISHED,0.0,3.0,0.81,1.34,4.04,3.16,2.0,2.47,1.55,2.89,1.42,True
838,Ligue 1 (France),2024,2025-01-15 18:00:00,Lig-Team-12,Lig-Team-07,FINISHED,1.0,0.0,1.04,0.92,2.79,3.01,2.72,2.49,1.54,3.12,1.37,True
839,Ligue 1 (France),2024,2025-01-15 21:00:00,Lig-Team-09,Lig-Team-01,FINISHED,0.0,0.0,1.53,0.94,1.85,3.5,4.29,2.18,1.71,2.34,1.61,True
840,Ligue 1 (France),2024,2025-01-15 13:00:00,Lig-Team-16,Lig-Team-15,FINISHED,0.0,0.0,0.81,1.33,4.25,3.21,1.94,2.51,1.53,2.91,1.41,True
841,Premier League (England),2024,2025-01-16 13:00:00,Pre-Team-07,Pre-Team-05,FINISHED,1.0,1.0,1.35,1.97,3.74,3.96,1.86,1.73,2.1,1.79,2.04,True
842,Premier League (England),2024,2025-01-16 21:00:00,Pre-Team-12,Pre-Team-01,FINISHED,2.0,3.0,1.17,1.52,3.41,4.0,1.94,1.6,2.33,1.65,2.28,True
843,Premier League (England),2024,2025-01-16 16:00:00,Pre-Team-06,Pre-Team-16,FINISHED,2.0,2.0,1.08,1.04,3.59,2.79,2.4,2.98,1.4,4.02,1.26,True
844,Premier League (England),2024,2025-01-16 16:00:00,Pre-Team-02,Pre-Team-08,FINISHED,0.0,0.0,1.85,0.37,1.39,4.03,10.52,3.51,1.3,2.88,1.42,True
845,Premier League (England),2024,2025-01-16 21:00:00,Pre-Team-15,Pre-Team-09,FINISHED,0.0,0.0,1.09,0.61,2.51,2.84,3.19,2.82,1.44,3.73,1.29,True
846,Premier League (England),2024,2025-01-16 16:00:00,Pre-Team-11,Pre-Team-10,FINISHED,0.0,0.0,2.21,1.31,1.26,6.08,9.46,1.86,1.95,1.46,2.69,True
847,Premier League (England),2024,2025-01-16 18:00:00,Pre-Team-14,Pre-Team-13,FINISHED,1.0,0.0,0.85,0.75,2.82,2.7,3.0,3.09,1.38,4.27,1.23,True
848,Premier League (England),2024,2025-01-16 18:00:00,Pre-Team-04,Pre-Team-03,FINISHED,1.0,1.0,1.91,0.57,1.54,4.1,5.82,2.1,1.74,2.0,1.81,True
849,La Liga (Spain),2024,2025-01-16 18:00:00,La -Team-10,La -Team-02,FINISHED,3.0,1.0,1.69,1.3,1.89,4.17,3.44,1.52,2.52,1.54,2.51,True
850,La Liga (Spain),2024,2025-01-16 21:00:00,La -Team-14,La -Team-03,FINISHED,3.0,0.0,2.41,1.06,1.28,6.04,9.2,1.81,2.01,1.43,2.77,True
851,La Liga (Spain),2024,2025-01-16 13:00:00,La -Team-07,La -Team-01,FINISHED,2.0,0.0,1.0,1.19,3.05,3.3,2.35,2.1,1.74,2.46,1.55,True
852,La Liga (Spain),2024,2025-01-16 16:00:00,La -Team-04,La -Team-15,FINISHED,0.0,1.0,0.76,0.55,2.85,2.76,2.88,2.96,1.43,3.98,1.26,True
853,La Liga (Spain),2024,2025-01-16 16:00:00,La -Team-12,La -Team-16,FINISHED,3.0,0.0,2.06,0.39,1.28,5.36,10.8,2.43,1.57,1.85,1.96,True
854,La Liga (Spain),2024,2025-01-16 13:00:00,La -Team-05,La -Team-06,FINISHED,1.0,0.0,1.47,1.25,1.81,3.67,4.13,2.0,1.82,2.12,1.72,True
855,La Liga (Spain),2024,2025-01-16 18:00:00,La -Team-11,La -Team-09,FINISHED,3.0,1.0,1.72,1.02,1.64,4.04,4.77,1.86,1.91,1.86,1.97,True
856,La Liga (Spain),2024,2025-01-16 21:00:00,La -Team-08,La -Team-13,FINISHED,1.0,0.0,1.26,0.56,1.94,2.99,4.75,3.0,1.38,3.63,1.29,True
857,Serie A (Italy),2024,2025-01-16 21:00:00,Ser-Team-01,Ser-Team-09,FINISHED,1.0,0.0,1.23,0.71,1.83,3.31,4.74,2.56,1.51,2.87,1.44,True
858,Serie A (Italy),2024,2025-01-16 16:00:00,Ser-Team-02,Ser-Team-11,FINISHED,1.0,2.0,1.55,0.81,1.74,3.33,5.31,2.72,1.47,3.0,1.4,True
859,Serie A (Italy),2024,2025-01-16 18:00:00,Ser-Team-15,Ser-Team-13,FINISHED,1.0,0.0,0.76,1.23,2.99,2.89,2.67,2.67,1.48,3.46,1.32,True
860,Serie A (Italy),2024,2025-01-16 16:00:00,Ser-Team-05,Ser-Team-08,FINISHED,1.0,0.0,2.41,0.72,1.28,5.75,9.59,2.02,1.8,1.6,2.39,True
861,Serie A (Italy),2024,2025-01-16 16:00:00,Ser-Team-12,Ser-Team-16,FINISHED,3.0,1.0,2.51,0.64,1.34,5.39,8.01,1.87,1.95,1.56,2.44,True
862,Serie A (Italy),2024,2025-01-16 21:00:00,Ser-Team-07,Ser-Team-14,FINISHED,0.0,0.0,0.85,1.1,2.96,3.18,2.47,2.27,1.64,2.73,1.46,True
863,Serie A (Italy),2024,2025-01-16 16:00:00,Ser-Team-06,Ser-Team-04,FINISHED,2.0,0.0,0.34,0.88,7.89,2.43,1.91,6.23,1.12,7.83,1.08,True
864,Serie A (Italy),2024,2025-01-16 13:00:00,Ser-Team-03,Ser-Team-10,FINISHED,4.0,1.0,1.34,1.46,2.66,4.01,2.31,1.53,2.54,1.56,2.41,True
865,Bundesliga (Germany),2024,2025-01-16 13:00:00,Bun-Team-05,Bun-Team-04,FINISHED,5.0,3.0,1.37,0.65,1.83,3.5,4.36,2.21,1.69,2.41,1.58,True
866,Bundesliga (Germany),2024,2025-01-16 16:00:00,Bun-Team-08,Bun-Team-10,FINISHED,1.0,0.0,0.57,0.63,4.39,2.65,2.18,3.51,1.31,4.7,1.2,True
867,Bundesliga (Germany),2024,2025-01-16 21:00:00,Bun-Team-13,Bun-Team-06,FINISHED,0.0,0.0,1.63,1.79,3.43,4.25,1.89,1.5,2.61,1.49,2.62,True
868,Bundesliga (Germany),2024,2025-01-16 18:00:00,Bun-Team-09,Bun-Team-03,FINISHED,1.0,0.0,1.41,0.19,1.54,3.4,8.75,3.89,1.25,3.7,1.28,True
869,Bundesliga (Germany),2024,2025-01-16 13:00:00,Bun-Team-07,Bun-Team-12,FINISHED,1.0,1.0,1.32,1.18,3.13,3.42,2.26,1.99,1.83,2.24,1.65,True
870,Bundesliga (Germany),2024,2025-01-16 21:00:00,Bun-Team-01,Bun-Team-11,FINISHED,3.0,2.0,2.24,0.84,1.61,4.15,5.0,1.86,1.95,1.84,1.97,True
871,Bundesliga (Germany),2024,2025-01-16 21:00:00,Bun-Team-16,Bun-Team-15,FINISHED,0.0,0.0,0.73,1.5,5.8,3.3,1.7,2.91,1.42,3.15,1.36,True
872,Bundesliga (Germany),2024,2025-01-16 13:00:00,Bun-Team-14,Bun-Team-02,FINISHED,0.0,1.0,1.64,1.65,2.21,4.07,2.73,1.47,2.68,1.52,2.59,True
873,Ligue 1 (France),2024,2025-01-16 16:00:00,Lig-Team-06,Lig-Team-03,FINISHED,1.0,2.0,1.07,0.71,2.25,3.39,3.09,2.01,1.82,2.28,1.63,True
874,Ligue 1 (France),2024,2025-01-16 16:00:00,Lig-Team-13,Lig-Team-02,FINISHED,1.0,2.0,0.97,0.56,2.13,2.7,4.45,3.45,1.31,4.64,1.2,True
875,Ligue 1 (France),2024,2025-01-16 16:00:00,Lig-Team-04,Lig-Team-08,FINISHED,0.0,1.0,0.71,0.57,2.1,2.51,5.5,4.63,1.19,6.55,1.12,True
876,Ligue 1 (France),2024,2025-01-16 18:00:00,Lig-Team-11,Lig-Team-10,FINISHED,0.0,3.0,1.9,0.76,1.35,4.87,8.72,2.31,1.63,1.91,1.9,True
877,Ligue 1 (France),2024,2025-01-16 18:00:00,Lig-Team-05,Lig-Team-14,FINISHED,1.0,0.0,1.25,1.36,2.61,3.36,2.64,1.99,1.82,2.3,1.64,True
878,Ligue 1 (France),2024,2025-01-16 18:00:00,Lig-Team-12,Lig-Team-16,FINISHED,2.0,0.0,1.06,0.8,2.05,2.92,4.38,3.0,1.4,3.73,1.28,True
879,Ligue 1 (France),2024,2025-01-16 21:00:00,Lig-Team-07,Lig-Team-15,FINISHED,1.0,3.0,0.86,1.37,2.61,3.26,2.7,2.1,1.75,2.47,1.55,True
880,Ligue 1 (France),2024,2025-01-16 13:00:00,Lig-Team-09,Lig-Team-01,FINISHED,0.0,0.0,1.31,1.05,1.85,3.55,4.3,2.15,1.71,2.32,1.62,True
881,Premier League (England),2024,2025-01-22 13:00:00,Pre-Team-15,Pre-Team-09,FINISHED,1.0,0.0,1.29,0.91,2.54,2.83,3.21,2.83,1.45,3.69,1.27,True
882,Premier League (England),2024,2025-01-22 13:00:00,Pre-Team-03,Pre-Team-13,FINISHED,2.0,3.0,1.0,0.71,2.4,3.07,3.15,2.37,1.59,2.9,1.43,True
883,Premier League (England),2024,2025-01-22 16:00:00,Pre-Team-06,Pre-Team-11,FINISHED,1.0,2.0,1.32,1.55,3.4,3.76,2.0,1.8,2.03,1.92,1.91,True
884,Premier League (England),2024,2025-01-22 13:00:00,Pre-Team-14,Pre-Team-01,FINISHED,1.0,2.0,1.09,0.89,3.11,2.98,2.46,2.52,1.52,3.19,1.35,True
885,Premier League (England),2024,2025-01-22 21:00:00,Pre-Team-02,Pre-Team-05,FINISHED,1.0,0.0,1.19,0.41,1.87,3.11,4.88,2.87,1.44,3.33,1.34,True
886,Premier League (England),2024,2025-01-22 21:00:00,Pre-Team-16,Pre-Team-04,FINISHED,1.0,2.0,0.63,0.72,3.02,2.88,2.61,2.72,1.49,3.47,1.31,True
887,Premier League (England),2024,2025-01-22 18:00:00,Pre-Team-10,Pre-Team-08,FINISHED,0.0,1.0,1.27,0.86,2.36,3.06,3.26,2.44,1.53,3.05,1.39,True
888,Premier League (England),2024,2025-01-22 13:00:00,Pre-Team-07,Pre-Team-12,FINISHED,3.0,5.0,1.88,1.74,2.36,4.52,2.42,1.31,3.65,1.26,3.83,True
889,La Liga (Spain),2024,2025-01-22 13:00:00,La -Team-07,La -Team-11,FINISHED,1.0,4.0,0.27,0.73,4.08,2.81,2.19,3.11,1.37,4.07,1.24,True
890,La Liga (Spain),2024,2025-01-22 16:00:00,La -Team-14,La -Team-09,FINISHED,3.0,0.0,2.52,0.86,1.37,5.3,7.56,1.81,2.01,1.53,2.48,True
891,La Liga (Spain),2024,2025-01-22 16:00:00,La -Team-13,La -Team-03,FINISHED,4.0,2.0,1.31,1.68,1.74,4.17,4.09,1.66,2.24,1.67,2.24,True
892,La Liga (Spain),2024,2025-01-22 21:00:00,La -Team-06,La -Team-16,FINISHED,1.0,0.0,1.97,0.7,1.6,3.92,5.4,2.17,1.71,2.15,1.71,True
893,La Liga (Spain),2024,2025-01-22 13:00:00,La -Team-01,La -Team-05,FINISHED,0.0,0.0,1.25,1.58,3.48,3.79,1.96,1.73,2.09,1.83,1.99,True
894,La Liga (Spain),2024,2025-01-22 18:00:00,La -Team-08,La -Team-10,FINISHED,3.0,0.0,1.06,0.74,2.19,3.15,3.52,2.43,1.58,2.88,1.43,True
895,La Liga (Spain),2024,2025-01-22 16:00:00,La -Team-12,La -Team-15,FINISHED,0.0,0.0,1.48,0.57,1.62,3.74,5.64,2.34,1.59,2.35,1.58,True
896,La Liga (Spain),2024,2025-01-22 16:00:00,La -Team-04,La -Team-02,FINISHED,1.0,0.0,1.02,1.2,2.61,3.32,2.63,2.04,1.79,2.36,1.6,True
897,Serie A (Italy),2024,2025-01-22 21:00:00,Ser-Team-15,Ser-Team-05,FINISHED,0.0,1.0,1.1,1.23,3.95,2.94,2.15,2.84,1.44,3.59,1.3,True
898,Serie A (Italy),2024,2025-01-22 18:00:00,Ser-Team-08,Ser-Team-10,FINISHED,0.0,0.0,1.35,2.63,5.24,5.55,1.44,1.36,3.26,1.23,4.34,True
899,Serie A (Italy),2024,2025-01-22 13:00:00,Ser-Team-04,Ser-Team-12,FINISHED,1.0,2.0,1.14,0.54,2.19,3.21,3.49,2.31,1.63,2.73,1.47,True
900,Serie A (Italy),2024,2025-01-22 18:00:00,Ser-Team-01,Ser-Team-16,FINISHED,1.0,0.0,2.31,0.99,1.28,5.55,10.03,2.17,1.71,1.68,2.18,True
901,Serie A (Italy),2024,2025-01-22 21:00:00,Ser-Team-14,Ser-Team-02,FINISHED,4.0,0.0,1.2,0.51,2.43,2.85,3.35,2.79,1.44,3.63,1.29,True
902,Serie A (Italy),2024,2025-01-22 21:00:00,Ser-Team-03,Ser-Team-07,FINISHED,0.0,1.0,1.44,1.51,2.28,3.62,2.88,1.78,2.04,1.95,1.87,True
903,Serie A (Italy),2024,2025-01-22 16:00:00,Ser-Team-06,Ser-Team-09,FINISHED,0.0,0.0,0.11,1.06,5.66,2.28,2.22,5.6,1.15,8.39,1.07,True
904,Serie A (Italy),2024,2025-01-22 18:00:00,Ser-Team-11,Ser-Team-13,FINISHED,2.0,2.0,1.11,0.81,3.14,2.92,2.51,2.64,1.48,3.4,1.33,True
905,Bundesliga (Germany),2024,2025-01-22 21:00:00,Bun-Team-14,Bun-Team-04,FINISHED,2.0,1.0,2.04,1.5,1.82,4.4,3.56,1.46,2.77,1.42,2.85,True
906,Bundesliga (Germany),2024,2025-01-22 16:00:00,Bun-Team-06,Bun-Team-08,FINISHED,1.0,0.0,1.81,0.67,1.37,4.36,9.71,2.93,1.41,2.41,1.59,True
907,Bundesliga (Germany),2024,2025-01-22 21:00:00,Bun-Team-01,Bun-Team-09,FINISHED,0.0,2.0,0.77,0.85,3.25,2.82,2.5,2.82,1.44,3.72,1.29,True
908,Bundesliga (Germany),2024,2025-01-22 18:00:00,Bun-Team-12,Bun-Team-05,FINISHED,1.0,0.0,1.27,0.4,1.85,3.44,4.35,2.29,1.62,2.51,1.52,True
909,Bundesliga (Germany),2024,2025-01-22 18:00:00,Bun-Team-02,Bun-Team-15,FINISHED,2.0,1.0,0.83,1.11,3.98,3.16,2.02,2.51,1.53,2.96,1.41,True
910,Bundesliga (Germany),2024,2025-01-22 13:00:00,Bun-Team-16,Bun-Team-10,FINISHED,0.0,1.0,0.5,0.87,3.46,3.05,2.26,2.51,1.54,3.11,1.38,True
911,Bundesliga (Germany),2024,2025-01-22 13:00:00,Bun-Team-11,Bun-Team-03,FINISHED,2.0,1.0,1.09,0.67,2.02,3.37,3.67,2.18,1.7,2.46,1.57,True
912,Bundesliga (Germany),2024,2025-01-22 13:00:00,Bun-Team-07,Bun-Team-13,FINISHED,1.0,1.0,1.56,1.35,1.98,3.86,3.31,1.68,2.2,1.74,2.11,True
913,Ligue 1 (France),2024,2025-01-22 13:00:00,Lig-Team-09,Lig-Team-15,FINISHED,1.0,2.0,1.43,1.46,2.78,3.39,2.46,1.98,1.85,2.26,1.65,True
914,Ligue 1 (France),2024,2025-01-22 18:00:00,Lig-Team-01,Lig-Team-14,FINISHED,1.0,2.0,1.57,0.98,2.17,3.71,3.05,1.74,2.12,1.85,1.96,True
915,Ligue 1 (France),2024,2025-01-22 13:00:00,Lig-Team-12,Lig-Team-07,FINISHED,0.0,3.0,1.05,1.09,2.76,3.0,2.74,2.49,1.55,3.13,1.37,True
916,Ligue 1 (France),2024,2025-01-22 18:00:00,Lig-Team-04,Lig-Team-16,FINISHED,1.0,0.0,1.05,0.39,2.39,2.39,4.37,4.37,1.21,6.68,1.11,True
917,Ligue 1 (France),2024,2025-01-22 21:00:00,Lig-Team-11,Lig-Team-03,FINISHED,2.0,0.0,1.33,0.85,1.93,3.1,4.56,2.73,1.45,3.25,1.36,True
918,Ligue 1 (France),2024,2025-01-22 13:00:00,Lig-Team-02,Lig-Team-05,FINISHED,0.0,0.0,1.05,0.9,2.88,2.64,2.96,3.16,1.35,4.43,1.21,True
919,Ligue 1 (France),2024,2025-01-22 18:00:00,Lig-Team-13,Lig-Team-06,FINISHED,2.0,2.0,1.58,1.01,2.17,3.59,3.16,1.82,1.97,1.99,1.83,True
920,Ligue 1 (France),2024,2025-01-22 21:00:00,Lig-Team-08,Lig-Team-10,FINISHED,1.0,1.0,0.97,0.95,2.08,2.86,4.2,3.0,1.41,3.8,1.27,True
921,Premier League (England),2024,2025-01-23 18:00:00,Pre-Team-01,Pre-Team-08,FINISHED,2.0,1.0,1.66,0.7,1.54,3.77,6.82,2.71,1.47,2.59,1.51,True
922,Premier League (England),2024,2025-01-23 21:00:00,Pre-Team-07,Pre-Team-05,FINISHED,0.0,1.0,1.74,1.78,3.72,3.94,1.86,1.73,2.12,1.78,2.04,True
923,Premier League (England),2024,2025-01-23 16:00:00,Pre-Team-14,Pre-Team-11,FINISHED,1.0,0.0,0.69,1.09,3.52,3.26,2.15,2.24,1.67,2.61,1.5,True
924,Premier League (England),2024,2025-01-23 13:00:00,Pre-Team-06,Pre-Team-03,FINISHED,1.0,3.0,1.17,1.25,2.55,3.23,2.8,2.15,1.71,2.54,1.52,True
925,Premier League (England),2024,2025-01-23 16:00:00,Pre-Team-15,Pre-Team-10,FINISHED,2.0,0.0,1.51,1.32,1.7,3.77,4.78,2.13,1.71,2.18,1.67,True
926,Premier League (England),2024,2025-01-23 21:00:00,Pre-Team-04,Pre-Team-09,FINISHED,1.0,1.0,1.85,0.03,1.57,3.73,6.35,2.6,1.5,2.56,1.52,True
927,Premier League (England),2024,2025-01-23 18:00:00,Pre-Team-12,Pre-Team-02,FINISHED,2.0,0.0,1.22,1.38,5.19,4.14,1.59,1.93,1.85,1.89,1.92,True
928,Premier League (England),2024,2025-01-23 21:00:00,Pre-Team-16,Pre-Team-13,FINISHED,2.0,1.0,1.06,-0.16,2.14,2.74,4.45,3.42,1.32,4.48,1.2,True
929,La Liga (Spain),2024,2025-01-23 18:00:00,La -Team-07,La -Team-11,FINISHED,0.0,1.0,0.6,1.4,4.11,2.82,2.18,3.11,1.38,4.08,1.25,True
930,La Liga (Spain),2024,2025-01-23 21:00:00,La -Team-12,La -Team-03,FINISHED,5.0,1.0,3.04,0.56,1.18,7.51,12.19,1.76,2.1,1.3,3.58,True
931,La Liga (Spain),2024,2025-01-23 18:00:00,La -Team-14,La -Team-01,FINISHED,4.0,0.0,1.78,1.03,1.56,4.08,5.69,2.08,1.74,2.01,1.79,True
932,La Liga (Spain),2024,2025-01-23 21:00:00,La -Team-09,La -Team-16,FINISHED,2.0,2.0,2.15,1.15,1.86,4.18,3.51,1.56,2.47,1.56,2.46,True
933,La Liga (Spain),2024,2025-01-23 18:00:00,La -Team-15,La -Team-04,FINISHED,2.0,2.0,0.98,0.63,2.26,2.82,3.82,2.94,1.39,3.9,1.27,True
934,La Liga (Spain),2024,2025-01-23 21:00:00,La -Team-05,La -Team-06,FINISHED,0.0,1.0,1.5,1.2,1.82,3.67,4.14,2.01,1.82,2.12,1.73,True
935,La Liga (Spain),2024,2025-01-23 16:00:00,La -Team-02,La -Team-13,FINISHED,1.0,0.0,1.82,1.16,1.99,3.79,3.41,1.76,2.07,1.88,1.94,True
936,La Liga (Spain),2024,2025-01-23 18:00:00,La -Team-08,La -Team-10,FINISHED,4.0,0.0,0.79,1.0,2.16,3.14,3.52,2.4,1.59,2.87,1.43,True
937,Serie A (Italy),2024,2025-01-23 18:00:00,Ser-Team-01,Ser-Team-09,FINISHED,0.0,3.0,0.9,0.83,1.83,3.28,4.75,2.57,1.52,2.88,1.44,True
938,Serie A (Italy),2024,2025-01-23 21:00:00,Ser-Team-05,Ser-Team-02,FINISHED,0.0,1.0,1.22,0.6,2.39,2.74,3.61,3.09,1.37,4.08,1.24,True
939,Serie A (Italy),2024,2025-01-23 18:00:00,Ser-Team-13,Ser-Team-14,FINISHED,0.0,0.0,0.73,0.62,2.98,2.84,2.68,2.81,1.44,3.74,1.28,True
940,Serie A (Italy),2024,2025-01-23 13:00:00,Ser-Team-15,Ser-Team-16,FINISHED,2.0,0.0,1.58,1.11,1.86,3.72,3.93,1.92,1.88,2.03,1.78,True
941,Serie A (Italy),2024,2025-01-23 16:00:00,Ser-Team-07,Ser-Team-03,FINISHED,1.0,2.0,1.3,1.21,2.16,3.66,3.09,1.81,2.03,1.92,1.88,True
942,Serie A (Italy),2024,2025-01-23 16:00:00,Ser-Team-06,Ser-Team-08,FINISHED,0.0,0.0,0.6,1.03,2.9,2.73,2.82,2.97,1.39,4.07,1.24,True
943,Serie A (Italy),2024,2025-01-23 13:00:00,Ser-Team-04,Ser-Team-12,FINISHED,1.0,1.0,1.36,0.8,2.17,3.19,3.49,2.28,1.61,2.74,1.46,True
944,Serie A (Italy),2024,2025-01-23 21:00:00,Ser-Team-10,Ser-Team-11,FINISHED,3.0,0.0,1.87,0.47,1.56,4.26,5.3,1.87,1.92,1.8,2.04,True
945,Bundesliga (Germany),2024,2025-01-23 21:00:00,Bun-Team-14,Bun-Team-01,FINISHED,2.0,3.0,1.59,1.76,2.68,4.0,2.3,1.51,2.59,1.55,2.49,True
946,Bundesliga (Germany),2024,2025-01-23 21:00:00,Bun-Team-04,Bun-Team-10,FINISHED,0.0,2.0,0.95,1.09,3.04,3.27,2.37,2.12,1.73,2.53,1.54,True
947,Bundesliga (Germany),2024,2025-01-23 13:00:00,Bun-Team-11,Bun-Team-09,FINISHED,0.0,1.0,1.25,1.54,4.95,3.47,1.75,2.41,1.6,2.59,1.51,True
948,Bundesliga (Germany),2024,2025-01-23 21:00:00,Bun-Team-06,Bun-Team-03,FINISHED,1.0,0.0,2.06,0.67,1.37,4.73,8.82,2.38,1.59,1.98,1.84,True
949,Bundesliga (Germany),2024,2025-01-23 21:00:00,Bun-Team-15,Bun-Team-16,FINISHED,0.0,0.0,1.69,0.65,1.45,3.9,8.6,3.07,1.38,2.75,1.47,True
950,Bundesliga (Germany),2024,2025-01-23 21:00:00,Bun-Team-02,Bun-Team-12,FINISHED,2.0,2.0,1.08,1.24,3.42,3.48,2.11,2.0,1.8,2.23,1.66,True
951,Bundesliga (Germany),2024,2025-01-23 21:00:00,Bun-Team-05,Bun-Team-13,FINISHED,2.0,2.0,1.48,1.16,2.05,3.63,3.42,1.87,1.98,1.99,1.84,True
952,Bundesliga (Germany),2024,2025-01-23 13:00:00,Bun-Team-08,Bun-Team-07,FINISHED,1.0,0.0,0.47,1.08,4.4,2.89,2.06,3.08,1.38,3.91,1.27,True
953,Ligue 1 (France),2024,2025-01-23 21:00:00,Lig-Team-08,Lig-Team-01,FINISHED,0.0,0.0,0.66,0.85,3.22,2.86,2.48,2.76,1.46,3.56,1.31,True
954,Ligue 1 (France),2024,2025-01-23 18:00:00,Lig-Team-05,Lig-Team-14,FINISHED,2.0,2.0,1.19,1.35,2.63,3.38,2.64,2.03,1.82,2.29,1.62,True
955,Ligue 1 (France),2024,2025-01-23 21:00:00,Lig-Team-03,Lig-Team-07,FINISHED,1.0,1.0,0.83,0.92,3.83,2.74,2.33,3.23,1.35,4.37,1.22,True
956,Ligue 1 (France),2024,2025-01-23 13:00:00,Lig-Team-06,Lig-Team-04,FINISHED,1.0,1.0,0.92,1.27,2.83,3.2,2.54,2.19,1.68,2.62,1.5,True
957,Ligue 1 (France),2024,2025-01-23 13:00:00,Lig-Team-15,Lig-Team-02,FINISHED,2.0,0.0,1.96,0.74,1.42,4.2,8.39,2.74,1.46,2.39,1.58,True
958,Ligue 1 (France),2024,2025-01-23 13:00:00,Lig-Team-11,Lig-Team-10,FINISHED,3.0,0.0,1.51,0.57,1.35,4.9,8.76,2.33,1.61,1.92,1.89,True
959,Ligue 1 (France),2024,2025-01-23 18:00:00,Lig-Team-09,Lig-Team-13,FINISHED,1.0,4.0,1.43,0.91,1.93,3.11,4.42,2.71,1.46,3.22,1.35,True
960,Ligue 1 (France),2024,2025-01-23 16:00:00,Lig-Team-16,Lig-Team-12,FINISHED,1.0,1.0,0.91,0.95,3.25,2.77,2.56,2.96,1.42,3.99,1.25,True
961,Premier League (England),2024,2025-01-29 13:00:00,Pre-Team-05,Pre-Team-13,FINISHED,1.0,2.0,1.18,0.62,2.29,2.91,3.55,2.77,1.45,3.56,1.29,True
962,Premier League (England),2024,2025-01-29 13:00:00,Pre-Team-02,Pre-Team-14,FINISHED,3.0,1.0,1.2,0.74,1.7,3.19,6.33,3.28,1.34,3.6,1.3,True
963,Premier League (England),2024,2025-01-29 16:00:00,Pre-Team-04,Pre-Team-01,FINISHED,1.0,1.0,1.87,1.09,1.67,3.99,4.64,1.89,1.91,1.89,1.91,True
964,Premier League (England),2024,2025-01-29 18:00:00,Pre-Team-12,Pre-Team-03,FINISHED,0.0,0.0,1.18,1.46,2.82,3.72,2.3,1.72,2.16,1.82,1.98,True
965,Premier League (England),2024,2025-01-29 18:00:00,Pre-Team-09,Pre-Team-10,FINISHED,4.0,1.0,1.32,0.9,1.78,3.39,4.89,2.49,1.54,2.72,1.47,True
966,Premier League (England),2024,2025-01-29 18:00:00,Pre-Team-11,Pre-Team-15,FINISHED,2.0,2.0,1.59,1.1,1.64,4.08,4.98,1.94,1.87,1.91,1.9,True
967,Premier League (England),2024,2025-01-29 21:00:00,Pre-Team-07,Pre-Team-06,FINISHED,1.0,3.0,1.22,1.83,2.86,4.0,2.16,1.54,2.55,1.57,2.41,True
968,Premier League (England),2024,2025-01-29 16:00:00,Pre-Team-16,Pre-Team-08,FINISHED,3.0,1.0,1.17,0.4,1.68,3.0,7.78,4.22,1.22,4.55,1.21,True
969,La Liga (Spain),2024,2025-01-29 16:00:00,La -Team-03,La -Team-04,FINISHED,2.0,1.0,1.19,1.06,2.78,3.54,2.4,1.88,1.96,2.07,1.75,True
970,La Liga (Spain),2024,2025-01-29 16:00:00,La -Team-09,La -Team-11,FINISHED,1.0,2.0,0.96,1.49,3.27,3.65,2.07,1.81,1.99,1.97,1.85,True
971,La Liga (Spain),2024,2025-01-29 16:00:00,La -Team-07,La -Team-10,FINISHED,1.0,1.0,0.62,1.04,4.0,3.32,1.95,2.28,1.62,2.6,1.49,True
972,La Liga (Spain),2024,2025-01-29 16:00:00,La -Team-01,La -Team-05,FINISHED,1.0,2.0,1.06,1.14,3.48,3.83,1.95,1.74,2.09,1.83,1.98,True
973,La Liga (Spain),2024,2025-01-29 18:00:00,La -Team-13,La -Team-15,FINISHED,0.0,0.0,1.23,1.01,2.66,3.01,2.84,2.44,1.56,3.11,1.38,True
974,La Liga (Spain),2024,2025-01-29 21:00:00,La -Team-12,La -Team-14,FINISHED,2.0,0.0,1.31,1.3,2.16,3.19,3.53,2.32,1.62,2.74,1.46,True
975,La Liga (Spain),2024,2025-01-29 21:00:00,La -Team-02,La -Team-08,FINISHED,1.0,1.0,1.08,1.24,2.83,3.42,2.38,1.93,1.87,2.17,1.69,True
976,La Liga (Spain),2024,2025-01-29 16:00:00,La -Team-06,La -Team-16,FINISHED,6.0,1.0,1.7,0.99,1.62,3.92,5.43,2.19,1.7,2.16,1.72,True
977,Serie A (Italy),2024,2025-01-29 21:00:00,Ser-Team-08,Ser-Team-09,FINISHED,1.0,1.0,0.84,1.81,4.13,4.21,1.71,1.66,2.23,1.64,2.25,True
978,Serie A (Italy),2024,2025-01-29 13:00:00,Ser-Team-16,Ser-Team-04,FINISHED,0.0,1.0,0.64,1.64,5.66,4.01,1.58,2.12,1.71,2.09,1.75,True
979,Serie A (Italy),2024,2025-01-29 16:00:00,Ser-Team-02,Ser-Team-05,FINISHED,2.0,0.0,1.08,1.21,2.76,2.71,3.05,3.03,1.38,4.21,1.22,True
980,Serie A (Italy),2024,2025-01-29 16:00:00,Ser-Team-06,Ser-Team-01,FINISHED,1.0,0.0,0.43,1.16,8.27,2.62,1.79,5.62,1.14,6.55,1.11,True
981,Serie A (Italy),2024,2025-01-29 18:00:00,Ser-Team-10,Ser-Team-07,FINISHED,1.0,3.0,1.91,0.7,1.84,4.09,3.75,1.66,2.24,1.68,2.19,True
982,Serie A (Italy),2024,2025-01-29 13:00:00,Ser-Team-12,Ser-Team-15,FINISHED,2.0,3.0,1.31,0.58,1.65,3.78,5.37,2.23,1.67,2.26,1.66,True
983,Serie A (Italy),2024,2025-01-29 13:00:00,Ser-Team-14,Ser-Team-03,FINISHED,0.0,1.0,1.66,0.98,1.84,3.54,4.19,2.12,1.73,2.29,1.62,True
984,Serie A (Italy),2024,2025-01-29 16:00:00,Ser-Team-11,Ser-Team-13,FINISHED,2.0,2.0,0.68,1.0,3.16,2.91,2.49,2.64,1.49,3.39,1.33,True
985,Bundesliga (Germany),2024,2025-01-29 18:00:00,Bun-Team-16,Bun-Team-01,FINISHED,0.0,3.0,0.74,1.09,3.79,3.24,2.07,2.35,1.62,2.74,1.46,True
986,Bundesliga (Germany),2024,2025-01-29 18:00:00,Bun-Team-03,Bun-Team-10,FINISHED,1.0,1.0,0.58,1.37,3.85,2.93,2.17,2.84,1.42,3.59,1.3,True
987,Bundesliga (Germany),2024,2025-01-29 21:00:00,Bun-Team-07,Bun-Team-14,FINISHED,2.0,2.0,2.01,1.31,1.85,4.33,3.53,1.47,2.69,1.48,2.71,True
988,Bundesliga (Germany),2024,2025-01-29 16:00:00,Bun-Team-11,Bun-Team-15,FINISHED,2.0,0.0,0.86,1.81,5.3,3.82,1.64,2.22,1.66,2.22,1.66,True
989,Bundesliga (Germany),2024,2025-01-29 18:00:00,Bun-Team-09,Bun-Team-13,FINISHED,1.0,0.0,1.88,0.42,1.65,3.76,5.42,2.29,1.63,2.33,1.6,True
990,Bundesliga (Germany),2024,2025-01-29 13:00:00,Bun-Team-05,Bun-Team-02,FINISHED,1.0,0.0,1.55,0.67,2.17,3.22,3.43,2.26,1.65,2.67,1.48,True
991,Bundesliga (Germany),2024,2025-01-29 16:00:00,Bun-Team-08,Bun-Team-04,FINISHED,0.0,0.0,0.54,0.92,3.26,2.8,2.57,2.92,1.42,3.91,1.26,True
992,Bundesliga (Germany),2024,2025-01-29 18:00:00,Bun-Team-06,Bun-Team-12,FINISHED,1.0,1.0,1.72,1.43,2.2,3.71,3.01,1.74,2.11,1.87,1.93,True
993,Ligue 1 (France),2024,2025-01-29 21:00:00,Lig-Team-10,Lig-Team-01,FINISHED,1.0,0.0,0.92,1.35,4.02,3.64,1.86,1.99,1.83,2.13,1.74,True
994,Ligue 1 (France),2024,2025-01-29 16:00:00,Lig-Team-11,Lig-Team-08,FINISHED,1.0,1.0,1.32,0.45,1.71,3.23,5.88,3.06,1.38,3.37,1.34,True
995,Ligue 1 (France),2024,2025-01-29 16:00:00,Lig-Team-13,Lig-Team-14,FINISHED,2.0,1.0,1.21,0.84,2.34,3.28,3.08,2.12,1.72,2.48,1.55,True
996,Ligue 1 (France),2024,2025-01-29 21:00:00,Lig-Team-15,Lig-Team-07,FINISHED,2.0,1.0,1.5,0.93,2.08,3.39,3.53,2.12,1.73,2.4,1.56,True
997,Ligue 1 (France),2024,2025-01-29 18:00:00,Lig-Team-09,Lig-Team-12,FINISHED,0.0,0.0,1.44,1.04,2.22,3.17,3.42,2.35,1.61,2.78,1.45,True
998,Ligue 1 (France),2024,2025-01-29 16:00:00,Lig-Team-06,Lig-Team-03,FINISHED,0.0,2.0,1.12,0.92,2.26,3.41,3.12,2.0,1.81,2.29,1.64,True
999,Ligue 1 (France),2024,2025-01-29 16:00:00,Lig-Team-02,Lig-Team-05,FINISHED,0.0,0.0,0.48,0.9,2.91,2.67,2.95,3.16,1.36,4.42,1.21,True
1000,Ligue 1 (France),2024,2025-01-29 18:00:00,Lig-Team-16,Lig-Team-04,FINISHED,2.0,0.0,0.52,0.64,3.36,2.32,3.01,4.35,1.23,7.02,1.1,True
1001,Premier League (England),2024,2025-01-30 21:00:00,Pre-Team-12,Pre-Team-02,FINISHED,0.0,1.0,0.94,1.79,5.23,4.11,1.59,1.96,1.87,1.9,1.93,True
1002,Premier League (England),2024,2025-01-30 21:00:00,Pre-Team-16,Pre-Team-13,FINISHED,2.0,0.0,1.01,0.45,2.11,2.75,4.43,3.38,1.32,4.43,1.22,True
1003,Premier League (England),2024,2025-01-30 21:00:00,Pre-Team-09,Pre-Team-11,FINISHED,2.0,1.0,1.04,1.52,3.41,3.26,2.15,2.17,1.7,2.49,1.53,True
1004,Premier League (England),2024,2025-01-30 16:00:00,Pre-Team-05,Pre-Team-07,FINISHED,1.0,3.0,2.05,1.03,1.5,4.61,5.7,1.8,2.0,1.69,2.19,True
1005,Premier League (England),2024,2025-01-30 13:00:00,Pre-Team-04,Pre-Team-03,FINISHED,1.0,1.0,1.86,0.77,1.55,4.12,5.82,2.1,1.75,2.01,1.83,True
1006,Premier League (England),2024,2025-01-30 13:00:00,Pre-Team-08,Pre-Team-14,FINISHED,0.0,1.0,0.89,0.78,3.73,2.54,2.52,3.64,1.29,5.33,1.16,True
1007,Premier League (England),2024,2025-01-30 16:00:00,Pre-Team-06,Pre-Team-01,FINISHED,2.0,0.0,1.28,1.34,2.96,3.38,2.33,1.99,1.82,2.26,1.67,True
1008,Premier League (England),2024,2025-01-30 18:00:00,Pre-Team-10,Pre-Team-15,FINISHED,1.0,1.0,1.15,1.47,3.3,3.4,2.15,2.05,1.77,2.33,1.62,True
1009,La Liga (Spain),2024,2025-01-30 21:00:00,La -Team-13,La -Team-06,FINISHED,1.0,3.0,0.99,1.15,2.76,3.13,2.65,2.28,1.64,2.76,1.45,True
1010,La Liga (Spain),2024,2025-01-30 16:00:00,La -Team-14,La -Team-07,FINISHED,2.0,0.0,1.65,0.68,1.47,3.86,8.19,3.03,1.4,2.73,1.45,True
1011,La Liga (Spain),2024,2025-01-30 21:00:00,La -Team-11,La -Team-01,FINISHED,2.0,1.0,1.36,0.73,1.98,3.39,3.92,2.22,1.67,2.49,1.55,True
1012,La Liga (Spain),2024,2025-01-30 13:00:00,La -Team-12,La -Team-16,FINISHED,2.0,0.0,2.26,0.77,1.27,5.4,10.82,2.43,1.56,1.85,1.98,True
1013,La Liga (Spain),2024,2025-01-30 16:00:00,La -Team-10,La -Team-08,FINISHED,0.0,1.0,0.85,1.08,2.62,3.06,2.82,2.38,1.58,2.94,1.43,True
1014,La Liga (Spain),2024,2025-01-30 18:00:00,La -Team-03,La -Team-15,FINISHED,0.0,1.0,1.33,1.81,3.19,4.02,2.01,1.57,2.39,1.61,2.31,True
1015,La Liga (Spain),2024,2025-01-30 13:00:00,La -Team-09,La -Team-04,FINISHED,1.0,1.0,1.54,1.43,2.52,3.45,2.69,1.93,1.87,2.16,1.71,True
1016,La Liga (Spain),2024,2025-01-30 21:00:00,La -Team-05,La -Team-02,FINISHED,4.0,4.0,2.13,0.99,1.63,4.5,4.45,1.61,2.36,1.55,2.51,True
1017,Serie A (Italy),2024,2025-01-30 16:00:00,Ser-Team-11,Ser-Team-03,FINISHED,0.0,3.0,1.29,1.45,2.78,3.4,2.44,1.97,1.84,2.22,1.67,True
1018,Serie A (Italy),2024,2025-01-30 16:00:00,Ser-Team-01,Ser-Team-16,FINISHED,2.0,0.0,2.0,0.45,1.29,5.63,10.08,2.18,1.7,1.68,2.19,True
1019,Serie A (Italy),2024,2025-01-30 13:00:00,Ser-Team-05,Ser-Team-12,FINISHED,1.0,1.0,1.25,0.88,2.35,3.06,3.24,2.45,1.57,2.99,1.4,True
1020,Serie A (Italy),2024,2025-01-30 18:00:00,Ser-Team-07,Ser-Team-15,FINISHED,1.0,0.0,1.14,0.54,1.99,3.41,3.75,2.17,1.69,2.48,1.55,True
1021,Serie A (Italy),2024,2025-01-30 18:00:00,Ser-Team-10,Ser-Team-04,FINISHED,0.0,0.0,1.06,1.27,2.72,3.44,2.47,1.92,1.89,2.15,1.7,True
1022,Serie A (Italy),2024,2025-01-30 16:00:00,Ser-Team-13,Ser-Team-08,FINISHED,2.0,3.0,2.19,1.02,1.46,4.68,6.09,1.84,1.99,1.68,2.21,True
1023,Serie A (Italy),2024,2025-01-30 18:00:00,Ser-Team-02,Ser-Team-14,FINISHED,1.0,2.0,0.91,1.25,2.56,2.85,3.15,2.78,1.45,3.67,1.29,True
1024,Serie A (Italy),2024,2025-01-30 18:00:00,Ser-Team-06,Ser-Team-09,FINISHED,0.0,1.0,0.74,0.55,5.7,2.27,2.25,5.59,1.15,8.46,1.08,True
1025,Bundesliga (Germany),2024,2025-01-30 18:00:00,Bun-Team-04,Bun-Team-13,FINISHED,1.0,1.0,1.45,1.36,2.66,3.82,2.4,1.61,2.31,1.7,2.15,True
1026,Bundesliga (Germany),2024,2025-01-30 16:00:00,Bun-Team-08,Bun-Team-14,FINISHED,0.0,2.0,1.08,0.94,3.57,3.41,2.04,2.07,1.76,2.33,1.61,True
1027,Bundesliga (Germany),2024,2025-01-30 21:00:00,Bun-Team-12,Bun-Team-06,FINISHED,1.0,3.0,1.68,1.16,2.23,3.69,2.97,1.74,2.11,1.86,1.96,True
1028,Bundesliga (Germany),2024,2025-01-30 21:00:00,Bun-Team-15,Bun-Team-01,FINISHED,0.0,1.0,1.59,0.8,1.84,3.24,4.71,2.64,1.49,2.99,1.4,True
1029,Bundesliga (Germany),2024,2025-01-30 16:00:00,Bun-Team-07,Bun-Team-03,FINISHED,1.0,0.0,1.44,0.42,1.7,3.48,5.41,2.62,1.5,2.72,1.45,True
1030,Bundesliga (Germany),2024,2025-01-30 18:00:00,Bun-Team-02,Bun-Team-11,FINISHED,0.0,0.0,1.72,1.17,1.79,3.9,4.05,1.79,2.05,1.86,1.99,True
1031,Bundesliga (Germany),2024,2025-01-30 21:00:00,Bun-Team-09,Bun-Team-05,FINISHED,2.0,2.0,1.4,0.68,1.97,2.93,4.8,3.17,1.35,3.9,1.26,True
1032,Bundesliga (Germany),2024,2025-01-30 21:00:00,Bun-Team-16,Bun-Team-10,FINISHED,2.0,1.0,1.26,0.86,3.44,3.04,2.28,2.48,1.54,3.07,1.39,True
1033,Ligue 1 (France),2024,2025-01-30 21:00:00,Lig-Team-12,Lig-Team-08,FINISHED,0.0,1.0,0.91,0.42,1.8,3.1,5.6,3.18,1.35,3.63,1.3,True
1034,Ligue 1 (France),2024,2025-01-30 18:00:00,Lig-Team-10,Lig-Team-01,FINISHED,1.0,5.0,0.75,1.68,4.04,3.68,1.85,1.99,1.83,2.12,1.73,True
1035,Ligue 1 (France),2024,2025-01-30 13:00:00,Lig-Team-03,Lig-Team-14,FINISHED,0.0,1.0,1.16,0.91,2.51,3.08,2.95,2.37,1.61,2.89,1.43,True
1036,Ligue 1 (France),2024,2025-01-30 21:00:00,Lig-Team-04,Lig-Team-06,FINISHED,1.0,0.0,1.26,0.64,1.99,3.39,3.9,2.23,1.66,2.52,1.53,True
1037,Ligue 1 (France),2024,2025-01-30 16:00:00,Lig-Team-05,Lig-Team-09,FINISHED,0.0,0.0,1.11,0.86,3.73,3.1,2.15,2.52,1.54,3.02,1.38,True
1038,Ligue 1 (France),2024,2025-01-30 21:00:00,Lig-Team-07,Lig-Team-16,FINISHED,1.0,0.0,1.12,0.74,1.92,2.86,5.3,3.5,1.3,4.3,1.21,True
1039,Ligue 1 (France),2024,2025-01-30 16:00:00,Lig-Team-13,Lig-Team-11,FINISHED,2.0,0.0,0.8,1.21,3.04,3.07,2.46,2.39,1.56,2.94,1.39,True
1040,Ligue 1 (France),2024,2025-01-30 21:00:00,Lig-Team-02,Lig-Team-15,FINISHED,0.0,0.0,0.65,1.35,5.52,3.47,1.69,2.61,1.49,2.7,1.46,True
1041,Premier League (England),2024,2025-02-05 13:00:00,Pre-Team-12,Pre-Team-02,FINISHED,2.0,2.0,1.32,1.9,5.25,4.14,1.6,1.95,1.87,1.89,1.91,True
1042,Premier League (England),2024,2025-02-05 13:00:00,Pre-Team-04,Pre-Team-13,FINISHED,0.0,2.0,1.77,0.82,1.59,3.8,5.72,2.31,1.63,2.27,1.63,True
1043,Premier League (England),2024,2025-02-05 16:00:00,Pre-Team-01,Pre-Team-11,FINISHED,0.0,2.0,1.35,1.66,2.48,3.76,2.53,1.66,2.25,1.77,2.08,True
1044,Premier League (England),2024,2025-02-05 21:00:00,Pre-Team-07,Pre-Team-08,FINISHED,2.0,0.0,1.5,1.1,2.05,3.63,3.4,1.85,1.95,1.99,1.82,True
1045,Premier League (England),2024,2025-02-05 21:00:00,Pre-Team-03,Pre-Team-10,FINISHED,1.0,2.0,1.64,0.75,1.61,4.04,5.49,2.06,1.77,2.02,1.82,True
1046,Premier League (England),2024,2025-02-05 13:00:00,Pre-Team-16,Pre-Team-15,FINISHED,3.0,1.0,1.05,1.08,1.96,2.9,4.81,3.23,1.34,4.02,1.25,True
1047,Premier League (England),2024,2025-02-05 21:00:00,Pre-Team-05,Pre-Team-14,FINISHED,0.0,0.0,0.87,0.43,2.21,2.73,4.11,3.31,1.34,4.4,1.21,True
1048,Premier League (England),2024,2025-02-05 16:00:00,Pre-Team-06,Pre-Team-09,FINISHED,2.0,0.0,1.06,0.64,2.57,2.91,3.15,2.63,1.48,3.46,1.31,True
1049,La Liga (Spain),2024,2025-02-05 16:00:00,La -Team-04,La -Team-09,FINISHED,2.0,1.0,1.56,0.85,2.05,3.52,3.49,1.93,1.87,2.13,1.72,True
1050,La Liga (Spain),2024,2025-02-05 21:00:00,La -Team-08,La -Team-07,FINISHED,1.0,0.0,1.55,0.72,1.68,3.2,6.61,3.32,1.34,3.55,1.3,True
1051,La Liga (Spain),2024,2025-02-05 13:00:00,La -Team-10,La -Team-12,FINISHED,1.0,0.0,1.29,1.56,3.31,3.53,2.11,1.95,1.87,2.13,1.71,True
1052,La Liga (Spain),2024,2025-02-05 13:00:00,La -Team-01,La -Team-14,FINISHED,2.0,1.0,1.45,1.68,3.83,3.62,1.93,1.99,1.83,2.16,1.69,True
1053,La Liga (Spain),2024,2025-02-05 13:00:00,La -Team-06,La -Team-02,FINISHED,0.0,0.0,2.25,1.32,2.03,3.94,3.16,1.6,2.32,1.66,2.21,True
1054,La Liga (Spain),2024,2025-02-05 16:00:00,La -Team-13,La -Team-03,FINISHED,2.0,1.0,2.07,1.43,1.74,4.18,4.06,1.65,2.22,1.65,2.27,True
1055,La Liga (Spain),2024,2025-02-05 21:00:00,La -Team-16,La -Team-11,FINISHED,0.0,2.0,1.06,1.45,4.02,3.12,2.05,2.58,1.52,3.1,1.37,True
1056,La Liga (Spain),2024,2025-02-05 13:00:00,La -Team-15,La -Team-05,FINISHED,1.0,2.0,0.66,1.47,3.12,3.33,2.29,2.11,1.74,2.48,1.58,True
1057,Serie A (Italy),2024,2025-02-05 16:00:00,Ser-Team-03,Ser-Team-12,FINISHED,4.0,2.0,1.31,1.51,3.02,3.65,2.18,1.76,2.06,1.9,1.91,True
1058,Serie A (Italy),2024,2025-02-05 21:00:00,Ser-Team-16,Ser-Team-02,FINISHED,2.0,1.0,0.8,1.5,4.5,3.69,1.77,2.07,1.75,2.19,1.69,True
1059,Serie A (Italy),2024,2025-02-05 13:00:00,Ser-Team-14,Ser-Team-13,FINISHED,1.0,1.0,1.17,1.04,2.12,2.95,4.05,2.85,1.42,3.57,1.3,True
1060,Serie A (Italy),2024,2025-02-05 13:00:00,Ser-Team-07,Ser-Team-06,FINISHED,0.0,2.0,0.8,0.07,1.83,2.67,7.02,4.76,1.18,5.79,1.13,True
1061,Serie A (Italy),2024,2025-02-05 13:00:00,Ser-Team-15,Ser-Team-01,FINISHED,1.0,5.0,0.47,1.19,4.49,3.27,1.9,2.5,1.54,2.85,1.43,True
1062,Serie A (Italy),2024,2025-02-05 18:00:00,Ser-Team-08,Ser-Team-11,FINISHED,0.0,3.0,1.41,1.25,2.77,3.89,2.24,1.59,2.38,1.67,2.24,True
1063,Serie A (Italy),2024,2025-02-05 18:00:00,Ser-Team-09,Ser-Team-04,FINISHED,2.0,1.0,1.07,0.96,3.27,2.9,2.45,2.7,1.47,3.43,1.31,True
1064,Serie A (Italy),2024,2025-02-05 18:00:00,Ser-Team-10,Ser-Team-05,FINISHED,2.0,0.0,1.18,1.02,2.56,3.38,2.72,2.03,1.8,2.33,1.61,True
1065,Bundesliga (Germany),2024,2025-02-05 16:00:00,Bun-Team-10,Bun-Team-08,FINISHED,1.0,2.0,1.4,0.3,1.79,2.96,6.09,3.6,1.29,4.23,1.23,True
1066,Bundesliga (Germany),2024,2025-02-05 21:00:00,Bun-Team-15,Bun-Team-04,FINISHED,0.0,0.0,1.7,0.52,1.46,4.16,7.7,2.59,1.51,2.32,1.61,True
1067,Bundesliga (Germany),2024,2025-02-05 21:00:00,Bun-Team-09,Bun-Team-06,FINISHED,1.0,0.0,1.07,1.19,2.27,3.17,3.31,2.31,1.62,2.76,1.46,True
1068,Bundesliga (Germany),2024,2025-02-05 16:00:00,Bun-Team-16,Bun-Team-01,FINISHED,2.0,2.0,0.94,1.05,3.74,3.24,2.05,2.32,1.61,2.72,1.46,True
1069,Bundesliga (Germany),2024,2025-02-05 13:00:00,Bun-Team-02,Bun-Team-12,FINISHED,0.0,1.0,0.95,1.87,3.38,3.45,2.09,2.01,1.81,2.24,1.65,True
1070,Bundesliga (Germany),2024,2025-02-05 13:00:00,Bun-Team-11,Bun-Team-03,FINISHED,0.0,0.0,1.47,0.98,2.05,3.36,3.71,2.15,1.69,2.45,1.56,True
1071,Bundesliga (Germany),2024,2025-02-05 16:00:00,Bun-Team-14,Bun-Team-13,FINISHED,4.0,5.0,2.09,1.71,2.12,4.56,2.7,1.28,3.66,1.27,3.87,True
1072,Bundesliga (Germany),2024,2025-02-05 13:00:00,Bun-Team-07,Bun-Team-05,FINISHED,3.0,1.0,1.8,1.25,2.35,3.19,3.09,2.21,1.67,2.64,1.49,True
1073,Ligue 1 (France),2024,2025-02-05 18:00:00,Lig-Team-09,Lig-Team-01,FINISHED,0.0,1.0,1.36,0.84,1.82,3.51,4.28,2.14,1.71,2.34,1.61,True
1074,Ligue 1 (France),2024,2025-02-05 16:00:00,Lig-Team-08,Lig-Team-12,FINISHED,2.0,0.0,1.08,1.21,4.06,2.8,2.18,3.06,1.36,4.03,1.24,True
1075,Ligue 1 (France),2024,2025-02-05 16:00:00,Lig-Team-16,Lig-Team-14,FINISHED,0.0,1.0,1.1,0.79,2.55,3.03,2.98,2.46,1.54,3.09,1.37,True
1076,Ligue 1 (France),2024,2025-02-05 21:00:00,Lig-Team-10,Lig-Team-11,FINISHED,2.0,3.0,0.65,1.64,5.57,3.95,1.59,2.18,1.71,2.13,1.71,True
1077,Ligue 1 (France),2024,2025-02-05 18:00:00,Lig-Team-02,Lig-Team-05,FINISHED,3.0,2.0,0.87,0.82,2.89,2.66,2.96,3.14,1.36,4.46,1.22,True
1078,Ligue 1 (France),2024,2025-02-05 13:00:00,Lig-Team-04,Lig-Team-03,FINISHED,0.0,1.0,0.94,0.27,2.39,2.47,4.32,4.14,1.25,6.09,1.12,True
1079,Ligue 1 (France),2024,2025-02-05 16:00:00,Lig-Team-15,Lig-Team-07,FINISHED,0.0,3.0,1.48,0.74,2.07,3.37,3.51,2.11,1.72,2.39,1.58,True
1080,Ligue 1 (France),2024,2025-02-05 21:00:00,Lig-Team-06,Lig-Team-13,FINISHED,1.0,3.0,1.52,1.23,2.32,3.55,2.86,1.84,1.97,1.99,1.8,True
1081,Premier League (England),2024,2025-02-06 18:00:00,Pre-Team-16,Pre-Team-05,FINISHED,5.0,0.0,0.75,0.52,2.33,2.59,4.02,3.56,1.31,4.92,1.18,True
1082,Premier League (England),2024,2025-02-06 16:00:00,Pre-Team-06,Pre-Team-14,FINISHED,1.0,0.0,0.99,0.62,2.5,2.85,3.27,2.78,1.47,3.63,1.3,True
1083,Premier League (England),2024,2025-02-06 21:00:00,Pre-Team-12,Pre-Team-07,FINISHED,1.0,2.0,2.48,1.72,1.78,4.8,3.46,1.29,3.49,1.26,3.95,True
1084,Premier League (England),2024,2025-02-06 13:00:00,Pre-Team-03,Pre-Team-01,FINISHED,0.0,1.0,1.44,1.26,2.67,3.41,2.56,1.98,1.84,2.26,1.64,True
1085,Premier League (England),2024,2025-02-06 13:00:00,Pre-Team-09,Pre-Team-15,FINISHED,1.0,1.0,0.8,0.58,2.45,2.83,3.3,2.8,1.44,3.73,1.28,True
1086,Premier League (England),2024,2025-02-06 13:00:00,Pre-Team-10,Pre-Team-11,FINISHED,1.0,0.0,1.15,2.27,5.69,4.68,1.49,1.74,2.1,1.59,2.39,True
1087,Premier League (England),2024,2025-02-06 13:00:00,Pre-Team-08,Pre-Team-04,FINISHED,0.0,3.0,0.65,1.52,7.36,3.94,1.5,2.75,1.46,2.53,1.54,True
1088,Premier League (England),2024,2025-02-06 18:00:00,Pre-Team-02,Pre-Team-13,FINISHED,2.0,0.0,1.09,0.75,1.74,3.37,5.53,2.74,1.46,2.99,1.41,True
1089,La Liga (Spain),2024,2025-02-06 18:00:00,La -Team-02,La -Team-10,FINISHED,2.0,1.0,1.91,1.41,2.41,3.98,2.52,1.51,2.57,1.55,2.45,True
1090,La Liga (Spain),2024,2025-02-06 13:00:00,La -Team-03,La -Team-14,FINISHED,0.0,1.0,1.37,2.14,5.5,4.68,1.51,1.68,2.15,1.57,2.4,True
1091,La Liga (Spain),2024,2025-02-06 18:00:00,La -Team-08,La -Team-06,FINISHED,1.0,1.0,1.32,0.91,2.12,3.06,3.82,2.6,1.52,3.16,1.37,True
1092,La Liga (Spain),2024,2025-02-06 13:00:00,La -Team-04,La -Team-12,FINISHED,0.0,1.0,0.5,1.59,4.66,3.09,1.92,2.84,1.43,3.38,1.34,True
1093,La Liga (Spain),2024,2025-02-06 16:00:00,La -Team-11,La -Team-05,FINISHED,2.0,3.0,1.03,0.79,2.9,3.07,2.6,2.42,1.57,2.97,1.41,True
1094,La Liga (Spain),2024,2025-02-06 16:00:00,La -Team-09,La -Team-16,FINISHED,1.0,0.0,2.02,1.1,1.86,4.19,3.52,1.56,2.44,1.56,2.44,True
1095,La Liga (Spain),2024,2025-02-06 18:00:00,La -Team-13,La -Team-15,FINISHED,1.0,1.0,1.27,0.95,2.66,2.99,2.81,2.46,1.55,3.09,1.38,True
1096,La Liga (Spain),2024,2025-02-06 21:00:00,La -Team-01,La -Team-07,FINISHED,1.0,3.0,1.13,0.82,1.84,3.53,4.25,2.17,1.7,2.35,1.61,True
1097,Serie A (Italy),2024,2025-02-06 13:00:00,Ser-Team-16,Ser-Team-15,FINISHED,1.0,0.0,1.2,1.29,2.84,3.47,2.37,1.88,1.92,2.11,1.74,True
1098,Serie A (Italy),2024,2025-02-06 13:00:00,Ser-Team-08,Ser-Team-06,FINISHED,1.0,0.0,0.61,0.71,2.22,2.83,3.9,2.99,1.39,3.91,1.26,True
1099,Serie A (Italy),2024,2025-02-06 16:00:00,Ser-Team-13,Ser-Team-10,FINISHED,2.0,1.0,1.09,1.09,2.63,3.45,2.58,1.94,1.87,2.21,1.68,True
1100,Serie A (Italy),2024,2025-02-06 13:00:00,Ser-Team-09,Ser-Team-02,FINISHED,1.0,1.0,0.74,0.99,2.79,2.89,2.8,2.72,1.48,3.49,1.31,True
1101,Serie A (Italy),2024,2025-02-06 16:00:00,Ser-Team-11,Ser-Team-01,FINISHED,2.0,0.0,0.62,1.52,4.86,3.37,1.78,2.53,1.54,2.76,1.44,True
1102,Serie A (Italy),2024,2025-02-06 21:00:00,Ser-Team-04,Ser-Team-14,FINISHED,0.0,0.0,1.0,0.53,2.23,2.89,3.71,2.77,1.44,3.55,1.3,True
1103,Serie A (Italy),2024,2025-02-06 18:00:00,Ser-Team-07,Ser-Team-12,FINISHED,0.0,3.0,1.22,1.67,2.96,3.48,2.26,1.92,1.91,2.12,1.72,True
1104,Serie A (Italy),2024,2025-02-06 18:00:00,Ser-Team-05,Ser-Team-03,FINISHED,4.0,1.0,1.77,0.71,1.81,3.47,4.54,2.3,1.62,2.52,1.53,True
1105,Bundesliga (Germany),2024,2025-02-06 21:00:00,Bun-Team-11,Bun-Team-09,FINISHED,1.0,2.0,0.57,1.46,4.92,3.5,1.75,2.4,1.59,2.6,1.51,True
1106,Bundesliga (Germany),2024,2025-02-06 21:00:00,Bun-Team-04,Bun-Team-08,FINISHED,2.0,1.0,1.4,0.61,2.03,2.93,4.37,2.97,1.4,3.72,1.28,True
1107,Bundesliga (Germany),2024,2025-02-06 18:00:00,Bun-Team-10,Bun-Team-13,FINISHED,0.0,0.0,1.3,1.27,2.07,3.64,3.34,1.84,1.98,1.99,1.84,True
1108,Bundesliga (Germany),2024,2025-02-06 13:00:00,Bun-Team-14,Bun-Team-07,FINISHED,2.0,1.0,1.49,1.71,2.41,4.08,2.48,1.47,2.72,1.5,2.62,True
1109,Bundesliga (Germany),2024,2025-02-06 21:00:00,Bun-Team-15,Bun-Team-01,FINISHED,1.0,0.0,1.56,0.52,1.85,3.26,4.74,2.65,1.5,2.99,1.4,True
1110,Bundesliga (Germany),2024,2025-02-06 16:00:00,Bun-Team-02,Bun-Team-05,FINISHED,1.0,1.0,1.27,1.08,2.54,3.16,2.84,2.28,1.67,2.69,1.46,True
1111,Bundesliga (Germany),2024,2025-02-06 18:00:00,Bun-Team-12,Bun-Team-03,FINISHED,2.0,1.0,1.79,0.36,1.43,4.18,8.44,2.78,1.46,2.4,1.59,True
1112,Bundesliga (Germany),2024,2025-02-06 16:00:00,Bun-Team-16,Bun-Team-06,FINISHED,1.0,1.0,0.95,1.7,5.0,3.98,1.64,2.01,1.81,2.0,1.81,True
1113,Ligue 1 (France),2024,2025-02-06 21:00:00,Lig-Team-15,Lig-Team-03,FINISHED,2.0,0.0,1.38,1.02,1.57,3.71,6.14,2.5,1.53,2.46,1.55,True
1114,Ligue 1 (France),2024,2025-02-06 16:00:00,Lig-Team-05,Lig-Team-06,FINISHED,0.0,1.0,1.43,1.27,2.41,3.63,2.68,1.74,2.11,1.87,1.93,True
1115,Ligue 1 (France),2024,2025-02-06 16:00:00,Lig-Team-12,Lig-Team-07,FINISHED,2.0,0.0,1.03,0.91,2.78,2.99,2.73,2.49,1.54,3.12,1.37,True
1116,Ligue 1 (France),2024,2025-02-06 13:00:00,Lig-Team-08,Lig-Team-01,FINISHED,0.0,1.0,0.59,0.83,3.22,2.87,2.48,2.75,1.46,3.56,1.31,True
1117,Ligue 1 (France),2024,2025-02-06 21:00:00,Lig-Team-16,Lig-Team-04,FINISHED,2.0,0.0,0.68,1.09,3.36,2.32,3.0,4.35,1.22,6.93,1.11,True
1118,Ligue 1 (France),2024,2025-02-06 16:00:00,Lig-Team-14,Lig-Team-11,FINISHED,1.0,1.0,1.47,1.23,2.9,3.59,2.32,1.83,1.98,2.01,1.82,True
1119,Ligue 1 (France),2024,2025-02-06 18:00:00,Lig-Team-10,Lig-Team-02,FINISHED,0.0,1.0,0.47,0.81,3.11,2.82,2.62,2.83,1.42,3.79,1.26,True
1120,Ligue 1 (France),2024,2025-02-06 16:00:00,Lig-Team-13,Lig-Team-09,FINISHED,0.0,1.0,0.78,1.04,3.25,2.91,2.44,2.66,1.48,3.39,1.32,True
1121,Premier League (England),2024,2025-02-12 21:00:00,Pre-Team-04,Pre-Team-03,FINISHED,2.0,0.0,1.64,0.88,1.55,4.13,5.85,2.09,1.74,2.01,1.83,True
1122,Premier League (England),2024,2025-02-12 13:00:00,Pre-Team-07,Pre-Team-08,FINISHED,0.0,1.0,1.61,0.9,2.04,3.61,3.4,1.87,1.96,2.01,1.81,True
1123,Premier League (England),2024,2025-02-12 21:00:00,Pre-Team-01,Pre-Team-09,FINISHED,0.0,0.0,1.36,0.66,1.98,3.21,4.12,2.47,1.53,2.89,1.42,True
1124,Premier League (England),2024,2025-02-12 18:00:00,Pre-Team-16,Pre-Team-11,FINISHED,1.0,0.0,0.57,0.73,2.44,3.1,3.04,2.38,1.6,2.93,1.41,True
1125,Premier League (England),2024,2025-02-12 18:00:00,Pre-Team-13,Pre-Team-10,FINISHED,1.0,0.0,1.52,0.6,1.63,3.77,5.42,2.25,1.67,2.28,1.63,True
1126,Premier League (England),2024,2025-02-12 18:00:00,Pre-Team-02,Pre-Team-05,FINISHED,0.0,2.0,0.72,0.72,1.85,3.11,4.94,2.86,1.43,3.32,1.34,True
1127,Premier League (England),2024,2025-02-12 13:00:00,Pre-Team-06,Pre-Team-12,FINISHED,0.0,2.0,1.53,1.58,1.92,3.83,3.56,1.73,2.16,1.8,2.02,True
1128,Premier League (England),2024,2025-02-12 21:00:00,Pre-Team-15,Pre-Team-14,FINISHED,0.0,1.0,0.73,0.84,2.51,2.76,3.31,2.94,1.4,3.91,1.26,True
1129,La Liga (Spain),2024,2025-02-12 16:00:00,La -Team-15,La -Team-16,FINISHED,1.0,1.0,1.64,1.13,1.72,3.62,4.99,2.3,1.63,2.42,1.57,True
1130,La Liga (Spain),2024,2025-02-12 13:00:00,La -Team-07,La -Team-02,FINISHED,1.0,0.0,1.2,1.4,3.39,3.61,2.05,1.87,1.95,2.01,1.81,True
1131,La Liga (Spain),2024,2025-02-12 21:00:00,La -Team-09,La -Team-11,FINISHED,0.0,3.0,1.26,1.61,3.28,3.65,2.08,1.82,2.0,1.96,1.83,True
1132,La Liga (Spain),2024,2025-02-12 13:00:00,La -Team-03,La -Team-08,FINISHED,3.0,2.0,1.04,2.05,4.33,4.01,1.73,1.82,2.0,1.87,1.97,True
1133,La Liga (Spain),2024,2025-02-12 16:00:00,La -Team-14,La -Team-12,FINISHED,0.0,1.0,1.14,0.74,2.63,3.1,2.79,2.3,1.62,2.82,1.44,True
1134,La Liga (Spain),2024,2025-02-12 18:00:00,La -Team-13,La -Team-10,FINISHED,0.0,0.0,1.0,0.91,2.93,3.27,2.44,2.12,1.71,2.49,1.55,True
1135,La Liga (Spain),2024,2025-02-12 13:00:00,La -Team-05,La -Team-04,FINISHED,2.0,1.0,1.28,0.79,1.74,3.32,5.32,2.72,1.46,2.96,1.4,True
1136,La Liga (Spain),2024,2025-02-12 18:00:00,La -Team-06,La -Team-01,FINISHED,4.0,1.0,1.69,0.87,1.91,3.75,3.64,1.82,2.01,1.91,1.89,True
1137,Serie A (Italy),2024,2025-02-12 13:00:00,Ser-Team-14,Ser-Team-06,FINISHED,3.0,1.0,1.06,0.25,1.74,2.64,9.45,6.16,1.12,6.73,1.11,True
1138,Serie A (Italy),2024,2025-02-12 13:00:00,Ser-Team-03,Ser-Team-10,FINISHED,4.0,1.0,1.36,1.62,2.65,3.95,2.31,1.52,2.53,1.56,2.42,True
1139,Serie A (Italy),2024,2025-02-12 16:00:00,Ser-Team-16,Ser-Team-15,FINISHED,3.0,0.0,0.86,1.14,2.8,3.48,2.41,1.89,1.91,2.11,1.75,True
1140,Serie A (Italy),2024,2025-02-12 21:00:00,Ser-Team-08,Ser-Team-09,FINISHED,5.0,7.0,1.52,1.81,4.18,4.19,1.71,1.67,2.23,1.66,2.24,True
1141,Serie A (Italy),2024,2025-02-12 18:00:00,Ser-Team-04,Ser-Team-02,FINISHED,2.0,0.0,1.05,0.5,2.21,2.9,3.88,2.89,1.42,3.74,1.29,True
1142,Serie A (Italy),2024,2025-02-12 21:00:00,Ser-Team-05,Ser-Team-12,FINISHED,0.0,0.0,0.77,0.91,2.34,3.08,3.25,2.44,1.58,2.99,1.41,True
1143,Serie A (Italy),2024,2025-02-12 13:00:00,Ser-Team-07,Ser-Team-11,FINISHED,0.0,1.0,1.35,0.3,1.89,3.45,4.07,2.17,1.7,2.42,1.56,True
1144,Serie A (Italy),2024,2025-02-12 13:00:00,Ser-Team-13,Ser-Team-01,FINISHED,0.0,1.0,1.0,0.88,3.6,2.95,2.25,2.69,1.47,3.39,1.32,True
1145,Bundesliga (Germany),2024,2025-02-12 21:00:00,Bun-Team-09,Bun-Team-04,FINISHED,1.0,0.0,1.47,0.43,1.56,3.67,6.87,2.8,1.44,2.74,1.47,True
1146,Bundesliga (Germany),2024,2025-02-12 18:00:00,Bun-Team-16,Bun-Team-03,FINISHED,1.0,0.0,1.07,0.74,2.35,2.86,3.54,2.82,1.43,3.66,1.28,True
1147,Bundesliga (Germany),2024,2025-02-12 18:00:00,Bun-Team-08,Bun-Team-12,FINISHED,0.0,0.0,0.45,1.16,6.22,3.24,1.7,3.2,1.34,3.49,1.31,True
1148,Bundesliga (Germany),2024,2025-02-12 21:00:00,Bun-Team-06,Bun-Team-13,FINISHED,1.0,1.0,2.59,1.22,1.51,4.93,5.24,1.56,2.45,1.43,2.88,True
1149,Bundesliga (Germany),2024,2025-02-12 18:00:00,Bun-Team-01,Bun-Team-15,FINISHED,2.0,4.0,0.97,1.28,3.38,3.03,2.31,2.53,1.52,3.17,1.35,True
1150,Bundesliga (Germany),2024,2025-02-12 16:00:00,Bun-Team-10,Bun-Team-02,FINISHED,0.0,0.0,1.56,0.91,2.23,3.25,3.32,2.23,1.65,2.63,1.49,True
1151,Bundesliga (Germany),2024,2025-02-12 13:00:00,Bun-Team-07,Bun-Team-14,FINISHED,2.0,0.0,1.92,1.54,1.83,4.3,3.53,1.48,2.68,1.46,2.72,True
1152,Bundesliga (Germany),2024,2025-02-12 16:00:00,Bun-Team-11,Bun-Team-05,FINISHED,1.0,0.0,0.99,1.76,3.19,3.46,2.2,1.94,1.88,2.17,1.7,True
1153,Ligue 1 (France),2024,2025-02-12 16:00:00,Lig-Team-16,Lig-Team-14,FINISHED,1.0,0.0,1.17,1.05,2.53,3.03,3.0,2.49,1.56,3.08,1.38,True
1154,Ligue 1 (France),2024,2025-02-12 21:00:00,Lig-Team-06,Lig-Team-01,FINISHED,1.0,1.0,1.58,1.46,2.24,3.96,2.75,1.52,2.52,1.58,2.41,True
1155,Ligue 1 (France),2024,2025-02-12 18:00:00,Lig-Team-07,Lig-Team-09,FINISHED,2.0,0.0,1.03,0.71,2.29,2.97,3.48,2.64,1.51,3.34,1.33,True
1156,Ligue 1 (France),2024,2025-02-12 21:00:00,Lig-Team-04,Lig-Team-08,FINISHED,1.0,1.0,0.85,0.78,2.11,2.48,5.5,4.64,1.19,6.51,1.1,True
1157,Ligue 1 (France),2024,2025-02-12 18:00:00,Lig-Team-11,Lig-Team-12,FINISHED,1.0,2.0,1.03,0.75,2.25,3.3,3.21,2.14,1.73,2.45,1.56,True
1158,Ligue 1 (France),2024,2025-02-12 13:00:00,Lig-Team-03,Lig-Team-02,FINISHED,0.0,1.0,1.31,0.72,2.31,2.56,4.32,3.94,1.27,5.62,1.15,True
1159,Ligue 1 (France),2024,2025-02-12 13:00:00,Lig-Team-10,Lig-Team-15,FINISHED,0.0,7.0,0.68,2.0,8.37,5.19,1.34,2.06,1.78,1.71,2.18,True
1160,Ligue 1 (France),2024,2025-02-12 16:00:00,Lig-Team-13,Lig-Team-05,FINISHED,1.0,0.0,0.98,0.79,2.21,2.96,3.7,2.69,1.46,3.36,1.32,True
1161,Premier League (England),2024,2025-02-13 18:00:00,Pre-Team-13,Pre-Team-07,FINISHED,2.0,1.0,1.8,0.73,1.59,4.41,4.92,1.71,2.14,1.65,2.27,True
1162,Premier League (England),2024,2025-02-13 18:00:00,Pre-Team-05,Pre-Team-08,FINISHED,1.0,1.0,1.35,0.4,1.74,3.1,6.25,3.39,1.33,3.78,1.27,True
1163,Premier League (England),2024,2025-02-13 16:00:00,Pre-Team-02,Pre-Team-09,FINISHED,3.0,1.0,0.97,0.84,1.71,3.24,6.12,3.12,1.37,3.43,1.31,True
1164,Premier League (England),2024,2025-02-13 13:00:00,Pre-Team-11,Pre-Team-03,FINISHED,1.0,1.0,1.78,0.76,1.72,4.01,4.37,1.84,2.01,1.85,1.98,True
1165,Premier League (England),2024,2025-02-13 21:00:00,Pre-Team-06,Pre-Team-04,FINISHED,1.0,1.0,0.95,1.81,4.43,3.76,1.76,2.07,1.79,2.13,1.73,True
1166,Premier League (England),2024,2025-02-13 21:00:00,Pre-Team-01,Pre-Team-16,FINISHED,1.0,0.0,1.25,1.26,2.72,2.87,2.93,2.7,1.46,3.51,1.31,True
1167,Premier League (England),2024,2025-02-13 16:00:00,Pre-Team-15,Pre-Team-12,FINISHED,1.0,1.0,1.56,1.1,1.94,3.74,3.61,1.8,2.01,1.91,1.9,True
1168,Premier League (England),2024,2025-02-13 13:00:00,Pre-Team-14,Pre-Team-10,FINISHED,4.0,0.0,1.38,1.01,1.85,3.29,4.74,2.55,1.52,2.85,1.43,True
1169,La Liga (Spain),2024,2025-02-13 18:00:00,La -Team-06,La -Team-09,FINISHED,1.0,1.0,2.04,1.08,1.61,4.53,4.49,1.58,2.43,1.51,2.6,True
1170,La Liga (Spain),2024,2025-02-13 13:00:00,La -Team-05,La -Team-12,FINISHED,1.0,1.0,1.4,1.01,2.74,3.38,2.54,1.99,1.83,2.27,1.65,True
1171,La Liga (Spain),2024,2025-02-13 13:00:00,La -Team-08,La -Team-07,FINISHED,1.0,1.0,1.69,0.72,1.66,3.21,6.6,3.33,1.34,3.54,1.3,True
1172,La Liga (Spain),2024,2025-02-13 13:00:00,La -Team-11,La -Team-04,FINISHED,0.0,2.0,0.75,0.51,2.19,2.7,4.37,3.5,1.3,4.82,1.19,True
1173,La Liga (Spain),2024,2025-02-13 16:00:00,La -Team-10,La -Team-01,FINISHED,4.0,0.0,1.74,0.88,1.79,4.03,4.0,1.72,2.12,1.73,2.11,True
1174,La Liga (Spain),2024,2025-02-13 21:00:00,La -Team-16,La -Team-03,FINISHED,1.0,2.0,1.94,1.39,2.23,4.03,2.75,1.5,2.6,1.54,2.52,True
1175,La Liga (Spain),2024,2025-02-13 16:00:00,La -Team-14,La -Team-13,FINISHED,2.0,0.0,1.12,0.56,1.7,3.42,5.6,2.71,1.47,2.85,1.42,True
1176,La Liga (Spain),2024,2025-02-13 13:00:00,La -Team-02,La -Team-15,FINISHED,3.0,1.0,1.84,1.54,2.18,3.74,2.95,1.69,2.17,1.82,2.02,True
1177,Serie A (Italy),2024,2025-02-13 16:00:00,Ser-Team-16,Ser-Team-15,FINISHED,1.0,2.0,1.35,1.56,2.8,3.48,2.38,1.9,1.93,2.1,1.72,True
1178,Serie A (Italy),2024,2025-02-13 16:00:00,Ser-Team-06,Ser-Team-05,FINISHED,1.0,1.0,0.08,1.07,7.44,2.28,2.05,6.66,1.11,9.25,1.06,True
1179,Serie A (Italy),2024,2025-02-13 18:00:00,Ser-Team-13,Ser-Team-12,FINISHED,0.0,4.0,1.12,1.07,2.98,3.09,2.48,2.32,1.62,2.82,1.42,True
1180,Serie A (Italy),2024,2025-02-13 18:00:00,Ser-Team-04,Ser-Team-09,FINISHED,3.0,1.0,1.26,0.57,1.94,3.09,4.48,2.76,1.45,3.25,1.34,True
1181,Serie A (Italy),2024,2025-02-13 21:00:00,Ser-Team-07,Ser-Team-10,FINISHED,0.0,1.0,1.58,1.66,2.6,3.79,2.41,1.62,2.31,1.73,2.13,True
1182,Serie A (Italy),2024,2025-02-13 16:00:00,Ser-Team-03,Ser-Team-14,FINISHED,1.0,1.0,1.16,1.4,3.0,3.32,2.37,2.06,1.77,2.4,1.58,True
1183,Serie A (Italy),2024,2025-02-13 13:00:00,Ser-Team-08,Ser-Team-01,FINISHED,2.0,2.0,0.92,2.04,7.45,5.46,1.35,1.76,2.09,1.48,2.65,True
1184,Serie A (Italy),2024,2025-02-13 16:00:00,Ser-Team-02,Ser-Team-11,FINISHED,2.0,0.0,1.21,0.77,1.75,3.32,5.36,2.73,1.47,2.99,1.4,True
1185,Bundesliga (Germany),2024,2025-02-13 21:00:00,Bun-Team-06,Bun-Team-11,FINISHED,1.0,2.0,2.29,1.01,1.33,5.72,7.62,1.7,2.17,1.42,2.85,True
1186,Bundesliga (Germany),2024,2025-02-13 18:00:00,Bun-Team-03,Bun-Team-13,FINISHED,2.0,1.0,1.06,1.25,3.34,3.41,2.13,2.03,1.78,2.31,1.63,True
1187,Bundesliga (Germany),2024,2025-02-13 21:00:00,Bun-Team-12,Bun-Team-04,FINISHED,2.0,2.0,1.94,0.41,1.45,4.46,6.66,2.09,1.75,1.88,1.92,True
1188,Bundesliga (Germany),2024,2025-02-13 21:00:00,Bun-Team-16,Bun-Team-14,FINISHED,1.0,2.0,1.33,1.49,2.82,3.86,2.24,1.6,2.36,1.68,2.21,True
1189,Bundesliga (Germany),2024,2025-02-13 18:00:00,Bun-Team-05,Bun-Team-02,FINISHED,0.0,1.0,1.4,0.93,2.17,3.23,3.42,2.24,1.64,2.64,1.48,True
1190,Bundesliga (Germany),2024,2025-02-13 18:00:00,Bun-Team-01,Bun-Team-15,FINISHED,0.0,3.0,0.85,1.08,3.37,3.0,2.31,2.53,1.51,3.18,1.36,True
1191,Bundesliga (Germany),2024,2025-02-13 21:00:00,Bun-Team-09,Bun-Team-07,FINISHED,2.0,0.0,1.26,0.75,1.89,3.17,4.8,2.77,1.46,3.22,1.36,True
1192,Bundesliga (Germany),2024,2025-02-13 18:00:00,Bun-Team-08,Bun-Team-10,FINISHED,0.0,0.0,0.77,0.86,4.4,2.69,2.18,3.48,1.31,4.7,1.2,True
1193,Ligue 1 (France),2024,2025-02-13 16:00:00,Lig-Team-12,Lig-Team-14,FINISHED,2.0,1.0,1.92,0.98,1.87,3.74,3.86,1.93,1.87,2.05,1.78,True
1194,Ligue 1 (France),2024,2025-02-13 16:00:00,Lig-Team-09,Lig-Team-02,FINISHED,1.0,1.0,1.74,0.25,1.73,3.15,6.24,3.31,1.33,3.68,1.29,True
1195,Ligue 1 (France),2024,2025-02-13 18:00:00,Lig-Team-07,Lig-Team-03,FINISHED,3.0,0.0,0.98,0.46,1.89,2.92,5.25,3.3,1.34,3.99,1.24,True
1196,Ligue 1 (France),2024,2025-02-13 13:00:00,Lig-Team-13,Lig-Team-08,FINISHED,1.0,1.0,0.91,0.4,2.17,2.68,4.46,3.58,1.29,4.83,1.19,True
1197,Ligue 1 (France),2024,2025-02-13 16:00:00,Lig-Team-11,Lig-Team-05,FINISHED,3.0,1.0,1.72,0.83,1.73,3.56,5.0,2.33,1.61,2.47,1.55,True
1198,Ligue 1 (France),2024,2025-02-13 21:00:00,Lig-Team-15,Lig-Team-04,FINISHED,0.0,1.0,1.5,0.9,1.86,3.22,4.67,2.68,1.46,3.08,1.38,True
1199,Ligue 1 (France),2024,2025-02-13 18:00:00,Lig-Team-10,Lig-Team-16,FINISHED,0.0,3.0,0.49,1.0,3.86,2.89,2.18,2.9,1.42,3.67,1.29,True
1200,Ligue 1 (France),2024,2025-02-13 16:00:00,Lig-Team-01,Lig-Team-06,FINISHED,0.0,3.0,1.71,1.69,2.02,4.09,3.17,1.52,2.52,1.57,2.45,True
1201,Premier League (England),2024,2025-02-19 16:00:00,Pre-Team-09,Pre-Team-03,FINISHED,2.0,0.0,0.98,1.14,2.62,2.88,3.0,2.67,1.49,3.45,1.31,True
1202,Premier League (England),2024,2025-02-19 21:00:00,Pre-Team-15,Pre-Team-08,FINISHED,0.0,1.0,1.34,0.64,1.9,3.04,4.93,3.01,1.41,3.51,1.31,True
1203,Premier League (England),2024,2025-02-19 13:00:00,Pre-Team-02,Pre-Team-07,FINISHED,0.0,1.0,2.5,0.81,1.21,6.77,11.47,1.91,1.9,1.44,2.89,True
1204,Premier League (England),2024,2025-02-19 13:00:00,Pre-Team-05,Pre-Team-11,FINISHED,1.0,0.0,0.73,1.07,2.78,3.35,2.48,2.02,1.8,2.32,1.63,True
1205,Premier League (England),2024,2025-02-19 13:00:00,Pre-Team-01,Pre-Team-14,FINISHED,1.0,2.0,1.39,0.66,1.95,3.17,4.24,2.58,1.51,3.01,1.39,True
1206,Premier League (England),2024,2025-02-19 16:00:00,Pre-Team-13,Pre-Team-12,FINISHED,1.0,2.0,1.43,0.72,1.82,3.78,4.06,1.89,1.93,1.98,1.86,True
1207,Premier League (England),2024,2025-02-19 16:00:00,Pre-Team-16,Pre-Team-10,FINISHED,0.0,2.0,1.32,0.48,1.49,3.87,7.81,2.94,1.42,2.71,1.47,True
1208,Premier League (England),2024,2025-02-19 13:00:00,Pre-Team-04,Pre-Team-06,FINISHED,0.0,0.0,1.63,1.04,1.46,4.4,6.77,2.14,1.72,1.95,1.88,True
1209,La Liga (Spain),2024,2025-02-19 13:00:00,La -Team-09,La -Team-12,FINISHED,1.0,2.0,1.1,2.19,5.67,4.88,1.47,1.63,2.28,1.49,2.63,True
1210,La Liga (Spain),2024,2025-02-19 18:00:00,La -Team-08,La -Team-05,FINISHED,1.0,0.0,1.06,0.88,2.59,3.02,2.93,2.44,1.57,3.03,1.4,True
1211,La Liga (Spain),2024,2025-02-19 21:00:00,La -Team-02,La -Team-07,FINISHED,1.0,0.0,1.77,0.98,1.63,4.05,4.94,1.94,1.89,1.92,1.91,True
1212,La Liga (Spain),2024,2025-02-19 13:00:00,La -Team-15,La -Team-13,FINISHED,1.0,5.0,0.89,0.86,2.17,3.08,3.59,2.5,1.54,3.02,1.4,True
1213,La Liga (Spain),2024,2025-02-19 18:00:00,La -Team-11,La -Team-14,FINISHED,0.0,0.0,0.81,0.87,3.18,2.83,2.54,2.84,1.44,3.74,1.28,True
1214,La Liga (Spain),2024,2025-02-19 18:00:00,La -Team-03,La -Team-04,FINISHED,1.0,0.0,1.09,1.1,2.76,3.51,2.43,1.88,1.95,2.08,1.75,True
1215,La Liga (Spain),2024,2025-02-19 18:00:00,La -Team-10,La -Team-06,FINISHED,2.0,1.0,1.01,1.0,2.1,3.52,3.27,1.91,1.9,2.1,1.74,True
1216,La Liga (Spain),2024,2025-02-19 16:00:00,La -Team-01,La -Team-16,FINISHED,1.0,0.0,1.6,0.7,1.74,3.94,4.37,1.85,1.94,1.89,1.9,True
1217,Serie A (Italy),2024,2025-02-19 18:00:00,Ser-Team-01,Ser-Team-09,FINISHED,2.0,0.0,1.58,0.8,1.85,3.33,4.74,2.56,1.51,2.86,1.42,True
1218,Serie A (Italy),2024,2025-02-19 16:00:00,Ser-Team-04,Ser-Team-14,FINISHED,5.0,0.0,1.13,1.07,2.23,2.88,3.73,2.78,1.45,3.55,1.29,True
1219,Serie A (Italy),2024,2025-02-19 16:00:00,Ser-Team-05,Ser-Team-15,FINISHED,1.0,1.0,1.29,0.52,1.75,3.21,5.56,2.95,1.41,3.25,1.34,True
1220,Serie A (Italy),2024,2025-02-19 13:00:00,Ser-Team-02,Ser-Team-10,FINISHED,0.0,1.0,1.41,1.22,2.21,3.5,3.12,1.93,1.88,2.15,1.7,True
1221,Serie A (Italy),2024,2025-02-19 21:00:00,Ser-Team-03,Ser-Team-16,FINISHED,4.0,4.0,2.2,1.01,1.58,4.52,4.9,1.65,2.23,1.57,2.42,True
1222,Serie A (Italy),2024,2025-02-19 13:00:00,Ser-Team-08,Ser-Team-11,FINISHED,0.0,0.0,1.38,1.58,2.78,3.88,2.24,1.6,2.36,1.65,2.24,True
1223,Serie A (Italy),2024,2025-02-19 16:00:00,Ser-Team-13,Ser-Team-07,FINISHED,1.0,2.0,1.31,0.99,2.32,3.09,3.22,2.38,1.6,2.87,1.42,True
1224,Serie A (Italy),2024,2025-02-19 18:00:00,Ser-Team-12,Ser-Team-06,FINISHED,1.0,1.0,1.22,0.68,1.6,3.08,9.86,4.93,1.18,4.75,1.2,True
1225,Bundesliga (Germany),2024,2025-02-19 21:00:00,Bun-Team-12,Bun-Team-05,FINISHED,3.0,0.0,0.96,0.48,1.85,3.48,4.34,2.3,1.64,2.52,1.53,True
1226,Bundesliga (Germany),2024,2025-02-19 13:00:00,Bun-Team-14,Bun-Team-01,FINISHED,1.0,4.0,1.4,1.27,2.67,4.08,2.3,1.51,2.59,1.54,2.49,True
1227,Bundesliga (Germany),2024,2025-02-19 18:00:00,Bun-Team-09,Bun-Team-07,FINISHED,2.0,0.0,0.94,0.67,1.87,3.15,4.72,2.77,1.45,3.22,1.36,True
1228,Bundesliga (Germany),2024,2025-02-19 16:00:00,Bun-Team-15,Bun-Team-04,FINISHED,1.0,0.0,1.67,0.46,1.45,4.15,7.61,2.58,1.52,2.34,1.61,True
1229,Bundesliga (Germany),2024,2025-02-19 16:00:00,Bun-Team-13,Bun-Team-06,FINISHED,4.0,2.0,1.2,1.91,3.4,4.24,1.9,1.51,2.62,1.49,2.62,True
1230,Bundesliga (Germany),2024,2025-02-19 13:00:00,Bun-Team-03,Bun-Team-16,FINISHED,0.0,3.0,0.63,1.15,2.72,2.84,3.0,2.79,1.45,3.75,1.29,True
1231,Bundesliga (Germany),2024,2025-02-19 18:00:00,Bun-Team-02,Bun-Team-10,FINISHED,1.0,4.0,1.46,1.28,2.47,3.17,2.89,2.22,1.66,2.66,1.49,True
1232,Bundesliga (Germany),2024,2025-02-19 18:00:00,Bun-Team-11,Bun-Team-08,FINISHED,2.0,2.0,1.01,0.77,2.02,3.12,4.18,2.66,1.48,3.13,1.36,True
1233,Ligue 1 (France),2024,2025-02-19 16:00:00,Lig-Team-05,Lig-Team-02,FINISHED,0.0,1.0,1.15,0.66,2.33,2.7,3.82,3.19,1.36,4.32,1.22,True
1234,Ligue 1 (France),2024,2025-02-19 16:00:00,Lig-Team-13,Lig-Team-06,FINISHED,1.0,1.0,1.72,0.97,2.14,3.62,3.17,1.84,1.98,2.0,1.82,True
1235,Ligue 1 (France),2024,2025-02-19 21:00:00,Lig-Team-09,Lig-Team-11,FINISHED,0.0,1.0,1.0,1.28,2.26,3.22,3.24,2.25,1.66,2.65,1.48,True
1236,Ligue 1 (France),2024,2025-02-19 13:00:00,Lig-Team-16,Lig-Team-10,FINISHED,1.0,3.0,1.28,0.59,1.79,3.15,5.36,2.98,1.4,3.37,1.33,True
1237,Ligue 1 (France),2024,2025-02-19 13:00:00,Lig-Team-03,Lig-Team-15,FINISHED,0.0,2.0,0.81,1.58,4.2,3.31,1.92,2.39,1.57,2.73,1.47,True
1238,Ligue 1 (France),2024,2025-02-19 18:00:00,Lig-Team-08,Lig-Team-07,FINISHED,0.0,1.0,0.42,0.83,4.89,2.73,2.04,3.58,1.29,4.65,1.2,True
1239,Ligue 1 (France),2024,2025-02-19 13:00:00,Lig-Team-14,Lig-Team-01,FINISHED,0.0,3.0,1.32,1.26,2.25,3.69,2.96,1.73,2.12,1.87,1.96,True
1240,Ligue 1 (France),2024,2025-02-19 18:00:00,Lig-Team-12,Lig-Team-04,FINISHED,1.0,1.0,0.96,0.39,2.43,2.72,3.51,3.13,1.38,4.21,1.23,True
1241,Premier League (England),2024,2025-02-20 21:00:00,Pre-Team-08,Pre-Team-01,FINISHED,1.0,4.0,0.87,1.51,4.64,3.25,1.86,2.58,1.51,2.91,1.41,True
1242,Premier League (England),2024,2025-02-20 16:00:00,Pre-Team-11,Pre-Team-04,FINISHED,0.0,2.0,0.92,1.26,2.66,3.79,2.36,1.65,2.25,1.75,2.1,True
1243,Premier League (England),2024,2025-02-20 21:00:00,Pre-Team-13,Pre-Team-05,FINISHED,1.0,0.0,1.09,0.45,2.68,2.85,2.95,2.78,1.46,3.62,1.28,True
1244,Premier League (England),2024,2025-02-20 16:00:00,Pre-Team-10,Pre-Team-16,FINISHED,2.0,1.0,0.46,1.27,5.25,3.27,1.78,2.79,1.45,3.08,1.38,True
1245,Premier League (England),2024,2025-02-20 13:00:00,Pre-Team-14,Pre-Team-12,FINISHED,0.0,2.0,1.56,0.27,2.08,3.37,3.65,2.14,1.71,2.44,1.56,True
1246,Premier League (England),2024,2025-02-20 13:00:00,Pre-Team-07,Pre-Team-03,FINISHED,1.0,2.0,1.55,1.78,3.27,4.08,1.95,1.55,2.52,1.55,2.48,True
1247,Premier League (England),2024,2025-02-20 18:00:00,Pre-Team-06,Pre-Team-15,FINISHED,4.0,1.0,1.36,0.9,2.37,3.18,3.1,2.26,1.64,2.73,1.48,True
1248,Premier League (England),2024,2025-02-20 16:00:00,Pre-Team-02,Pre-Team-09,FINISHED,1.0,0.0,0.89,0.58,1.7,3.22,6.08,3.13,1.37,3.46,1.32,True
1249,La Liga (Spain),2024,2025-02-20 16:00:00,La -Team-08,La -Team-15,FINISHED,1.0,1.0,1.87,0.73,2.08,2.98,4.16,2.8,1.44,3.5,1.31,True
1250,La Liga (Spain),2024,2025-02-20 13:00:00,La -Team-03,La -Team-04,FINISHED,2.0,3.0,1.16,1.8,2.78,3.47,2.42,1.86,1.95,2.07,1.76,True
1251,La Liga (Spain),2024,2025-02-20 18:00:00,La -Team-06,La -Team-01,FINISHED,0.0,2.0,1.73,1.48,1.94,3.76,3.63,1.82,2.03,1.92,1.89,True
1252,La Liga (Spain),2024,2025-02-20 13:00:00,La -Team-02,La -Team-11,FINISHED,0.0,2.0,0.77,1.24,2.5,3.46,2.69,1.91,1.9,2.16,1.72,True
1253,La Liga (Spain),2024,2025-02-20 21:00:00,La -Team-10,La -Team-05,FINISHED,0.0,5.0,1.52,1.72,2.7,3.57,2.49,1.83,1.97,2.02,1.8,True
1254,La Liga (Spain),2024,2025-02-20 13:00:00,La -Team-13,La -Team-14,FINISHED,1.0,0.0,0.62,1.17,3.93,3.1,2.09,2.59,1.51,3.12,1.38,True
1255,La Liga (Spain),2024,2025-02-20 18:00:00,La -Team-09,La -Team-12,FINISHED,3.0,6.0,0.92,2.39,5.71,4.9,1.46,1.63,2.3,1.49,2.68,True
1256,La Liga (Spain),2024,2025-02-20 21:00:00,La -Team-16,La -Team-07,FINISHED,2.0,1.0,1.09,0.77,2.44,3.05,3.13,2.47,1.57,3.03,1.38,True
1257,Serie A (Italy),2024,2025-02-20 18:00:00,Ser-Team-06,Ser-Team-10,FINISHED,1.0,2.0,0.7,1.21,6.13,2.91,1.8,3.69,1.28,4.36,1.22,True
1258,Serie A (Italy),2024,2025-02-20 13:00:00,Ser-Team-09,Ser-Team-13,FINISHED,1.0,1.0,0.81,0.85,2.39,2.89,3.39,2.71,1.48,3.53,1.3,True
1259,Serie A (Italy),2024,2025-02-20 21:00:00,Ser-Team-12,Ser-Team-14,FINISHED,3.0,1.0,1.42,0.99,2.27,3.23,3.23,2.24,1.65,2.67,1.49,True
1260,Serie A (Italy),2024,2025-02-20 16:00:00,Ser-Team-16,Ser-Team-08,FINISHED,3.0,1.0,2.12,1.8,1.87,4.53,3.25,1.34,3.26,1.32,3.49,True
1261,Serie A (Italy),2024,2025-02-20 18:00:00,Ser-Team-15,Ser-Team-05,FINISHED,1.0,3.0,0.5,1.03,3.93,2.93,2.15,2.86,1.43,3.58,1.3,True
1262,Serie A (Italy),2024,2025-02-20 21:00:00,Ser-Team-11,Ser-Team-03,FINISHED,2.0,1.0,0.85,1.36,2.78,3.41,2.44,1.97,1.86,2.22,1.67,True
1263,Serie A (Italy),2024,2025-02-20 18:00:00,Ser-Team-04,Ser-Team-01,FINISHED,0.0,0.0,1.02,0.72,2.55,2.94,3.09,2.62,1.5,3.38,1.33,True
1264,Serie A (Italy),2024,2025-02-20 16:00:00,Ser-Team-02,Ser-Team-07,FINISHED,0.0,2.0,1.45,0.82,1.99,3.24,3.97,2.38,1.58,2.75,1.46,True
1265,Bundesliga (Germany),2024,2025-02-20 21:00:00,Bun-Team-10,Bun-Team-07,FINISHED,0.0,2.0,1.31,0.96,2.38,3.22,3.05,2.2,1.66,2.63,1.49,True
1266,Bundesliga (Germany),2024,2025-02-20 16:00:00,Bun-Team-03,Bun-Team-09,FINISHED,0.0,1.0,0.23,1.13,6.02,2.94,1.8,3.69,1.29,4.3,1.22,True
1267,Bundesliga (Germany),2024,2025-02-20 13:00:00,Bun-Team-12,Bun-Team-06,FINISHED,2.0,2.0,1.66,1.59,2.22,3.7,2.97,1.74,2.09,1.87,1.94,True
1268,Bundesliga (Germany),2024,2025-02-20 21:00:00,Bun-Team-02,Bun-Team-16,FINISHED,1.0,2.0,1.78,0.8,1.86,3.46,4.43,2.31,1.62,2.53,1.51,True
1269,Bundesliga (Germany),2024,2025-02-20 21:00:00,Bun-Team-11,Bun-Team-04,FINISHED,2.0,1.0,1.42,1.05,2.24,3.76,2.84,1.69,2.17,1.82,2.01,True
1270,Bundesliga (Germany),2024,2025-02-20 21:00:00,Bun-Team-14,Bun-Team-13,FINISHED,0.0,2.0,2.09,1.58,2.11,4.56,2.72,1.29,3.65,1.26,3.87,True
1271,Bundesliga (Germany),2024,2025-02-20 16:00:00,Bun-Team-08,Bun-Team-05,FINISHED,1.0,2.0,0.4,0.8,4.48,2.69,2.14,3.58,1.31,4.79,1.18,True
1272,Bundesliga (Germany),2024,2025-02-20 21:00:00,Bun-Team-01,Bun-Team-15,FINISHED,2.0,1.0,0.96,1.13,3.41,3.01,2.33,2.56,1.51,3.19,1.37,True
1273,Ligue 1 (France),2024,2025-02-20 16:00:00,Lig-Team-06,Lig-Team-08,FINISHED,2.0,0.0,1.66,0.89,1.92,3.44,3.98,2.19,1.69,2.43,1.56,True
1274,Ligue 1 (France),2024,2025-02-20 13:00:00,Lig-Team-14,Lig-Team-05,FINISHED,1.0,1.0,1.6,0.89,2.02,3.47,3.6,2.01,1.78,2.25,1.66,True
1275,Ligue 1 (France),2024,2025-02-20 21:00:00,Lig-Team-15,Lig-Team-04,FINISHED,1.0,0.0,1.27,0.52,1.87,3.21,4.64,2.66,1.49,3.03,1.38,True
1276,Ligue 1 (France),2024,2025-02-20 13:00:00,Lig-Team-13,Lig-Team-03,FINISHED,2.0,0.0,0.58,0.72,2.47,2.68,3.51,3.21,1.36,4.51,1.21,True
1277,Ligue 1 (France),2024,2025-02-20 21:00:00,Lig-Team-11,Lig-Team-16,FINISHED,2.0,0.0,1.18,0.81,1.96,3.01,4.51,2.9,1.42,3.42,1.31,True
1278,Ligue 1 (France),2024,2025-02-20 16:00:00,Lig-Team-09,Lig-Team-01,FINISHED,0.0,0.0,1.32,1.03,1.84,3.58,4.25,2.18,1.71,2.31,1.61,True
1279,Ligue 1 (France),2024,2025-02-20 16:00:00,Lig-Team-12,Lig-Team-07,FINISHED,0.0,0.0,1.06,1.21,2.77,3.0,2.75,2.47,1.54,3.12,1.37,True
1280,Ligue 1 (France),2024,2025-02-20 18:00:00,Lig-Team-02,Lig-Team-10,FINISHED,2.0,1.0,1.12,0.59,2.08,2.93,4.2,2.88,1.42,3.6,1.3,True
1281,Premier League (England),2024,2025-02-26 13:00:00,Pre-Team-08,Pre-Team-16,FINISHED,1.0,0.0,0.96,1.15,5.5,2.66,2.0,4.09,1.24,5.27,1.16,True
1282,Premier League (England),2024,2025-02-26 21:00:00,Pre-Team-01,Pre-Team-04,FINISHED,0.0,1.0,1.36,1.34,3.19,3.6,2.12,1.85,1.97,1.99,1.81,True
1283,Premier League (England),2024,2025-02-26 16:00:00,Pre-Team-06,Pre-Team-03,FINISHED,1.0,0.0,1.07,1.07,2.55,3.23,2.8,2.15,1.71,2.52,1.53,True
1284,Premier League (England),2024,2025-02-26 16:00:00,Pre-Team-05,Pre-Team-10,FINISHED,1.0,0.0,1.42,0.44,1.56,3.87,6.18,2.4,1.57,2.33,1.6,True
1285,Premier League (England),2024,2025-02-26 13:00:00,Pre-Team-09,Pre-Team-07,FINISHED,1.0,2.0,1.77,1.17,1.73,3.98,4.39,1.84,1.94,1.9,1.92,True
1286,Premier League (England),2024,2025-02-26 13:00:00,Pre-Team-14,Pre-Team-02,FINISHED,1.0,0.0,0.59,0.99,4.47,2.84,2.08,3.15,1.36,3.99,1.25,True
1287,Premier League (England),2024,2025-02-26 13:00:00,Pre-Team-13,Pre-Team-12,FINISHED,0.0,0.0,1.58,0.86,1.83,3.79,4.04,1.9,1.9,1.97,1.83,True
1288,Premier League (England),2024,2025-02-26 18:00:00,Pre-Team-15,Pre-Team-11,FINISHED,2.0,2.0,0.9,1.14,3.37,3.61,2.03,1.85,1.94,2.02,1.8,True
1289,La Liga (Spain),2024,2025-02-26 13:00:00,La -Team-09,La -Team-13,FINISHED,4.0,1.0,1.31,1.29,2.52,3.74,2.5,1.67,2.21,1.76,2.05,True
1290,La Liga (Spain),2024,2025-02-26 21:00:00,La -Team-06,La -Team-16,FINISHED,1.0,0.0,1.87,1.08,1.62,3.91,5.41,2.17,1.71,2.15,1.7,True
1291,La Liga (Spain),2024,2025-02-26 18:00:00,La -Team-04,La -Team-03,FINISHED,1.0,1.0,1.77,0.94,1.86,3.78,3.91,1.91,1.91,2.01,1.81,True
1292,La Liga (Spain),2024,2025-02-26 16:00:00,La -Team-02,La -Team-01,FINISHED,0.0,0.0,2.16,1.35,1.9,4.32,3.37,1.45,2.74,1.45,2.8,True
1293,La Liga (Spain),2024,2025-02-26 13:00:00,La -Team-10,La -Team-08,FINISHED,0.0,2.0,1.12,0.99,2.65,3.08,2.82,2.37,1.58,2.92,1.41,True
1294,La Liga (Spain),2024,2025-02-26 21:00:00,La -Team-11,La -Team-14,FINISHED,0.0,1.0,0.67,0.78,3.21,2.82,2.55,2.81,1.44,3.78,1.27,True
1295,La Liga (Spain),2024,2025-02-26 18:00:00,La -Team-05,La -Team-07,FINISHED,1.0,2.0,1.84,0.28,1.47,4.16,7.63,2.55,1.52,2.3,1.62,True
1296,La Liga (Spain),2024,2025-02-26 18:00:00,La -Team-15,La -Team-12,FINISHED,1.0,0.0,1.14,1.41,3.89,3.3,2.0,2.26,1.65,2.58,1.51,True
1297,Serie A (Italy),2024,2025-02-26 18:00:00,Ser-Team-16,Ser-Team-10,FINISHED,1.0,4.0,1.12,2.26,4.47,4.6,1.62,1.5,2.58,1.44,2.81,True
1298,Serie A (Italy),2024,2025-02-26 18:00:00,Ser-Team-04,Ser-Team-03,FINISHED,2.0,0.0,1.55,1.2,1.68,3.69,5.03,2.21,1.67,2.27,1.63,True
1299,Serie A (Italy),2024,2025-02-26 21:00:00,Ser-Team-15,Ser-Team-09,FINISHED,2.0,0.0,1.16,1.02,3.04,3.03,2.52,2.47,1.54,3.11,1.35,True
1300,Serie A (Italy),2024,2025-02-26 13:00:00,Ser-Team-07,Ser-Team-02,FINISHED,1.0,0.0,1.07,1.27,2.87,3.1,2.59,2.34,1.6,2.82,1.44,True
1301,Serie A (Italy),2024,2025-02-26 16:00:00,Ser-Team-08,Ser-Team-11,FINISHED,1.0,3.0,1.39,1.7,2.8,3.94,2.24,1.59,2.36,1.65,2.24,True
1302,Serie A (Italy),2024,2025-02-26 21:00:00,Ser-Team-12,Ser-Team-05,FINISHED,2.0,0.0,1.03,0.84,2.45,3.05,3.07,2.44,1.58,3.0,1.4,True
1303,Serie A (Italy),2024,2025-02-26 16:00:00,Ser-Team-13,Ser-Team-14,FINISHED,0.0,2.0,0.73,0.96,3.03,2.83,2.67,2.8,1.44,3.76,1.28,True
1304,Serie A (Italy),2024,2025-02-26 21:00:00,Ser-Team-06,Ser-Team-01,FINISHED,0.0,0.0,-0.01,1.14,8.27,2.62,1.78,5.71,1.14,6.59,1.12,True
1305,Bundesliga (Germany),2024,2025-02-26 16:00:00,Bun-Team-07,Bun-Team-12,FINISHED,1.0,1.0,0.72,0.91,3.1,3.43,2.26,2.0,1.81,2.25,1.66,True
1306,Bundesliga (Germany),2024,2025-02-26 16:00:00,Bun-Team-10,Bun-Team-11,FINISHED,2.0,4.0,1.78,0.88,1.76,3.77,4.41,1.97,1.84,2.05,1.77,True
1307,Bundesliga (Germany),2024,2025-02-26 16:00:00,Bun-Team-04,Bun-Team-08,FINISHED,3.0,1.0,0.92,0.62,2.05,2.93,4.36,3.02,1.4,3.71,1.28,True
1308,Bundesliga (Germany),2024,2025-02-26 13:00:00,Bun-Team-15,Bun-Team-05,FINISHED,2.0,0.0,0.74,0.34,1.81,3.17,5.1,2.89,1.42,3.3,1.33,True
1309,Bundesliga (Germany),2024,2025-02-26 16:00:00,Bun-Team-02,Bun-Team-03,FINISHED,1.0,0.0,1.09,0.88,1.79,3.33,4.91,2.59,1.5,2.87,1.43,True
1310,Bundesliga (Germany),2024,2025-02-26 13:00:00,Bun-Team-14,Bun-Team-01,FINISHED,1.0,2.0,1.85,1.61,2.66,4.0,2.29,1.5,2.57,1.55,2.48,True
1311,Bundesliga (Germany),2024,2025-02-26 21:00:00,Bun-Team-06,Bun-Team-09,FINISHED,1.0,3.0,0.96,0.82,2.49,3.12,2.98,2.33,1.62,2.79,1.44,True
1312,Bundesliga (Germany),2024,2025-02-26 13:00:00,Bun-Team-13,Bun-Team-16,FINISHED,2.0,1.0,1.79,1.46,1.75,3.88,4.28,1.87,1.94,1.92,1.89,True
1313,Ligue 1 (France),2024,2025-02-26 16:00:00,Lig-Team-10,Lig-Team-14,FINISHED,1.0,1.0,1.4,1.54,3.96,3.74,1.85,1.86,1.94,1.97,1.85,True
1314,Ligue 1 (France),2024,2025-02-26 21:00:00,Lig-Team-13,Lig-Team-03,FINISHED,0.0,1.0,0.8,0.43,2.51,2.67,3.51,3.25,1.34,4.48,1.2,True
1315,Ligue 1 (France),2024,2025-02-26 18:00:00,Lig-Team-11,Lig-Team-01,FINISHED,1.0,2.0,1.57,1.02,1.84,3.68,4.06,1.98,1.85,2.09,1.76,True
1316,Ligue 1 (France),2024,2025-02-26 18:00:00,Lig-Team-15,Lig-Team-02,FINISHED,3.0,0.0,1.76,0.41,1.44,4.18,8.42,2.75,1.45,2.38,1.57,True
1317,Ligue 1 (France),2024,2025-02-26 16:00:00,Lig-Team-07,Lig-Team-09,FINISHED,0.0,0.0,1.25,0.9,2.3,2.96,3.46,2.66,1.49,3.3,1.34,True
1318,Ligue 1 (France),2024,2025-02-26 18:00:00,Lig-Team-08,Lig-Team-06,FINISHED,0.0,1.0,1.07,0.92,2.88,3.22,2.47,2.16,1.71,2.53,1.52,True
1319,Ligue 1 (France),2024,2025-02-26 13:00:00,Lig-Team-05,Lig-Team-04,FINISHED,3.0,1.0,1.04,0.63,3.39,2.62,2.62,3.36,1.32,4.75,1.19,True
1320,Ligue 1 (France),2024,2025-02-26 18:00:00,Lig-Team-16,Lig-Team-12,FINISHED,0.0,2.0,1.0,1.01,3.23,2.76,2.58,2.92,1.4,3.98,1.26,True
1321,Premier League (England),2024,2025-02-27 21:00:00,Pre-Team-02,Pre-Team-05,FINISHED,4.0,1.0,1.26,0.41,1.88,3.14,4.87,2.83,1.43,3.31,1.33,True
1322,Premier League (England),2024,2025-02-27 16:00:00,Pre-Team-15,Pre-Team-14,FINISHED,1.0,2.0,0.72,0.93,2.52,2.77,3.33,2.9,1.41,3.91,1.26,True
1323,Premier League (England),2024,2025-02-27 16:00:00,Pre-Team-08,Pre-Team-06,FINISHED,1.0,1.0,0.8,1.42,3.53,2.9,2.31,2.76,1.46,3.53,1.3,True
1324,Premier League (England),2024,2025-02-27 13:00:00,Pre-Team-13,Pre-Team-09,FINISHED,1.0,0.0,0.94,1.04,2.37,2.8,3.56,2.99,1.39,4.02,1.26,True
1325,Premier League (England),2024,2025-02-27 16:00:00,Pre-Team-12,Pre-Team-11,FINISHED,1.0,1.0,1.1,1.82,4.15,4.51,1.68,1.5,2.62,1.43,2.81,True
1326,Premier League (England),2024,2025-02-27 18:00:00,Pre-Team-04,Pre-Team-10,FINISHED,4.0,1.0,2.75,0.45,1.19,6.81,13.27,2.16,1.72,1.51,2.56,True
1327,Premier League (England),2024,2025-02-27 18:00:00,Pre-Team-03,Pre-Team-16,FINISHED,4.0,0.0,0.78,1.14,3.23,2.76,2.58,3.0,1.38,4.06,1.24,True
1328,Premier League (England),2024,2025-02-27 18:00:00,Pre-Team-07,Pre-Team-01,FINISHED,1.0,2.0,1.24,2.04,4.11,4.56,1.65,1.48,2.68,1.41,2.95,True
1329,La Liga (Spain),2024,2025-02-27 13:00:00,La -Team-02,La -Team-01,FINISHED,0.0,0.0,1.92,1.84,1.88,4.34,3.36,1.46,2.76,1.44,2.81,True
1330,La Liga (Spain),2024,2025-02-27 18:00:00,La -Team-03,La -Team-10,FINISHED,1.0,1.0,1.45,2.54,3.77,4.47,1.75,1.44,2.82,1.38,3.02,True
1331,La Liga (Spain),2024,2025-02-27 18:00:00,La -Team-16,La -Team-09,FINISHED,0.0,2.0,1.46,1.84,2.48,3.95,2.47,1.54,2.5,1.6,2.39,True
1332,La Liga (Spain),2024,2025-02-27 18:00:00,La -Team-13,La -Team-11,FINISHED,2.0,1.0,1.2,1.17,3.05,2.8,2.68,2.84,1.42,3.85,1.27,True
1333,La Liga (Spain),2024,2025-02-27 13:00:00,La -Team-12,La -Team-04,FINISHED,2.0,1.0,1.55,0.42,1.59,3.51,6.74,2.97,1.4,3.02,1.38,True
1334,La Liga (Spain),2024,2025-02-27 21:00:00,La -Team-05,La -Team-08,FINISHED,1.0,1.0,1.14,0.81,2.25,3.07,3.42,2.47,1.55,3.01,1.39,True
1335,La Liga (Spain),2024,2025-02-27 13:00:00,La -Team-06,La -Team-07,FINISHED,1.0,0.0,0.98,0.95,1.73,3.48,5.27,2.56,1.52,2.71,1.47,True
1336,La Liga (Spain),2024,2025-02-27 18:00:00,La -Team-15,La -Team-14,FINISHED,0.0,3.0,1.06,1.33,3.46,3.09,2.24,2.45,1.55,2.98,1.4,True
1337,Serie A (Italy),2024,2025-02-27 16:00:00,Ser-Team-07,Ser-Team-14,FINISHED,0.0,0.0,0.82,1.2,2.93,3.18,2.46,2.26,1.65,2.73,1.45,True
1338,Serie A (Italy),2024,2025-02-27 13:00:00,Ser-Team-08,Ser-Team-16,FINISHED,2.0,0.0,1.76,1.92,2.23,4.39,2.6,1.34,3.32,1.32,3.38,True
1339,Serie A (Italy),2024,2025-02-27 21:00:00,Ser-Team-01,Ser-Team-02,FINISHED,1.0,0.0,1.05,0.41,2.05,3.05,4.04,2.71,1.48,3.26,1.34,True
1340,Serie A (Italy),2024,2025-02-27 18:00:00,Ser-Team-10,Ser-Team-03,FINISHED,0.0,1.0,2.01,1.16,1.75,4.3,3.89,1.55,2.48,1.52,2.53,True
1341,Serie A (Italy),2024,2025-02-27 18:00:00,Ser-Team-04,Ser-Team-12,FINISHED,2.0,0.0,1.09,1.08,2.16,3.17,3.49,2.31,1.6,2.71,1.47,True
1342,Serie A (Italy),2024,2025-02-27 21:00:00,Ser-Team-15,Ser-Team-13,FINISHED,2.0,2.0,0.75,1.11,2.98,2.9,2.66,2.67,1.48,3.48,1.32,True
1343,Serie A (Italy),2024,2025-02-27 21:00:00,Ser-Team-05,Ser-Team-06,FINISHED,0.0,0.0,0.97,0.46,1.76,2.59,10.2,6.91,1.1,7.41,1.09,True
1344,Serie A (Italy),2024,2025-02-27 21:00:00,Ser-Team-11,Ser-Team-09,FINISHED,2.0,1.0,0.98,1.09,3.23,3.03,2.38,2.48,1.55,3.06,1.39,True
1345,Bundesliga (Germany),2024,2025-02-27 18:00:00,Bun-Team-16,Bun-Team-13,FINISHED,3.0,0.0,0.94,1.83,2.99,3.59,2.22,1.84,1.98,2.02,1.8,True
1346,Bundesliga (Germany),2024,2025-02-27 13:00:00,Bun-Team-01,Bun-Team-07,FINISHED,1.0,4.0,1.18,0.97,2.14,3.38,3.32,2.07,1.78,2.33,1.61,True
1347,Bundesliga (Germany),2024,2025-02-27 21:00:00,Bun-Team-05,Bun-Team-03,FINISHED,2.0,0.0,0.92,0.61,1.76,3.25,5.54,2.99,1.4,3.27,1.34,True
1348,Bundesliga (Germany),2024,2025-02-27 16:00:00,Bun-Team-11,Bun-Team-08,FINISHED,1.0,2.0,0.9,0.76,2.02,3.1,4.17,2.62,1.5,3.16,1.36,True
1349,Bundesliga (Germany),2024,2025-02-27 18:00:00,Bun-Team-09,Bun-Team-14,FINISHED,1.0,3.0,2.01,0.8,1.52,4.29,5.78,1.98,1.83,1.88,1.94,True
1350,Bundesliga (Germany),2024,2025-02-27 16:00:00,Bun-Team-06,Bun-Team-04,FINISHED,4.0,0.0,2.3,0.76,1.39,5.03,6.99,1.84,1.98,1.58,2.36,True
1351,Bundesliga (Germany),2024,2025-02-27 18:00:00,Bun-Team-15,Bun-Team-12,FINISHED,0.0,0.0,1.2,0.64,2.2,3.08,3.63,2.46,1.56,2.99,1.39,True
1352,Bundesliga (Germany),2024,2025-02-27 13:00:00,Bun-Team-10,Bun-Team-02,FINISHED,1.0,1.0,1.28,0.74,2.22,3.26,3.34,2.24,1.65,2.62,1.49,True
1353,Ligue 1 (France),2024,2025-02-27 13:00:00,Lig-Team-09,Lig-Team-11,FINISHED,3.0,2.0,1.29,0.54,2.26,3.23,3.25,2.24,1.66,2.65,1.49,True
1354,Ligue 1 (France),2024,2025-02-27 21:00:00,Lig-Team-02,Lig-Team-01,FINISHED,0.0,0.0,0.9,0.86,3.21,2.94,2.48,2.63,1.49,3.37,1.32,True
1355,Ligue 1 (France),2024,2025-02-27 16:00:00,Lig-Team-14,Lig-Team-03,FINISHED,4.0,0.0,1.4,0.78,2.27,3.13,3.33,2.36,1.59,2.84,1.43,True
1356,Ligue 1 (France),2024,2025-02-27 13:00:00,Lig-Team-16,Lig-Team-13,FINISHED,1.0,0.0,0.64,0.74,2.76,2.59,3.18,3.41,1.32,4.93,1.18,True
1357,Ligue 1 (France),2024,2025-02-27 21:00:00,Lig-Team-10,Lig-Team-15,FINISHED,2.0,2.0,0.86,2.58,8.42,5.18,1.33,2.05,1.78,1.68,2.16,True
1358,Ligue 1 (France),2024,2025-02-27 18:00:00,Lig-Team-07,Lig-Team-05,FINISHED,1.0,1.0,1.24,0.72,1.69,3.42,5.78,2.81,1.45,2.99,1.39,True
1359,Ligue 1 (France),2024,2025-02-27 21:00:00,Lig-Team-12,Lig-Team-04,FINISHED,1.0,0.0,1.39,1.07,2.42,2.7,3.54,3.14,1.37,4.25,1.23,True
1360,Ligue 1 (France),2024,2025-02-27 13:00:00,Lig-Team-06,Lig-Team-08,FINISHED,0.0,2.0,1.46,0.62,1.94,3.44,4.01,2.2,1.68,2.43,1.55,True
1361,Premier League (England),2024,2025-03-05 16:00:00,Pre-Team-14,Pre-Team-09,FINISHED,0.0,1.0,0.47,0.79,2.71,2.54,3.35,3.51,1.3,5.15,1.17,True
1362,Premier League (England),2024,2025-03-05 18:00:00,Pre-Team-16,Pre-Team-01,FINISHED,0.0,2.0,0.83,0.87,2.26,2.94,3.61,2.72,1.47,3.45,1.31,True
1363,Premier League (England),2024,2025-03-05 13:00:00,Pre-Team-02,Pre-Team-11,FINISHED,5.0,1.0,1.16,1.0,1.95,3.6,3.73,1.96,1.85,2.12,1.72,True
1364,Premier League (England),2024,2025-03-05 13:00:00,Pre-Team-12,Pre-Team-13,FINISHED,0.0,2.0,1.28,1.22,2.86,3.53,2.34,1.86,1.96,2.06,1.78,True
1365,Premier League (England),2024,2025-03-05 21:00:00,Pre-Team-15,Pre-Team-08,FINISHED,0.0,2.0,1.13,0.6,1.89,3.07,4.87,3.0,1.39,3.5,1.3,True
1366,Premier League (England),2024,2025-03-05 18:00:00,Pre-Team-10,Pre-Team-07,FINISHED,1.0,3.0,1.61,1.35,2.28,4.2,2.64,1.43,2.87,1.43,2.83,True
1367,Premier League (England),2024,2025-03-05 16:00:00,Pre-Team-06,Pre-Team-04,FINISHED,0.0,3.0,0.98,1.8,4.42,3.75,1.76,2.03,1.79,2.15,1.72,True
1368,Premier League (England),2024,2025-03-05 16:00:00,Pre-Team-03,Pre-Team-05,FINISHED,0.0,1.0,1.1,0.81,2.64,3.0,2.91,2.47,1.57,3.15,1.37,True
1369,La Liga (Spain),2024,2025-03-05 16:00:00,La -Team-12,La -Team-11,FINISHED,1.0,2.0,1.45,0.52,1.82,3.26,4.91,2.65,1.5,3.0,1.41,True
1370,La Liga (Spain),2024,2025-03-05 18:00:00,La -Team-01,La -Team-05,FINISHED,1.0,2.0,1.24,1.72,3.5,3.82,1.96,1.74,2.1,1.84,1.98,True
1371,La Liga (Spain),2024,2025-03-05 13:00:00,La -Team-16,La -Team-15,FINISHED,0.0,2.0,1.27,1.26,3.55,3.27,2.13,2.23,1.66,2.62,1.51,True
1372,La Liga (Spain),2024,2025-03-05 18:00:00,La -Team-04,La -Team-09,FINISHED,2.0,0.0,1.3,1.37,2.04,3.54,3.47,1.94,1.86,2.12,1.71,True
1373,La Liga (Spain),2024,2025-03-05 16:00:00,La -Team-07,La -Team-10,FINISHED,1.0,0.0,0.35,1.15,3.98,3.33,1.97,2.29,1.61,2.63,1.51,True
1374,La Liga (Spain),2024,2025-03-05 13:00:00,La -Team-03,La -Team-02,FINISHED,1.0,1.0,1.78,2.29,3.15,4.81,1.87,1.26,3.94,1.21,4.45,True
1375,La Liga (Spain),2024,2025-03-05 13:00:00,La -Team-14,La -Team-13,FINISHED,1.0,1.0,1.34,0.61,1.7,3.46,5.64,2.7,1.49,2.86,1.45,True
1376,La Liga (Spain),2024,2025-03-05 16:00:00,La -Team-08,La -Team-06,FINISHED,0.0,2.0,1.36,0.6,2.1,3.06,3.84,2.61,1.5,3.17,1.36,True
1377,Serie A (Italy),2024,2025-03-05 18:00:00,Ser-Team-16,Ser-Team-04,FINISHED,1.0,2.0,0.79,1.45,5.61,3.98,1.57,2.14,1.71,2.09,1.76,True
1378,Serie A (Italy),2024,2025-03-05 21:00:00,Ser-Team-10,Ser-Team-15,FINISHED,3.0,1.0,1.75,0.72,1.65,4.07,4.77,1.84,1.93,1.85,1.96,True
1379,Serie A (Italy),2024,2025-03-05 16:00:00,Ser-Team-14,Ser-Team-01,FINISHED,2.0,0.0,1.18,0.75,2.87,2.94,2.69,2.55,1.52,3.24,1.34,True
1380,Serie A (Italy),2024,2025-03-05 18:00:00,Ser-Team-11,Ser-Team-13,FINISHED,0.0,2.0,0.92,0.91,3.16,2.93,2.48,2.64,1.49,3.4,1.31,True
1381,Serie A (Italy),2024,2025-03-05 21:00:00,Ser-Team-09,Ser-Team-07,FINISHED,1.0,1.0,1.22,1.07,2.23,3.25,3.33,2.21,1.68,2.58,1.51,True
1382,Serie A (Italy),2024,2025-03-05 18:00:00,Ser-Team-02,Ser-Team-03,FINISHED,0.0,2.0,1.56,0.91,1.9,3.46,4.03,2.15,1.69,2.38,1.58,True
1383,Serie A (Italy),2024,2025-03-05 16:00:00,Ser-Team-05,Ser-Team-06,FINISHED,1.0,1.0,1.1,0.37,1.74,2.58,10.23,6.96,1.1,7.44,1.09,True
1384,Serie A (Italy),2024,2025-03-05 16:00:00,Ser-Team-12,Ser-Team-08,FINISHED,5.0,1.0,2.89,1.1,1.23,7.13,10.44,1.63,2.24,1.28,3.7,True
1385,Bundesliga (Germany),2024,2025-03-05 13:00:00,Bun-Team-05,Bun-Team-02,FINISHED,2.0,0.0,1.48,1.2,2.19,3.25,3.44,2.28,1.64,2.64,1.49,True
1386,Bundesliga (Germany),2024,2025-03-05 13:00:00,Bun-Team-06,Bun-Team-10,FINISHED,2.0,4.0,1.54,1.22,1.73,3.85,4.52,1.96,1.86,2.03,1.78,True
1387,Bundesliga (Germany),2024,2025-03-05 13:00:00,Bun-Team-07,Bun-Team-08,FINISHED,2.0,0.0,1.3,0.79,1.68,3.18,6.16,3.21,1.36,3.48,1.32,True
1388,Bundesliga (Germany),2024,2025-03-05 13:00:00,Bun-Team-09,Bun-Team-11,FINISHED,3.0,1.0,1.45,0.69,1.48,4.12,7.38,2.54,1.52,2.3,1.62,True
1389,Bundesliga (Germany),2024,2025-03-05 13:00:00,Bun-Team-15,Bun-Team-16,FINISHED,2.0,0.0,1.68,0.64,1.47,3.93,8.63,3.11,1.38,2.73,1.46,True
1390,Bundesliga (Germany),2024,2025-03-05 13:00:00,Bun-Team-03,Bun-Team-12,FINISHED,0.0,0.0,0.7,1.61,5.59,3.5,1.68,2.62,1.52,2.75,1.45,True
1391,Bundesliga (Germany),2024,2025-03-05 21:00:00,Bun-Team-14,Bun-Team-04,FINISHED,2.0,3.0,2.36,1.71,1.84,4.38,3.55,1.44,2.76,1.43,2.84,True
1392,Bundesliga (Germany),2024,2025-03-05 21:00:00,Bun-Team-01,Bun-Team-13,FINISHED,1.0,1.0,1.58,0.9,1.88,3.89,3.67,1.74,2.11,1.78,2.02,True
1393,Ligue 1 (France),2024,2025-03-05 21:00:00,Lig-Team-15,Lig-Team-12,FINISHED,6.0,3.0,1.41,0.84,1.78,3.8,4.32,1.94,1.89,2.02,1.82,True
1394,Ligue 1 (France),2024,2025-03-05 13:00:00,Lig-Team-07,Lig-Team-11,FINISHED,2.0,0.0,1.13,1.15,2.17,3.14,3.57,2.4,1.58,2.86,1.44,True
1395,Ligue 1 (France),2024,2025-03-05 13:00:00,Lig-Team-14,Lig-Team-06,FINISHED,3.0,3.0,1.58,1.49,1.99,4.2,3.11,1.47,2.67,1.49,2.69,True
1396,Ligue 1 (France),2024,2025-03-05 18:00:00,Lig-Team-10,Lig-Team-16,FINISHED,0.0,1.0,0.46,0.7,3.88,2.91,2.19,2.91,1.43,3.67,1.28,True
1397,Ligue 1 (France),2024,2025-03-05 13:00:00,Lig-Team-01,Lig-Team-04,FINISHED,1.0,1.0,0.61,0.81,2.82,2.85,2.85,2.78,1.46,3.65,1.28,True
1398,Ligue 1 (France),2024,2025-03-05 13:00:00,Lig-Team-03,Lig-Team-08,FINISHED,0.0,0.0,0.41,1.05,2.34,2.48,4.31,4.04,1.25,5.9,1.14,True
1399,Ligue 1 (France),2024,2025-03-05 21:00:00,Lig-Team-05,Lig-Team-09,FINISHED,0.0,0.0,0.88,1.24,3.68,3.09,2.14,2.49,1.55,3.01,1.38,True
1400,Ligue 1 (France),2024,2025-03-05 16:00:00,Lig-Team-02,Lig-Team-13,FINISHED,0.0,0.0,0.77,0.78,3.38,2.6,2.68,3.4,1.32,4.9,1.18,True
1401,Premier League (England),2024,2025-03-06 18:00:00,Pre-Team-10,Pre-Team-11,FINISHED,2.0,3.0,1.21,2.2,5.63,4.67,1.49,1.72,2.11,1.6,2.36,True
1402,Premier League (England),2024,2025-03-06 16:00:00,Pre-Team-08,Pre-Team-02,FINISHED,1.0,1.0,0.32,1.69,6.91,3.34,1.61,3.28,1.34,3.38,1.32,True
1403,Premier League (England),2024,2025-03-06 13:00:00,Pre-Team-12,Pre-Team-15,FINISHED,1.0,4.0,1.18,1.14,2.55,3.6,2.56,1.78,2.05,1.93,1.87,True
1404,Premier League (England),2024,2025-03-06 13:00:00,Pre-Team-01,Pre-Team-03,FINISHED,1.0,2.0,1.44,0.76,1.97,3.56,3.7,2.01,1.81,2.18,1.69,True
1405,Premier League (England),2024,2025-03-06 13:00:00,Pre-Team-14,Pre-Team-16,FINISHED,1.0,1.0,0.97,0.79,3.82,2.43,2.58,3.99,1.25,6.1,1.12,True
1406,Premier League (England),2024,2025-03-06 13:00:00,Pre-Team-06,Pre-Team-04,FINISHED,0.0,2.0,0.85,1.36,4.39,3.71,1.77,2.05,1.8,2.1,1.73,True
1407,Premier League (England),2024,2025-03-06 21:00:00,Pre-Team-09,Pre-Team-05,FINISHED,0.0,1.0,1.02,1.29,2.99,2.67,2.84,3.14,1.36,4.4,1.21,True
1408,Premier League (England),2024,2025-03-06 16:00:00,Pre-Team-13,Pre-Team-07,FINISHED,0.0,2.0,1.73,0.99,1.59,4.42,4.92,1.71,2.15,1.64,2.26,True
1409,La Liga (Spain),2024,2025-03-06 13:00:00,La -Team-11,La -Team-06,FINISHED,1.0,0.0,1.05,0.85,2.34,3.0,3.36,2.54,1.53,3.16,1.38,True
1410,La Liga (Spain),2024,2025-03-06 18:00:00,La -Team-10,La -Team-01,FINISHED,0.0,0.0,1.77,0.94,1.78,4.05,3.98,1.73,2.14,1.74,2.08,True
1411,La Liga (Spain),2024,2025-03-06 18:00:00,La -Team-14,La -Team-07,FINISHED,1.0,1.0,1.58,0.8,1.47,3.81,8.19,3.01,1.38,2.72,1.48,True
1412,La Liga (Spain),2024,2025-03-06 18:00:00,La -Team-16,La -Team-08,FINISHED,0.0,0.0,0.65,1.32,4.59,3.18,1.88,2.69,1.46,3.07,1.39,True
1413,La Liga (Spain),2024,2025-03-06 21:00:00,La -Team-04,La -Team-05,FINISHED,0.0,3.0,0.87,1.14,3.83,3.05,2.14,2.62,1.51,3.21,1.35,True
1414,La Liga (Spain),2024,2025-03-06 13:00:00,La -Team-15,La -Team-12,FINISHED,2.0,1.0,0.74,1.51,3.88,3.31,2.0,2.24,1.64,2.56,1.51,True
1415,La Liga (Spain),2024,2025-03-06 13:00:00,La -Team-02,La -Team-09,FINISHED,2.0,0.0,2.79,1.64,1.59,5.16,4.24,1.29,3.53,1.22,4.41,True
1416,La Liga (Spain),2024,2025-03-06 13:00:00,La -Team-13,La -Team-03,FINISHED,5.0,1.0,1.75,0.96,1.74,4.15,4.08,1.65,2.25,1.64,2.24,True
1417,Serie A (Italy),2024,2025-03-06 13:00:00,Ser-Team-04,Ser-Team-07,FINISHED,1.0,2.0,1.31,1.03,1.78,3.44,4.85,2.4,1.58,2.59,1.5,True
1418,Serie A (Italy),2024,2025-03-06 21:00:00,Ser-Team-02,Ser-Team-09,FINISHED,0.0,2.0,0.91,1.0,2.21,2.97,3.72,2.71,1.47,3.38,1.31,True
1419,Serie A (Italy),2024,2025-03-06 21:00:00,Ser-Team-16,Ser-Team-12,FINISHED,2.0,2.0,0.91,2.21,4.95,4.33,1.58,1.77,2.09,1.7,2.16,True
1420,Serie A (Italy),2024,2025-03-06 21:00:00,Ser-Team-05,Ser-Team-08,FINISHED,1.0,1.0,2.06,0.66,1.28,5.69,9.63,2.01,1.8,1.59,2.35,True
1421,Serie A (Italy),2024,2025-03-06 18:00:00,Ser-Team-10,Ser-Team-06,FINISHED,3.0,0.0,1.33,0.77,1.53,3.41,8.75,3.97,1.25,3.67,1.28,True
1422,Serie A (Italy),2024,2025-03-06 21:00:00,Ser-Team-15,Ser-Team-13,FINISHED,0.0,1.0,0.99,1.11,2.95,2.89,2.65,2.67,1.48,3.46,1.32,True
1423,Serie A (Italy),2024,2025-03-06 21:00:00,Ser-Team-11,Ser-Team-03,FINISHED,3.0,5.0,1.07,1.34,2.81,3.43,2.43,1.96,1.85,2.23,1.66,True
1424,Serie A (Italy),2024,2025-03-06 21:00:00,Ser-Team-14,Ser-Team-01,FINISHED,0.0,0.0,1.21,0.85,2.9,2.92,2.67,2.54,1.53,3.26,1.34,True
1425,Bundesliga (Germany),2024,2025-03-06 18:00:00,Bun-Team-10,Bun-Team-09,FINISHED,0.0,0.0,0.69,1.29,3.61,2.76,2.4,3.07,1.37,4.17,1.24,True
1426,Bundesliga (Germany),2024,2025-03-06 13:00:00,Bun-Team-11,Bun-Team-16,FINISHED,2.0,0.0,1.56,1.15,2.16,3.52,3.28,1.94,1.87,2.13,1.71,True
1427,Bundesliga (Germany),2024,2025-03-06 16:00:00,Bun-Team-08,Bun-Team-04,FINISHED,0.0,2.0,0.75,1.11,3.23,2.78,2.56,2.91,1.43,3.89,1.27,True
1428,Bundesliga (Germany),2024,2025-03-06 21:00:00,Bun-Team-05,Bun-Team-07,FINISHED,2.0,1.0,1.25,1.02,2.34,3.19,3.14,2.24,1.67,2.64,1.5,True
1429,Bundesliga (Germany),2024,2025-03-06 21:00:00,Bun-Team-15,Bun-Team-14,FINISHED,2.0,1.0,1.97,1.05,1.42,4.79,6.53,1.88,1.96,1.66,2.25,True
1430,Bundesliga (Germany),2024,2025-03-06 13:00:00,Bun-Team-01,Bun-Team-13,FINISHED,1.0,0.0,1.26,1.23,1.88,3.9,3.69,1.74,2.11,1.79,2.0,True
1431,Bundesliga (Germany),2024,2025-03-06 21:00:00,Bun-Team-12,Bun-Team-03,FINISHED,3.0,0.0,1.64,0.62,1.43,4.2,8.44,2.78,1.45,2.42,1.57,True
1432,Bundesliga (Germany),2024,2025-03-06 21:00:00,Bun-Team-02,Bun-Team-06,FINISHED,0.0,2.0,1.36,1.73,3.35,3.74,2.02,1.77,2.09,1.86,1.95,True
1433,Ligue 1 (France),2024,2025-03-06 21:00:00,Lig-Team-03,Lig-Team-10,FINISHED,1.0,1.0,1.28,0.81,1.76,3.27,5.39,2.83,1.45,3.15,1.37,True
1434,Ligue 1 (France),2024,2025-03-06 18:00:00,Lig-Team-15,Lig-Team-13,FINISHED,3.0,1.0,1.68,0.79,1.59,3.92,5.75,2.25,1.66,2.2,1.69,True
1435,Ligue 1 (France),2024,2025-03-06 21:00:00,Lig-Team-08,Lig-Team-07,FINISHED,2.0,1.0,0.71,0.64,4.88,2.74,2.05,3.57,1.28,4.66,1.2,True
1436,Ligue 1 (France),2024,2025-03-06 16:00:00,Lig-Team-14,Lig-Team-12,FINISHED,0.0,2.0,1.37,1.3,2.79,3.48,2.43,1.87,1.92,2.13,1.73,True
1437,Ligue 1 (France),2024,2025-03-06 13:00:00,Lig-Team-04,Lig-Team-09,FINISHED,0.0,1.0,0.92,0.44,2.95,2.6,2.97,3.29,1.34,4.71,1.19,True
1438,Ligue 1 (France),2024,2025-03-06 13:00:00,Lig-Team-01,Lig-Team-06,FINISHED,1.0,1.0,1.7,1.12,2.02,4.07,3.17,1.53,2.5,1.56,2.45,True
1439,Ligue 1 (France),2024,2025-03-06 16:00:00,Lig-Team-11,Lig-Team-05,FINISHED,2.0,0.0,1.9,0.65,1.74,3.54,4.95,2.33,1.61,2.49,1.55,True
1440,Ligue 1 (France),2024,2025-03-06 21:00:00,Lig-Team-16,Lig-Team-02,FINISHED,0.0,0.0,1.15,0.72,2.37,2.44,4.35,4.11,1.24,6.13,1.13,True
1441,Premier League (England),2024,2025-03-12 13:00:00,Pre-Team-15,Pre-Team-07,FINISHED,3.0,4.0,2.02,0.88,1.67,4.32,4.32,1.63,2.28,1.58,2.38,True
1442,Premier League (England),2024,2025-03-12 21:00:00,Pre-Team-09,Pre-Team-10,FINISHED,1.0,1.0,1.04,0.52,1.77,3.4,4.89,2.47,1.55,2.7,1.47,True
1443,Premier League (England),2024,2025-03-12 21:00:00,Pre-Team-13,Pre-Team-12,FINISHED,3.0,3.0,2.03,0.89,1.82,3.8,4.07,1.91,1.92,1.99,1.84,True
1444,Premier League (England),2024,2025-03-12 21:00:00,Pre-Team-01,Pre-Team-05,FINISHED,4.0,1.0,1.26,1.11,2.23,3.22,3.36,2.31,1.63,2.73,1.46,True
1445,Premier League (England),2024,2025-03-12 13:00:00,Pre-Team-11,Pre-Team-04,FINISHED,0.0,2.0,1.35,1.26,2.65,3.77,2.38,1.66,2.27,1.75,2.09,True
1446,Premier League (England),2024,2025-03-12 21:00:00,Pre-Team-06,Pre-Team-08,FINISHED,3.0,0.0,1.26,0.52,1.88,3.13,4.84,2.84,1.44,3.26,1.34,True
1447,Premier League (England),2024,2025-03-12 21:00:00,Pre-Team-02,Pre-Team-03,FINISHED,3.0,2.0,1.32,0.76,1.68,3.56,5.51,2.5,1.54,2.59,1.51,True
1448,Premier League (England),2024,2025-03-12 18:00:00,Pre-Team-14,Pre-Team-16,FINISHED,0.0,1.0,0.72,0.75,3.79,2.44,2.61,3.99,1.25,6.05,1.13,True
1449,La Liga (Spain),2024,2025-03-12 16:00:00,La -Team-16,La -Team-13,FINISHED,2.0,1.0,0.81,1.02,3.12,3.15,2.39,2.31,1.61,2.78,1.45,True
1450,La Liga (Spain),2024,2025-03-12 21:00:00,La -Team-03,La -Team-06,FINISHED,3.0,0.0,1.44,2.18,3.44,4.24,1.89,1.5,2.61,1.5,2.61,True
1451,La Liga (Spain),2024,2025-03-12 18:00:00,La -Team-15,La -Team-09,FINISHED,0.0,2.0,1.86,0.97,1.71,4.2,4.19,1.65,2.23,1.66,2.28,True
1452,La Liga (Spain),2024,2025-03-12 18:00:00,La -Team-05,La -Team-14,FINISHED,2.0,1.0,1.02,1.08,2.47,3.25,2.88,2.16,1.71,2.58,1.51,True
1453,La Liga (Spain),2024,2025-03-12 13:00:00,La -Team-10,La -Team-07,FINISHED,0.0,1.0,1.61,0.81,1.62,3.74,5.74,2.39,1.57,2.39,1.56,True
1454,La Liga (Spain),2024,2025-03-12 16:00:00,La -Team-02,La -Team-01,FINISHED,4.0,0.0,2.32,1.32,1.87,4.34,3.39,1.45,2.74,1.44,2.81,True
1455,La Liga (Spain),2024,2025-03-12 21:00:00,La -Team-11,La -Team-12,FINISHED,1.0,1.0,1.08,1.03,3.53,3.0,2.24,2.6,1.5,3.21,1.36,True
1456,La Liga (Spain),2024,2025-03-12 18:00:00,La -Team-08,La -Team-04,FINISHED,3.0,0.0,0.87,0.48,2.03,2.72,4.97,3.62,1.28,4.76,1.2,True
1457,Serie A (Italy),2024,2025-03-12 13:00:00,Ser-Team-07,Ser-Team-09,FINISHED,0.0,3.0,1.08,0.89,2.49,3.2,2.89,2.2,1.67,2.63,1.49,True
1458,Serie A (Italy),2024,2025-03-12 13:00:00,Ser-Team-14,Ser-Team-05,FINISHED,2.0,1.0,1.23,0.68,2.69,2.75,3.1,2.93,1.4,3.97,1.27,True
1459,Serie A (Italy),2024,2025-03-12 16:00:00,Ser-Team-13,Ser-Team-03,FINISHED,2.0,0.0,1.36,1.15,2.21,3.3,3.27,2.15,1.7,2.5,1.52,True
1460,Serie A (Italy),2024,2025-03-12 21:00:00,Ser-Team-01,Ser-Team-04,FINISHED,2.0,1.0,1.08,0.67,2.36,2.96,3.36,2.66,1.48,3.35,1.33,True
1461,Serie A (Italy),2024,2025-03-12 16:00:00,Ser-Team-10,Ser-Team-02,FINISHED,1.0,0.0,1.07,1.27,2.29,3.47,2.96,1.93,1.89,2.17,1.71,True
1462,Serie A (Italy),2024,2025-03-12 21:00:00,Ser-Team-08,Ser-Team-15,FINISHED,0.0,3.0,1.25,1.51,2.99,3.89,2.11,1.6,2.35,1.65,2.22,True
1463,Serie A (Italy),2024,2025-03-12 13:00:00,Ser-Team-06,Ser-Team-11,FINISHED,0.0,0.0,0.43,0.55,4.26,2.19,2.73,5.16,1.18,8.96,1.07,True
1464,Serie A (Italy),2024,2025-03-12 18:00:00,Ser-Team-12,Ser-Team-16,FINISHED,1.0,1.0,2.6,0.77,1.33,5.47,8.02,1.87,1.93,1.54,2.45,True
1465,Bundesliga (Germany),2024,2025-03-12 16:00:00,Bun-Team-09,Bun-Team-03,FINISHED,2.0,1.0,1.16,0.51,1.53,3.38,8.77,3.89,1.26,3.67,1.29,True
1466,Bundesliga (Germany),2024,2025-03-12 21:00:00,Bun-Team-11,Bun-Team-05,FINISHED,0.0,0.0,1.01,1.41,3.17,3.48,2.21,1.94,1.86,2.16,1.71,True
1467,Bundesliga (Germany),2024,2025-03-12 13:00:00,Bun-Team-01,Bun-Team-10,FINISHED,0.0,0.0,1.15,0.69,2.19,3.17,3.47,2.31,1.62,2.74,1.46,True
1468,Bundesliga (Germany),2024,2025-03-12 13:00:00,Bun-Team-13,Bun-Team-14,FINISHED,4.0,4.0,2.26,1.74,1.93,4.65,3.06,1.3,3.62,1.26,3.9,True
1469,Bundesliga (Germany),2024,2025-03-12 21:00:00,Bun-Team-06,Bun-Team-12,FINISHED,0.0,2.0,1.88,1.4,2.2,3.7,3.0,1.74,2.11,1.86,1.94,True
1470,Bundesliga (Germany),2024,2025-03-12 21:00:00,Bun-Team-08,Bun-Team-15,FINISHED,0.0,0.0,0.04,0.87,7.36,2.95,1.71,4.18,1.24,4.6,1.19,True
1471,Bundesliga (Germany),2024,2025-03-12 16:00:00,Bun-Team-16,Bun-Team-02,FINISHED,2.0,4.0,0.75,1.02,3.16,3.2,2.32,2.24,1.65,2.66,1.48,True
1472,Bundesliga (Germany),2024,2025-03-12 16:00:00,Bun-Team-04,Bun-Team-07,FINISHED,1.0,1.0,0.96,1.43,3.03,3.49,2.27,1.94,1.88,2.15,1.71,True
1473,Ligue 1 (France),2024,2025-03-12 18:00:00,Lig-Team-01,Lig-Team-08,FINISHED,1.0,1.0,0.99,0.78,1.97,3.06,4.39,2.78,1.44,3.35,1.33,True
1474,Ligue 1 (France),2024,2025-03-12 21:00:00,Lig-Team-13,Lig-Team-03,FINISHED,0.0,0.0,0.9,0.96,2.48,2.68,3.58,3.23,1.36,4.41,1.2,True
1475,Ligue 1 (France),2024,2025-03-12 16:00:00,Lig-Team-15,Lig-Team-16,FINISHED,1.0,1.0,1.6,0.63,1.61,3.64,6.12,2.62,1.49,2.63,1.48,True
1476,Ligue 1 (France),2024,2025-03-12 16:00:00,Lig-Team-04,Lig-Team-14,FINISHED,1.0,0.0,1.1,0.74,2.15,3.01,3.77,2.62,1.5,3.22,1.36,True
1477,Ligue 1 (France),2024,2025-03-12 21:00:00,Lig-Team-09,Lig-Team-06,FINISHED,3.0,1.0,1.94,0.91,1.66,4.19,4.64,1.79,2.04,1.74,2.11,True
1478,Ligue 1 (France),2024,2025-03-12 18:00:00,Lig-Team-12,Lig-Team-10,FINISHED,0.0,1.0,1.79,0.52,1.39,4.52,8.17,2.39,1.58,2.04,1.78,True
1479,Ligue 1 (France),2024,2025-03-12 18:00:00,Lig-Team-11,Lig-Team-07,FINISHED,0.0,1.0,0.96,0.88,2.65,3.06,2.78,2.38,1.59,2.91,1.4,True
1480,Ligue 1 (France),2024,2025-03-12 16:00:00,Lig-Team-02,Lig-Team-05,FINISHED,0.0,1.0,1.06,0.63,2.91,2.64,2.92,3.17,1.36,4.46,1.22,True
1481,Premier League (England),2024,2025-03-13 21:00:00,Pre-Team-15,Pre-Team-14,FINISHED,3.0,0.0,1.12,0.74,2.5,2.76,3.31,2.91,1.41,3.91,1.27,True
1482,Premier League (England),2024,2025-03-13 18:00:00,Pre-Team-02,Pre-Team-01,FINISHED,1.0,0.0,1.95,0.68,1.82,3.47,4.45,2.23,1.67,2.42,1.56,True
1483,Premier League (England),2024,2025-03-13 21:00:00,Pre-Team-08,Pre-Team-16,FINISHED,0.0,0.0,0.13,1.22,5.55,2.67,1.98,4.06,1.25,5.26,1.15,True
1484,Premier League (England),2024,2025-03-13 13:00:00,Pre-Team-13,Pre-Team-09,FINISHED,0.0,0.0,0.9,0.94,2.38,2.79,3.57,2.98,1.38,3.99,1.26,True
1485,Premier League (England),2024,2025-03-13 13:00:00,Pre-Team-03,Pre-Team-06,FINISHED,2.0,1.0,0.98,0.99,2.14,3.3,3.45,2.18,1.7,2.49,1.55,True
1486,Premier League (England),2024,2025-03-13 13:00:00,Pre-Team-11,Pre-Team-05,FINISHED,0.0,2.0,1.82,1.0,1.91,3.55,3.86,2.04,1.78,2.24,1.65,True
1487,Premier League (England),2024,2025-03-13 21:00:00,Pre-Team-12,Pre-Team-10,FINISHED,1.0,2.0,1.88,1.49,1.77,4.2,3.9,1.62,2.35,1.61,2.35,True
1488,Premier League (England),2024,2025-03-13 16:00:00,Pre-Team-04,Pre-Team-07,FINISHED,1.0,1.0,3.07,1.15,1.15,8.53,13.76,1.71,2.21,1.23,4.21,True
1489,La Liga (Spain),2024,2025-03-13 18:00:00,La -Team-13,La -Team-06,FINISHED,0.0,1.0,1.12,1.06,2.73,3.14,2.66,2.28,1.62,2.79,1.45,True
1490,La Liga (Spain),2024,2025-03-13 21:00:00,La -Team-09,La -Team-16,FINISHED,1.0,0.0,1.84,1.09,1.86,4.17,3.54,1.55,2.46,1.55,2.43,True
1491,La Liga (Spain),2024,2025-03-13 13:00:00,La -Team-08,La -Team-14,FINISHED,0.0,1.0,1.14,0.78,2.83,2.8,2.83,2.88,1.43,3.91,1.26,True
1492,La Liga (Spain),2024,2025-03-13 16:00:00,La -Team-07,La -Team-15,FINISHED,3.0,1.0,0.46,1.27,3.54,2.95,2.27,2.68,1.49,3.32,1.35,True
1493,La Liga (Spain),2024,2025-03-13 21:00:00,La -Team-10,La -Team-12,FINISHED,0.0,1.0,1.04,1.49,3.33,3.51,2.12,1.93,1.86,2.17,1.69,True
1494,La Liga (Spain),2024,2025-03-13 16:00:00,La -Team-03,La -Team-05,FINISHED,0.0,3.0,1.09,2.26,5.03,4.94,1.52,1.48,2.6,1.39,3.01,True
1495,La Liga (Spain),2024,2025-03-13 18:00:00,La -Team-04,La -Team-01,FINISHED,1.0,0.0,1.05,0.74,2.46,3.09,3.06,2.33,1.61,2.86,1.42,True
1496,La Liga (Spain),2024,2025-03-13 13:00:00,La -Team-11,La -Team-02,FINISHED,5.0,2.0,1.36,1.12,2.07,3.58,3.44,1.93,1.89,2.11,1.73,True
1497,Serie A (Italy),2024,2025-03-13 16:00:00,Ser-Team-14,Ser-Team-05,FINISHED,2.0,0.0,0.67,0.73,2.68,2.76,3.1,2.96,1.41,4.02,1.24,True
1498,Serie A (Italy),2024,2025-03-13 16:00:00,Ser-Team-08,Ser-Team-04,FINISHED,1.0,1.0,1.33,1.83,6.63,4.96,1.41,1.84,1.98,1.63,2.3,True
1499,Serie A (Italy),2024,2025-03-13 18:00:00,Ser-Team-02,Ser-Team-03,FINISHED,1.0,2.0,1.53,0.77,1.92,3.47,4.07,2.17,1.71,2.41,1.59,True
1500,Serie A (Italy),2024,2025-03-13 21:00:00,Ser-Team-12,Ser-Team-10,FINISHED,3.0,1.0,1.59,1.0,1.98,3.98,3.28,1.62,2.28,1.68,2.21,True
1501,Serie A (Italy),2024,2025-03-13 16:00:00,Ser-Team-01,Ser-Team-09,FINISHED,1.0,1.0,1.39,0.81,1.83,3.29,4.72,2.58,1.52,2.85,1.42,True
1502,Serie A (Italy),2024,2025-03-13 13:00:00,Ser-Team-06,Ser-Team-11,FINISHED,1.0,1.0,0.66,0.77,4.2,2.19,2.74,5.22,1.17,8.99,1.06,True
1503,Serie A (Italy),2024,2025-03-13 16:00:00,Ser-Team-16,Ser-Team-15,FINISHED,2.0,2.0,0.95,1.47,2.83,3.5,2.39,1.89,1.91,2.13,1.74,True
1504,Serie A (Italy),2024,2025-03-13 16:00:00,Ser-Team-07,Ser-Team-13,FINISHED,0.0,1.0,1.03,1.22,2.43,3.1,3.07,2.36,1.6,2.87,1.42,True
1505,Bundesliga (Germany),2024,2025-03-13 13:00:00,Bun-Team-16,Bun-Team-13,FINISHED,2.0,3.0,1.08,1.77,3.01,3.55,2.24,1.83,1.98,2.03,1.79,True
1506,Bundesliga (Germany),2024,2025-03-13 16:00:00,Bun-Team-02,Bun-Team-06,FINISHED,0.0,0.0,1.17,1.34,3.38,3.73,2.03,1.75,2.05,1.87,1.95,True
1507,Bundesliga (Germany),2024,2025-03-13 18:00:00,Bun-Team-14,Bun-Team-08,FINISHED,4.0,0.0,1.81,0.79,1.66,3.85,5.16,2.16,1.72,2.17,1.69,True
1508,Bundesliga (Germany),2024,2025-03-13 13:00:00,Bun-Team-10,Bun-Team-11,FINISHED,2.0,0.0,1.29,0.79,1.76,3.8,4.39,1.98,1.84,2.04,1.8,True
1509,Bundesliga (Germany),2024,2025-03-13 18:00:00,Bun-Team-03,Bun-Team-12,FINISHED,0.0,3.0,0.6,1.67,5.54,3.49,1.68,2.6,1.5,2.74,1.47,True
1510,Bundesliga (Germany),2024,2025-03-13 21:00:00,Bun-Team-09,Bun-Team-05,FINISHED,1.0,1.0,0.89,0.73,1.93,2.93,4.78,3.2,1.36,3.92,1.25,True
1511,Bundesliga (Germany),2024,2025-03-13 18:00:00,Bun-Team-15,Bun-Team-01,FINISHED,2.0,1.0,1.4,0.43,1.86,3.23,4.71,2.62,1.49,2.99,1.41,True
1512,Bundesliga (Germany),2024,2025-03-13 13:00:00,Bun-Team-07,Bun-Team-04,FINISHED,2.0,0.0,1.88,1.14,1.79,3.79,4.3,1.97,1.84,2.07,1.78,True
1513,Ligue 1 (France),2024,2025-03-13 16:00:00,Lig-Team-10,Lig-Team-06,FINISHED,1.0,4.0,1.27,1.91,3.72,4.08,1.82,1.64,2.28,1.66,2.25,True
1514,Ligue 1 (France),2024,2025-03-13 18:00:00,Lig-Team-16,Lig-Team-01,FINISHED,0.0,0.0,0.91,0.66,2.62,2.94,3.01,2.63,1.49,3.37,1.34,True
1515,Ligue 1 (France),2024,2025-03-13 18:00:00,Lig-Team-14,Lig-Team-08,FINISHED,0.0,1.0,1.14,0.16,1.96,3.17,4.3,2.59,1.52,3.04,1.39,True
1516,Ligue 1 (France),2024,2025-03-13 18:00:00,Lig-Team-05,Lig-Team-07,FINISHED,0.0,0.0,0.74,1.13,4.05,3.04,2.08,2.7,1.47,3.28,1.34,True
1517,Ligue 1 (France),2024,2025-03-13 18:00:00,Lig-Team-13,Lig-Team-12,FINISHED,2.0,0.0,0.74,1.04,2.97,2.98,2.58,2.51,1.53,3.15,1.36,True
1518,Ligue 1 (France),2024,2025-03-13 16:00:00,Lig-Team-02,Lig-Team-15,FINISHED,0.0,0.0,0.49,1.66,5.57,3.49,1.69,2.59,1.51,2.72,1.47,True
1519,Ligue 1 (France),2024,2025-03-13 21:00:00,Lig-Team-03,Lig-Team-04,FINISHED,1.0,0.0,0.48,0.99,3.31,2.4,2.95,4.05,1.24,6.42,1.12,True
1520,Ligue 1 (France),2024,2025-03-13 13:00:00,Lig-Team-09,Lig-Team-11,FINISHED,0.0,1.0,1.05,0.82,2.26,3.2,3.23,2.22,1.65,2.65,1.5,True
1521,Premier League (England),2024,2025-03-19 18:00:00,Pre-Team-05,Pre-Team-07,FINISHED,3.0,2.0,2.01,0.99,1.5,4.58,5.72,1.81,2.01,1.67,2.2,True
1522,Premier League (England),2024,2025-03-19 13:00:00,Pre-Team-02,Pre-Team-13,FINISHED,0.0,0.0,1.06,0.57,1.73,3.31,5.45,2.75,1.45,2.98,1.4,True
1523,Premier League (England),2024,2025-03-19 18:00:00,Pre-Team-09,Pre-Team-03,FINISHED,0.0,0.0,0.99,0.83,2.65,2.89,2.98,2.68,1.49,3.43,1.32,True
1524,Premier League (England),2024,2025-03-19 21:00:00,Pre-Team-14,Pre-Team-01,FINISHED,3.0,1.0,0.76,0.56,3.09,2.98,2.48,2.52,1.53,3.14,1.34,True
1525,Premier League (England),2024,2025-03-19 21:00:00,Pre-Team-12,Pre-Team-10,FINISHED,5.0,1.0,2.0,1.03,1.77,4.2,3.9,1.61,2.33,1.59,2.34,True
1526,Premier League (England),2024,2025-03-19 13:00:00,Pre-Team-15,Pre-Team-16,FINISHED,1.0,1.0,0.71,0.76,3.58,2.72,2.43,3.13,1.37,4.32,1.23,True
1527,Premier League (England),2024,2025-03-19 18:00:00,Pre-Team-08,Pre-Team-06,FINISHED,2.0,0.0,0.76,1.27,3.52,2.89,2.33,2.75,1.45,3.54,1.31,True
1528,Premier League (England),2024,2025-03-19 16:00:00,Pre-Team-11,Pre-Team-04,FINISHED,1.0,0.0,1.25,1.9,2.66,3.8,2.37,1.65,2.27,1.75,2.09,True
1529,La Liga (Spain),2024,2025-03-19 21:00:00,La -Team-05,La -Team-12,FINISHED,1.0,0.0,1.17,1.37,2.71,3.42,2.51,1.98,1.82,2.28,1.64,True
1530,La Liga (Spain),2024,2025-03-19 13:00:00,La -Team-10,La -Team-04,FINISHED,3.0,1.0,1.24,0.77,1.97,3.2,4.24,2.54,1.52,3.01,1.39,True
1531,La Liga (Spain),2024,2025-03-19 16:00:00,La -Team-07,La -Team-06,FINISHED,0.0,0.0,0.79,1.04,3.71,3.13,2.13,2.46,1.54,2.95,1.42,True
1532,La Liga (Spain),2024,2025-03-19 13:00:00,La -Team-08,La -Team-13,FINISHED,0.0,1.0,1.42,0.55,1.96,3.0,4.73,3.02,1.4,3.66,1.29,True
1533,La Liga (Spain),2024,2025-03-19 21:00:00,La -Team-01,La -Team-16,FINISHED,0.0,1.0,1.76,0.69,1.73,3.96,4.37,1.83,1.94,1.88,1.92,True
1534,La Liga (Spain),2024,2025-03-19 18:00:00,La -Team-15,La -Team-03,FINISHED,0.0,2.0,1.91,1.17,1.58,4.54,4.77,1.65,2.3,1.56,2.49,True
1535,La Liga (Spain),2024,2025-03-19 13:00:00,La -Team-14,La -Team-02,FINISHED,0.0,1.0,1.78,0.81,1.62,4.23,4.89,1.82,2.0,1.76,2.07,True
1536,La Liga (Spain),2024,2025-03-19 13:00:00,La -Team-09,La -Team-11,FINISHED,0.0,3.0,1.06,1.79,3.29,3.66,2.1,1.81,1.99,1.97,1.84,True
1537,Serie A (Italy),2024,2025-03-19 13:00:00,Ser-Team-15,Ser-Team-14,FINISHED,1.0,1.0,1.28,1.21,3.62,3.0,2.2,2.57,1.52,3.17,1.35,True
1538,Serie A (Italy),2024,2025-03-19 21:00:00,Ser-Team-10,Ser-Team-08,FINISHED,3.0,0.0,3.39,1.51,1.21,7.56,9.5,1.44,2.83,1.16,5.22,True
1539,Serie A (Italy),2024,2025-03-19 13:00:00,Ser-Team-06,Ser-Team-07,FINISHED,0.0,0.0,0.69,1.05,5.17,2.42,2.2,4.59,1.19,6.71,1.11,True
1540,Serie A (Italy),2024,2025-03-19 13:00:00,Ser-Team-11,Ser-Team-12,FINISHED,0.0,1.0,0.72,1.61,3.96,3.47,1.93,2.14,1.72,2.39,1.59,True
1541,Serie A (Italy),2024,2025-03-19 13:00:00,Ser-Team-04,Ser-Team-02,FINISHED,2.0,0.0,0.99,0.53,2.17,2.88,3.85,2.88,1.43,3.69,1.28,True
1542,Serie A (Italy),2024,2025-03-19 13:00:00,Ser-Team-09,Ser-Team-05,FINISHED,1.0,0.0,0.52,0.79,3.08,2.83,2.63,2.86,1.43,3.83,1.27,True
1543,Serie A (Italy),2024,2025-03-19 13:00:00,Ser-Team-13,Ser-Team-16,FINISHED,0.0,0.0,1.56,1.04,1.65,3.86,5.22,2.13,1.7,2.17,1.71,True
1544,Serie A (Italy),2024,2025-03-19 18:00:00,Ser-Team-01,Ser-Team-03,FINISHED,0.0,1.0,1.56,0.85,1.62,3.98,5.36,2.08,1.77,2.03,1.79,True
1545,Bundesliga (Germany),2024,2025-03-19 16:00:00,Bun-Team-14,Bun-Team-03,FINISHED,3.0,1.0,1.84,0.84,1.67,4.09,4.58,1.8,2.04,1.79,2.04,True
1546,Bundesliga (Germany),2024,2025-03-19 21:00:00,Bun-Team-09,Bun-Team-06,FINISHED,2.0,1.0,1.18,0.97,2.28,3.16,3.3,2.32,1.62,2.78,1.45,True
1547,Bundesliga (Germany),2024,2025-03-19 18:00:00,Bun-Team-01,Bun-Team-07,FINISHED,1.0,4.0,1.3,1.12,2.15,3.37,3.3,2.07,1.78,2.35,1.62,True
1548,Bundesliga (Germany),2024,2025-03-19 16:00:00,Bun-Team-16,Bun-Team-08,FINISHED,3.0,3.0,1.01,0.48,2.31,2.62,4.06,3.47,1.31,4.84,1.19,True
1549,Bundesliga (Germany),2024,2025-03-19 18:00:00,Bun-Team-12,Bun-Team-02,FINISHED,2.0,1.0,1.26,1.08,1.68,3.82,4.9,2.07,1.75,2.1,1.74,True
1550,Bundesliga (Germany),2024,2025-03-19 18:00:00,Bun-Team-10,Bun-Team-15,FINISHED,1.0,1.0,1.15,0.86,3.78,2.92,2.2,2.79,1.46,3.53,1.32,True
1551,Bundesliga (Germany),2024,2025-03-19 13:00:00,Bun-Team-11,Bun-Team-13,FINISHED,3.0,0.0,1.53,1.94,2.69,4.06,2.26,1.49,2.64,1.53,2.55,True
1552,Bundesliga (Germany),2024,2025-03-19 16:00:00,Bun-Team-05,Bun-Team-04,FINISHED,2.0,1.0,2.1,0.54,1.83,3.51,4.32,2.21,1.66,2.4,1.59,True
1553,Ligue 1 (France),2024,2025-03-19 16:00:00,Lig-Team-05,Lig-Team-14,FINISHED,3.0,1.0,1.24,1.15,2.61,3.35,2.63,2.02,1.8,2.28,1.64,True
1554,Ligue 1 (France),2024,2025-03-19 16:00:00,Lig-Team-16,Lig-Team-06,FINISHED,1.0,1.0,1.16,0.92,2.34,3.3,3.04,2.1,1.74,2.44,1.56,True
1555,Ligue 1 (France),2024,2025-03-19 16:00:00,Lig-Team-11,Lig-Team-08,FINISHED,1.0,0.0,1.35,0.41,1.71,3.26,5.88,3.08,1.38,3.35,1.34,True
1556,Ligue 1 (France),2024,2025-03-19 18:00:00,Lig-Team-03,Lig-Team-02,FINISHED,0.0,1.0,0.85,0.67,2.32,2.54,4.32,3.89,1.27,5.6,1.15,True
1557,Ligue 1 (France),2024,2025-03-19 16:00:00,Lig-Team-12,Lig-Team-09,FINISHED,1.0,1.0,1.21,0.81,2.54,3.15,2.92,2.32,1.62,2.87,1.43,True
1558,Ligue 1 (France),2024,2025-03-19 13:00:00,Lig-Team-07,Lig-Team-13,FINISHED,2.0,0.0,0.88,0.76,1.88,3.08,4.93,2.93,1.41,3.46,1.31,True
1559,Ligue 1 (France),2024,2025-03-19 16:00:00,Lig-Team-10,Lig-Team-15,FINISHED,0.0,1.0,1.11,2.37,8.34,5.14,1.34,2.05,1.78,1.69,2.18,True
1560,Ligue 1 (France),2024,2025-03-19 13:00:00,Lig-Team-01,Lig-Team-04,FINISHED,2.0,0.0,0.84,0.89,2.8,2.86,2.83,2.77,1.45,3.63,1.29,True
1561,Premier League (England),2024,2025-03-20 16:00:00,Pre-Team-01,Pre-Team-03,FINISHED,1.0,1.0,1.8,0.99,1.97,3.52,3.69,2.01,1.82,2.2,1.65,True
1562,Premier League (England),2024,2025-03-20 16:00:00,Pre-Team-07,Pre-Team-04,FINISHED,0.0,1.0,1.09,2.77,7.39,5.94,1.31,1.56,2.44,1.32,3.39,True
1563,Premier League (England),2024,2025-03-20 13:00:00,Pre-Team-14,Pre-Team-06,FINISHED,0.0,0.0,0.79,1.13,2.48,2.87,3.25,2.76,1.45,3.62,1.3,True
1564,Premier League (England),2024,2025-03-20 18:00:00,Pre-Team-08,Pre-Team-10,FINISHED,1.0,1.0,1.49,1.03,2.46,3.03,3.12,2.45,1.55,3.03,1.39,True
1565,Premier League (England),2024,2025-03-20 13:00:00,Pre-Team-12,Pre-Team-13,FINISHED,2.0,1.0,1.53,1.21,2.84,3.54,2.35,1.86,1.96,2.06,1.78,True
1566,Premier League (England),2024,2025-03-20 16:00:00,Pre-Team-16,Pre-Team-05,FINISHED,4.0,3.0,1.08,0.55,2.31,2.61,4.01,3.56,1.31,5.02,1.17,True
1567,Premier League (England),2024,2025-03-20 18:00:00,Pre-Team-02,Pre-Team-09,FINISHED,2.0,0.0,0.93,0.45,1.72,3.24,6.07,3.16,1.36,3.44,1.32,True
1568,Premier League (England),2024,2025-03-20 21:00:00,Pre-Team-11,Pre-Team-15,FINISHED,4.0,2.0,1.86,0.85,1.63,4.07,4.98,1.93,1.88,1.9,1.9,True
1569,La Liga (Spain),2024,2025-03-20 21:00:00,La -Team-08,La -Team-07,FINISHED,2.0,0.0,1.43,0.33,1.66,3.24,6.6,3.36,1.34,3.55,1.28,True
1570,La Liga (Spain),2024,2025-03-20 18:00:00,La -Team-12,La -Team-13,FINISHED,1.0,1.0,1.57,0.59,1.53,3.91,6.6,2.5,1.54,2.39,1.59,True
1571,La Liga (Spain),2024,2025-03-20 18:00:00,La -Team-01,La -Team-02,FINISHED,2.0,1.0,1.52,1.98,2.34,4.13,2.55,1.43,2.81,1.47,2.74,True
1572,La Liga (Spain),2024,2025-03-20 16:00:00,La -Team-04,La -Team-09,FINISHED,0.0,0.0,1.26,1.09,2.02,3.54,3.45,1.94,1.87,2.14,1.73,True
1573,La Liga (Spain),2024,2025-03-20 18:00:00,La -Team-16,La -Team-03,FINISHED,0.0,0.0,1.77,1.51,2.21,4.01,2.76,1.5,2.62,1.52,2.51,True
1574,La Liga (Spain),2024,2025-03-20 21:00:00,La -Team-14,La -Team-05,FINISHED,1.0,1.0,1.37,1.03,2.2,3.26,3.33,2.18,1.71,2.52,1.53,True
1575,La Liga (Spain),2024,2025-03-20 21:00:00,La -Team-11,La -Team-10,FINISHED,0.0,0.0,1.07,1.24,2.41,3.11,3.08,2.34,1.61,2.86,1.45,True
1576,La Liga (Spain),2024,2025-03-20 21:00:00,La -Team-06,La -Team-15,FINISHED,0.0,1.0,1.01,0.78,2.22,3.26,3.27,2.21,1.67,2.58,1.52,True
1577,Serie A (Italy),2024,2025-03-20 13:00:00,Ser-Team-10,Ser-Team-01,FINISHED,0.0,1.0,1.65,1.58,2.84,3.61,2.38,1.79,2.04,1.96,1.85,True
1578,Serie A (Italy),2024,2025-03-20 13:00:00,Ser-Team-04,Ser-Team-06,FINISHED,1.0,2.0,1.09,0.36,1.64,2.76,11.2,6.51,1.11,6.31,1.13,True
1579,Serie A (Italy),2024,2025-03-20 13:00:00,Ser-Team-15,Ser-Team-16,FINISHED,0.0,0.0,1.58,1.1,1.87,3.74,3.92,1.93,1.87,2.04,1.78,True
1580,Serie A (Italy),2024,2025-03-20 21:00:00,Ser-Team-07,Ser-Team-14,FINISHED,1.0,1.0,1.36,1.01,2.97,3.15,2.5,2.26,1.63,2.75,1.46,True
1581,Serie A (Italy),2024,2025-03-20 16:00:00,Ser-Team-11,Ser-Team-03,FINISHED,3.0,0.0,1.1,1.21,2.81,3.42,2.42,1.98,1.83,2.22,1.68,True
1582,Serie A (Italy),2024,2025-03-20 13:00:00,Ser-Team-02,Ser-Team-09,FINISHED,1.0,0.0,0.76,0.78,2.2,2.94,3.74,2.71,1.48,3.42,1.33,True
1583,Serie A (Italy),2024,2025-03-20 18:00:00,Ser-Team-08,Ser-Team-05,FINISHED,0.0,3.0,1.11,2.11,5.82,4.5,1.5,1.88,1.91,1.75,2.08,True
1584,Serie A (Italy),2024,2025-03-20 21:00:00,Ser-Team-13,Ser-Team-12,FINISHED,2.0,0.0,0.88,1.11,2.96,3.14,2.48,2.31,1.61,2.81,1.43,True
1585,Bundesliga (Germany),2024,2025-03-20 16:00:00,Bun-Team-09,Bun-Team-14,FINISHED,2.0,2.0,1.77,1.04,1.53,4.25,5.8,2.0,1.85,1.87,1.93,True
1586,Bundesliga (Germany),2024,2025-03-20 16:00:00,Bun-Team-15,Bun-Team-01,FINISHED,2.0,0.0,1.47,0.63,1.85,3.23,4.71,2.6,1.49,2.97,1.4,True
1587,Bundesliga (Germany),2024,2025-03-20 21:00:00,Bun-Team-11,Bun-Team-12,FINISHED,0.0,3.0,1.13,1.85,4.59,4.13,1.67,1.8,2.01,1.78,2.05,True
1588,Bundesliga (Germany),2024,2025-03-20 16:00:00,Bun-Team-13,Bun-Team-02,FINISHED,2.0,2.0,1.5,1.57,2.2,3.77,2.93,1.67,2.2,1.76,2.07,True
1589,Bundesliga (Germany),2024,2025-03-20 16:00:00,Bun-Team-08,Bun-Team-03,FINISHED,2.0,1.0,0.58,0.48,2.95,2.44,3.24,3.95,1.25,6.24,1.13,True
1590,Bundesliga (Germany),2024,2025-03-20 16:00:00,Bun-Team-16,Bun-Team-10,FINISHED,0.0,1.0,0.84,1.05,3.41,3.05,2.25,2.47,1.54,3.08,1.39,True
1591,Bundesliga (Germany),2024,2025-03-20 21:00:00,Bun-Team-04,Bun-Team-07,FINISHED,1.0,1.0,1.11,1.3,3.02,3.47,2.27,1.93,1.89,2.14,1.7,True
1592,Bundesliga (Germany),2024,2025-03-20 18:00:00,Bun-Team-06,Bun-Team-05,FINISHED,4.0,1.0,1.87,1.21,1.76,3.79,4.35,1.98,1.84,2.06,1.76,True
1593,Ligue 1 (France),2024,2025-03-20 21:00:00,Lig-Team-07,Lig-Team-14,FINISHED,0.0,0.0,1.4,1.05,1.73,3.7,4.81,2.19,1.68,2.3,1.64,True
1594,Ligue 1 (France),2024,2025-03-20 13:00:00,Lig-Team-10,Lig-Team-03,FINISHED,0.0,3.0,0.75,1.0,3.86,2.96,2.13,2.75,1.47,3.38,1.32,True
1595,Ligue 1 (France),2024,2025-03-20 13:00:00,Lig-Team-11,Lig-Team-09,FINISHED,0.0,0.0,1.2,0.82,2.45,3.17,3.02,2.24,1.66,2.64,1.48,True
1596,Ligue 1 (France),2024,2025-03-20 18:00:00,Lig-Team-01,Lig-Team-12,FINISHED,1.0,1.0,1.28,1.07,2.77,3.36,2.49,2.01,1.81,2.29,1.63,True
1597,Ligue 1 (France),2024,2025-03-20 13:00:00,Lig-Team-06,Lig-Team-05,FINISHED,1.0,0.0,1.62,1.02,2.02,3.76,3.33,1.76,2.11,1.83,1.96,True
1598,Ligue 1 (France),2024,2025-03-20 18:00:00,Lig-Team-16,Lig-Team-15,FINISHED,2.0,2.0,0.76,1.07,4.23,3.2,1.95,2.53,1.53,2.92,1.42,True
1599,Ligue 1 (France),2024,2025-03-20 18:00:00,Lig-Team-08,Lig-Team-13,FINISHED,0.0,0.0,0.53,0.94,3.38,2.58,2.68,3.52,1.3,5.19,1.18,True
1600,Ligue 1 (France),2024,2025-03-20 16:00:00,Lig-Team-04,Lig-Team-02,FINISHED,2.0,1.0,1.12,0.21,2.07,2.53,5.46,4.45,1.22,6.18,1.13,True
1601,Premier League (England),2024,2025-03-26 21:00:00,Pre-Team-01,Pre-Team-03,FINISHED,4.0,0.0,1.59,1.17,2.0,3.52,3.68,2.02,1.82,2.19,1.67,True
1602,Premier League (England),2024,2025-03-26 21:00:00,Pre-Team-16,Pre-Team-14,FINISHED,2.0,0.0,1.02,0.16,2.11,2.59,5.07,4.07,1.24,5.58,1.14,True
1603,Premier League (England),2024,2025-03-26 13:00:00,Pre-Team-08,Pre-Team-12,FINISHED,1.0,2.0,1.42,1.63,2.91,3.3,2.43,2.1,1.75,2.47,1.57,True
1604,Premier League (England),2024,2025-03-26 16:00:00,Pre-Team-04,Pre-Team-05,FINISHED,0.0,2.0,1.21,0.83,1.72,3.52,5.04,2.36,1.6,2.5,1.53,True
1605,Premier League (England),2024,2025-03-26 21:00:00,Pre-Team-09,Pre-Team-02,FINISHED,0.0,6.0,0.84,0.94,4.28,2.92,2.08,3.03,1.41,3.83,1.27,True
1606,Premier League (England),2024,2025-03-26 16:00:00,Pre-Team-15,Pre-Team-10,FINISHED,1.0,1.0,1.82,0.41,1.73,3.76,4.79,2.12,1.72,2.19,1.67,True
1607,Premier League (England),2024,2025-03-26 16:00:00,Pre-Team-06,Pre-Team-07,FINISHED,1.0,2.0,2.11,1.1,1.66,4.41,4.28,1.58,2.41,1.52,2.53,True
1608,Premier League (England),2024,2025-03-26 13:00:00,Pre-Team-11,Pre-Team-13,FINISHED,2.0,1.0,1.95,0.79,1.77,3.77,4.37,1.99,1.83,2.11,1.75,True
1609,La Liga (Spain),2024,2025-03-26 21:00:00,La -Team-05,La -Team-16,FINISHED,1.0,1.0,2.4,0.34,1.37,4.82,8.12,2.18,1.68,1.85,1.96,True
1610,La Liga (Spain),2024,2025-03-26 16:00:00,La -Team-11,La -Team-07,FINISHED,1.0,0.0,0.87,0.83,1.78,3.09,5.62,3.2,1.36,3.69,1.28,True
1611,La Liga (Spain),2024,2025-03-26 16:00:00,La -Team-01,La -Team-12,FINISHED,2.0,1.0,0.92,2.06,4.42,3.95,1.72,1.88,1.93,1.91,1.92,True
1612,La Liga (Spain),2024,2025-03-26 21:00:00,La -Team-08,La -Team-15,FINISHED,2.0,1.0,1.14,0.74,2.07,2.96,4.1,2.84,1.43,3.51,1.31,True
1613,La Liga (Spain),2024,2025-03-26 13:00:00,La -Team-02,La -Team-10,FINISHED,1.0,0.0,1.37,1.56,2.41,4.0,2.56,1.52,2.56,1.55,2.46,True
1614,La Liga (Spain),2024,2025-03-26 16:00:00,La -Team-06,La -Team-13,FINISHED,1.0,0.0,1.29,0.72,2.08,3.25,3.72,2.32,1.61,2.69,1.48,True
1615,La Liga (Spain),2024,2025-03-26 13:00:00,La -Team-14,La -Team-03,FINISHED,3.0,2.0,2.9,0.82,1.27,6.08,9.21,1.82,2.01,1.45,2.79,True
1616,La Liga (Spain),2024,2025-03-26 16:00:00,La -Team-04,La -Team-09,FINISHED,0.0,1.0,1.27,1.21,2.03,3.53,3.44,1.93,1.88,2.11,1.72,True
1617,Serie A (Italy),2024,2025-03-26 18:00:00,Ser-Team-16,Ser-Team-13,FINISHED,0.0,1.0,0.86,1.29,3.59,3.47,2.02,2.07,1.76,2.3,1.64,True
1618,Serie A (Italy),2024,2025-03-26 13:00:00,Ser-Team-07,Ser-Team-04,FINISHED,1.0,2.0,0.89,1.63,3.43,3.21,2.21,2.33,1.62,2.8,1.46,True
1619,Serie A (Italy),2024,2025-03-26 16:00:00,Ser-Team-05,Ser-Team-02,FINISHED,2.0,1.0,0.89,0.59,2.35,2.76,3.61,3.06,1.38,4.11,1.24,True
1620,Serie A (Italy),2024,2025-03-26 21:00:00,Ser-Team-08,Ser-Team-14,FINISHED,2.0,2.0,0.66,1.96,5.34,4.55,1.53,1.75,2.08,1.63,2.27,True
1621,Serie A (Italy),2024,2025-03-26 21:00:00,Ser-Team-12,Ser-Team-15,FINISHED,0.0,0.0,1.84,0.76,1.65,3.83,5.39,2.22,1.66,2.26,1.65,True
1622,Serie A (Italy),2024,2025-03-26 21:00:00,Ser-Team-10,Ser-Team-01,FINISHED,0.0,0.0,1.39,0.92,2.83,3.59,2.31,1.79,2.02,1.97,1.83,True
1623,Serie A (Italy),2024,2025-03-26 16:00:00,Ser-Team-09,Ser-Team-11,FINISHED,1.0,0.0,1.14,0.62,1.9,3.28,4.49,2.54,1.53,2.87,1.44,True
1624,Serie A (Italy),2024,2025-03-26 16:00:00,Ser-Team-03,Ser-Team-06,FINISHED,2.0,0.0,1.3,0.15,1.8,2.81,6.72,4.29,1.22,5.04,1.17,True
1625,Bundesliga (Germany),2024,2025-03-26 16:00:00,Bun-Team-07,Bun-Team-01,FINISHED,0.0,2.0,1.09,0.88,2.44,3.35,2.85,2.05,1.77,2.37,1.59,True
1626,Bundesliga (Germany),2024,2025-03-26 21:00:00,Bun-Team-08,Bun-Team-04,FINISHED,0.0,2.0,0.55,0.8,3.21,2.76,2.56,2.93,1.42,3.92,1.25,True
1627,Bundesliga (Germany),2024,2025-03-26 21:00:00,Bun-Team-11,Bun-Team-06,FINISHED,1.0,2.0,0.91,1.98,4.67,4.51,1.61,1.59,2.36,1.52,2.54,True
1628,Bundesliga (Germany),2024,2025-03-26 16:00:00,Bun-Team-02,Bun-Team-05,FINISHED,2.0,1.0,1.77,0.96,2.55,3.14,2.85,2.25,1.66,2.69,1.47,True
1629,Bundesliga (Germany),2024,2025-03-26 13:00:00,Bun-Team-09,Bun-Team-12,FINISHED,1.0,0.0,1.24,0.64,2.34,2.91,3.41,2.7,1.48,3.48,1.32,True
1630,Bundesliga (Germany),2024,2025-03-26 13:00:00,Bun-Team-16,Bun-Team-15,FINISHED,1.0,1.0,0.98,1.27,5.79,3.3,1.69,2.91,1.42,3.18,1.37,True
1631,Bundesliga (Germany),2024,2025-03-26 16:00:00,Bun-Team-13,Bun-Team-03,FINISHED,1.0,0.0,1.44,0.94,1.68,3.79,4.82,2.11,1.74,2.16,1.7,True
1632,Bundesliga (Germany),2024,2025-03-26 21:00:00,Bun-Team-10,Bun-Team-14,FINISHED,0.0,2.0,1.91,1.22,1.9,3.97,3.46,1.61,2.32,1.63,2.3,True
1633,Ligue 1 (France),2024,2025-03-26 21:00:00,Lig-Team-06,Lig-Team-16,FINISHED,2.0,1.0,0.93,0.85,2.29,3.32,3.12,2.11,1.74,2.43,1.57,True
1634,Ligue 1 (France),2024,2025-03-26 18:00:00,Lig-Team-13,Lig-Team-07,FINISHED,1.0,1.0,0.54,0.77,3.53,2.83,2.33,2.86,1.43,3.68,1.28,True
1635,Ligue 1 (France),2024,2025-03-26 13:00:00,Lig-Team-12,Lig-Team-04,FINISHED,0.0,0.0,0.99,0.81,2.42,2.72,3.52,3.13,1.38,4.28,1.23,True
1636,Ligue 1 (France),2024,2025-03-26 21:00:00,Lig-Team-09,Lig-Team-14,FINISHED,1.0,1.0,1.49,0.86,1.78,3.69,4.37,2.03,1.77,2.13,1.72,True
1637,Ligue 1 (France),2024,2025-03-26 16:00:00,Lig-Team-01,Lig-Team-11,FINISHED,1.0,1.0,1.5,1.42,2.88,3.45,2.37,1.94,1.88,2.17,1.7,True
1638,Ligue 1 (France),2024,2025-03-26 21:00:00,Lig-Team-15,Lig-Team-08,FINISHED,1.0,0.0,2.01,0.48,1.45,4.07,8.32,2.82,1.43,2.49,1.54,True
1639,Ligue 1 (France),2024,2025-03-26 21:00:00,Lig-Team-03,Lig-Team-02,FINISHED,1.0,0.0,0.67,0.56,2.32,2.54,4.31,3.94,1.26,5.59,1.16,True
1640,Ligue 1 (France),2024,2025-03-26 18:00:00,Lig-Team-10,Lig-Team-05,FINISHED,0.0,3.0,0.66,1.11,3.42,3.19,2.22,2.29,1.63,2.72,1.46,True
1641,Premier League (England),2024,2025-03-27 13:00:00,Pre-Team-06,Pre-Team-11,FINISHED,3.0,2.0,1.16,1.71,3.42,3.71,1.99,1.79,2.03,1.91,1.9,True
1642,Premier League (England),2024,2025-03-27 21:00:00,Pre-Team-12,Pre-Team-09,FINISHED,0.0,0.0,1.17,0.93,2.68,3.36,2.59,2.03,1.78,2.36,1.59,True
1643,Premier League (England),2024,2025-03-27 16:00:00,Pre-Team-01,Pre-Team-10,FINISHED,2.0,2.0,2.14,0.62,1.4,4.77,7.12,1.99,1.83,1.73,2.11,True
1644,Premier League (England),2024,2025-03-27 18:00:00,Pre-Team-14,Pre-Team-15,FINISHED,1.0,0.0,0.73,1.09,2.54,2.78,3.27,2.95,1.42,3.94,1.26,True
1645,Premier League (England),2024,2025-03-27 21:00:00,Pre-Team-13,Pre-Team-02,FINISHED,1.0,1.0,0.33,1.39,3.89,3.02,2.1,2.69,1.49,3.28,1.35,True
1646,Premier League (England),2024,2025-03-27 18:00:00,Pre-Team-16,Pre-Team-08,FINISHED,4.0,0.0,1.15,0.51,1.66,3.0,7.75,4.25,1.23,4.5,1.21,True
1647,Premier League (England),2024,2025-03-27 13:00:00,Pre-Team-05,Pre-Team-03,FINISHED,0.0,0.0,1.43,0.82,2.22,3.05,3.51,2.5,1.54,3.07,1.38,True
1648,Premier League (England),2024,2025-03-27 16:00:00,Pre-Team-07,Pre-Team-04,FINISHED,2.0,2.0,1.24,2.78,7.38,5.96,1.31,1.55,2.47,1.32,3.44,True
1649,La Liga (Spain),2024,2025-03-27 16:00:00,La -Team-01,La -Team-08,FINISHED,1.0,1.0,0.88,1.23,3.29,3.23,2.24,2.24,1.66,2.65,1.51,True
1650,La Liga (Spain),2024,2025-03-27 18:00:00,La -Team-03,La -Team-16,FINISHED,2.0,1.0,1.5,1.34,2.03,4.12,3.12,1.5,2.57,1.53,2.53,True
1651,La Liga (Spain),2024,2025-03-27 21:00:00,La -Team-02,La -Team-04,FINISHED,2.0,0.0,1.28,0.87,2.03,3.46,3.59,2.08,1.77,2.29,1.63,True
1652,La Liga (Spain),2024,2025-03-27 18:00:00,La -Team-15,La -Team-12,FINISHED,1.0,3.0,0.47,1.15,3.89,3.34,1.97,2.27,1.65,2.57,1.51,True
1653,La Liga (Spain),2024,2025-03-27 18:00:00,La -Team-06,La -Team-07,FINISHED,0.0,0.0,1.5,0.93,1.71,3.48,5.23,2.55,1.53,2.7,1.46,True
1654,La Liga (Spain),2024,2025-03-27 18:00:00,La -Team-09,La -Team-13,FINISHED,1.0,1.0,1.47,1.51,2.5,3.78,2.51,1.66,2.21,1.76,2.05,True
1655,La Liga (Spain),2024,2025-03-27 21:00:00,La -Team-05,La -Team-10,FINISHED,0.0,2.0,2.0,1.27,1.9,3.74,3.77,1.88,1.95,1.95,1.85,True
1656,La Liga (Spain),2024,2025-03-27 16:00:00,La -Team-11,La -Team-14,FINISHED,0.0,2.0,0.69,1.21,3.2,2.83,2.53,2.86,1.44,3.72,1.28,True
1657,Serie A (Italy),2024,2025-03-27 13:00:00,Ser-Team-06,Ser-Team-10,FINISHED,1.0,0.0,0.5,1.06,6.07,2.9,1.79,3.7,1.28,4.32,1.22,True
1658,Serie A (Italy),2024,2025-03-27 13:00:00,Ser-Team-09,Ser-Team-01,FINISHED,0.0,2.0,0.91,0.81,3.4,3.06,2.28,2.51,1.54,3.07,1.38,True
1659,Serie A (Italy),2024,2025-03-27 16:00:00,Ser-Team-05,Ser-Team-11,FINISHED,3.0,1.0,1.15,0.88,1.69,3.37,6.05,2.93,1.41,3.13,1.37,True
1660,Serie A (Italy),2024,2025-03-27 21:00:00,Ser-Team-13,Ser-Team-07,FINISHED,2.0,1.0,1.27,0.78,2.33,3.15,3.25,2.36,1.6,2.86,1.44,True
1661,Serie A (Italy),2024,2025-03-27 21:00:00,Ser-Team-14,Ser-Team-02,FINISHED,1.0,2.0,0.91,0.63,2.42,2.84,3.34,2.79,1.47,3.65,1.29,True
1662,Serie A (Italy),2024,2025-03-27 13:00:00,Ser-Team-03,Ser-Team-15,FINISHED,2.0,3.0,1.38,1.2,1.99,3.51,3.62,2.01,1.83,2.22,1.69,True
1663,Serie A (Italy),2024,2025-03-27 13:00:00,Ser-Team-08,Ser-Team-16,FINISHED,2.0,1.0,1.65,1.74,2.26,4.41,2.59,1.34,3.31,1.32,3.38,True
1664,Serie A (Italy),2024,2025-03-27 18:00:00,Ser-Team-12,Ser-Team-04,FINISHED,2.0,0.0,1.17,1.04,2.58,3.13,2.83,2.29,1.64,2.81,1.44,True
1665,Bundesliga (Germany),2024,2025-03-27 21:00:00,Bun-Team-13,Bun-Team-04,FINISHED,1.0,0.0,1.7,1.1,1.84,4.1,3.76,1.67,2.27,1.65,2.22,True
1666,Bundesliga (Germany),2024,2025-03-27 13:00:00,Bun-Team-03,Bun-Team-14,FINISHED,1.0,0.0,1.24,1.83,3.13,3.72,2.14,1.76,2.09,1.86,1.94,True
1667,Bundesliga (Germany),2024,2025-03-27 16:00:00,Bun-Team-12,Bun-Team-16,FINISHED,1.0,0.0,1.37,0.77,1.45,4.28,7.48,2.44,1.57,2.17,1.69,True
1668,Bundesliga (Germany),2024,2025-03-27 18:00:00,Bun-Team-15,Bun-Team-05,FINISHED,1.0,0.0,1.45,0.99,1.81,3.13,5.17,2.88,1.41,3.29,1.33,True
1669,Bundesliga (Germany),2024,2025-03-27 16:00:00,Bun-Team-09,Bun-Team-11,FINISHED,0.0,1.0,1.55,0.74,1.47,4.11,7.37,2.53,1.52,2.31,1.63,True
1670,Bundesliga (Germany),2024,2025-03-27 13:00:00,Bun-Team-07,Bun-Team-01,FINISHED,2.0,1.0,1.69,1.2,2.47,3.37,2.84,2.05,1.78,2.35,1.59,True
1671,Bundesliga (Germany),2024,2025-03-27 16:00:00,Bun-Team-10,Bun-Team-02,FINISHED,2.0,0.0,1.26,0.75,2.22,3.24,3.34,2.23,1.66,2.63,1.5,True
1672,Bundesliga (Germany),2024,2025-03-27 16:00:00,Bun-Team-06,Bun-Team-08,FINISHED,2.0,1.0,1.94,0.45,1.38,4.39,9.72,2.93,1.43,2.39,1.57,True
1673,Ligue 1 (France),2024,2025-03-27 13:00:00,Lig-Team-10,Lig-Team-12,FINISHED,1.0,5.0,0.68,1.12,5.28,3.77,1.67,2.24,1.66,2.28,1.62,True
1674,Ligue 1 (France),2024,2025-03-27 13:00:00,Lig-Team-08,Lig-Team-09,FINISHED,0.0,2.0,0.3,1.05,4.43,2.79,2.11,3.28,1.34,4.3,1.24,True
1675,Ligue 1 (France),2024,2025-03-27 13:00:00,Lig-Team-14,Lig-Team-15,FINISHED,1.0,0.0,1.48,1.95,3.88,4.04,1.81,1.67,2.2,1.68,2.16,True
1676,Ligue 1 (France),2024,2025-03-27 18:00:00,Lig-Team-13,Lig-Team-07,FINISHED,1.0,1.0,0.98,0.83,3.54,2.83,2.34,2.86,1.42,3.73,1.29,True
1677,Ligue 1 (France),2024,2025-03-27 18:00:00,Lig-Team-05,Lig-Team-16,FINISHED,2.0,1.0,0.95,0.7,2.76,2.66,3.11,3.14,1.37,4.4,1.21,True
1678,Ligue 1 (France),2024,2025-03-27 18:00:00,Lig-Team-03,Lig-Team-01,FINISHED,2.0,2.0,0.96,1.23,2.59,2.96,2.97,2.51,1.53,3.15,1.36,True
1679,Ligue 1 (France),2024,2025-03-27 18:00:00,Lig-Team-11,Lig-Team-04,FINISHED,1.0,0.0,0.95,0.83,2.32,2.82,3.63,3.0,1.4,3.98,1.25,True
1680,Ligue 1 (France),2024,2025-03-27 16:00:00,Lig-Team-06,Lig-Team-02,FINISHED,4.0,1.0,1.38,0.9,1.91,3.47,4.06,2.11,1.71,2.35,1.61,True
1681,Premier League (England),2024,2025-04-02 18:00:00,Pre-Team-04,Pre-Team-06,FINISHED,3.0,1.0,2.13,0.78,1.47,4.42,6.76,2.13,1.72,1.95,1.86,True
1682,Premier League (England),2024,2025-04-02 18:00:00,Pre-Team-15,Pre-Team-13,FINISHED,1.0,2.0,0.71,0.91,2.66,2.98,2.9,2.5,1.53,3.13,1.36,True
1683,Premier League (England),2024,2025-04-02 21:00:00,Pre-Team-09,Pre-Team-12,FINISHED,2.0,3.0,1.39,0.89,1.98,3.45,3.72,2.1,1.76,2.3,1.63,True
1684,Premier League (England),2024,2025-04-02 21:00:00,Pre-Team-11,Pre-Team-02,FINISHED,1.0,0.0,1.26,1.5,2.68,3.46,2.52,1.92,1.86,2.2,1.71,True
1685,Premier League (England),2024,2025-04-02 21:00:00,Pre-Team-14,Pre-Team-03,FINISHED,0.0,1.0,0.85,0.64,2.72,2.85,2.95,2.77,1.46,3.64,1.29,True
1686,Premier League (England),2024,2025-04-02 16:00:00,Pre-Team-05,Pre-Team-01,FINISHED,1.0,2.0,1.22,1.04,2.51,3.17,2.93,2.28,1.63,2.78,1.46,True
1687,Premier League (England),2024,2025-04-02 18:00:00,Pre-Team-10,Pre-Team-16,FINISHED,1.0,0.0,1.12,1.59,5.24,3.25,1.76,2.78,1.45,3.08,1.39,True
1688,Premier League (England),2024,2025-04-02 21:00:00,Pre-Team-08,Pre-Team-07,FINISHED,3.0,1.0,1.2,1.18,2.45,3.5,2.71,1.83,1.97,2.04,1.79,True
1689,La Liga (Spain),2024,2025-04-02 13:00:00,La -Team-13,La -Team-04,FINISHED,1.0,0.0,0.51,0.94,2.49,2.73,3.4,3.13,1.37,4.24,1.22,True
1690,La Liga (Spain),2024,2025-04-02 18:00:00,La -Team-14,La -Team-03,FINISHED,2.0,0.0,2.35,0.93,1.27,6.03,9.29,1.82,2.0,1.44,2.79,True
1691,La Liga (Spain),2024,2025-04-02 16:00:00,La -Team-12,La -Team-09,FINISHED,4.0,1.0,2.96,0.91,1.25,6.47,9.65,1.76,2.1,1.38,3.09,True
1692,La Liga (Spain),2024,2025-04-02 18:00:00,La -Team-06,La -Team-07,FINISHED,0.0,0.0,1.4,0.42,1.73,3.48,5.27,2.53,1.52,2.71,1.47,True
1693,La Liga (Spain),2024,2025-04-02 13:00:00,La -Team-11,La -Team-05,FINISHED,0.0,2.0,0.68,0.92,2.9,3.04,2.58,2.42,1.57,3.01,1.39,True
1694,La Liga (Spain),2024,2025-04-02 21:00:00,La -Team-02,La -Team-08,FINISHED,0.0,2.0,1.5,1.09,2.83,3.45,2.4,1.94,1.87,2.21,1.69,True
1695,La Liga (Spain),2024,2025-04-02 18:00:00,La -Team-01,La -Team-10,FINISHED,0.0,2.0,1.37,1.72,2.75,3.76,2.31,1.67,2.18,1.8,2.03,True
1696,La Liga (Spain),2024,2025-04-02 13:00:00,La -Team-16,La -Team-15,FINISHED,0.0,0.0,1.16,1.54,3.5,3.25,2.13,2.23,1.67,2.57,1.49,True
1697,Serie A (Italy),2024,2025-04-02 18:00:00,Ser-Team-07,Ser-Team-01,FINISHED,0.0,0.0,0.96,1.48,3.6,3.33,2.06,2.17,1.69,2.51,1.55,True
1698,Serie A (Italy),2024,2025-04-02 16:00:00,Ser-Team-09,Ser-Team-11,FINISHED,1.0,0.0,0.92,0.58,1.89,3.27,4.45,2.51,1.54,2.88,1.43,True
1699,Serie A (Italy),2024,2025-04-02 16:00:00,Ser-Team-02,Ser-Team-13,FINISHED,1.0,0.0,1.07,0.81,2.18,2.87,3.91,2.92,1.4,3.76,1.28,True
1700,Serie A (Italy),2024,2025-04-02 16:00:00,Ser-Team-15,Ser-Team-12,FINISHED,1.0,1.0,0.81,1.35,3.68,3.4,2.03,2.17,1.71,2.42,1.57,True
1701,Serie A (Italy),2024,2025-04-02 16:00:00,Ser-Team-03,Ser-Team-05,FINISHED,0.0,3.0,0.73,1.29,3.24,3.2,2.29,2.26,1.65,2.66,1.48,True
1702,Serie A (Italy),2024,2025-04-02 18:00:00,Ser-Team-10,Ser-Team-04,FINISHED,0.0,0.0,0.85,1.07,2.69,3.45,2.47,1.92,1.87,2.17,1.7,True
1703,Serie A (Italy),2024,2025-04-02 16:00:00,Ser-Team-14,Ser-Team-16,FINISHED,3.0,0.0,1.87,0.75,1.43,4.52,7.11,2.15,1.7,1.9,1.89,True
1704,Serie A (Italy),2024,2025-04-02 13:00:00,Ser-Team-08,Ser-Team-06,FINISHED,0.0,2.0,0.71,0.47,2.22,2.82,3.9,3.01,1.39,3.9,1.26,True
1705,Bundesliga (Germany),2024,2025-04-02 21:00:00,Bun-Team-12,Bun-Team-06,FINISHED,2.0,0.0,1.58,1.12,2.21,3.69,2.99,1.74,2.11,1.86,1.94,True
1706,Bundesliga (Germany),2024,2025-04-02 16:00:00,Bun-Team-14,Bun-Team-05,FINISHED,3.0,2.0,1.44,1.35,2.52,3.85,2.48,1.61,2.34,1.68,2.19,True
1707,Bundesliga (Germany),2024,2025-04-02 18:00:00,Bun-Team-03,Bun-Team-16,FINISHED,1.0,1.0,0.8,0.88,2.71,2.83,2.99,2.84,1.43,3.73,1.27,True
1708,Bundesliga (Germany),2024,2025-04-02 21:00:00,Bun-Team-07,Bun-Team-09,FINISHED,0.0,1.0,0.95,0.61,3.45,2.93,2.35,2.74,1.48,3.42,1.32,True
1709,Bundesliga (Germany),2024,2025-04-02 16:00:00,Bun-Team-01,Bun-Team-10,FINISHED,1.0,1.0,0.93,0.83,2.19,3.17,3.44,2.29,1.6,2.74,1.47,True
1710,Bundesliga (Germany),2024,2025-04-02 16:00:00,Bun-Team-08,Bun-Team-13,FINISHED,0.0,3.0,0.9,1.28,3.81,3.17,2.08,2.44,1.56,2.92,1.42,True
1711,Bundesliga (Germany),2024,2025-04-02 13:00:00,Bun-Team-11,Bun-Team-02,FINISHED,1.0,1.0,1.43,1.48,2.8,3.66,2.33,1.75,2.09,1.91,1.91,True
1712,Bundesliga (Germany),2024,2025-04-02 21:00:00,Bun-Team-15,Bun-Team-04,FINISHED,6.0,1.0,2.12,0.84,1.43,4.15,7.7,2.58,1.51,2.34,1.62,True
1713,Ligue 1 (France),2024,2025-04-02 13:00:00,Lig-Team-13,Lig-Team-14,FINISHED,3.0,1.0,0.8,1.45,2.31,3.26,3.11,2.13,1.73,2.48,1.56,True
1714,Ligue 1 (France),2024,2025-04-02 16:00:00,Lig-Team-11,Lig-Team-10,FINISHED,5.0,0.0,1.77,0.86,1.35,4.91,8.73,2.31,1.61,1.91,1.91,True
1715,Ligue 1 (France),2024,2025-04-02 21:00:00,Lig-Team-04,Lig-Team-05,FINISHED,0.0,3.0,1.02,0.59,2.08,2.78,4.54,3.47,1.32,4.45,1.21,True
1716,Ligue 1 (France),2024,2025-04-02 13:00:00,Lig-Team-12,Lig-Team-02,FINISHED,0.0,1.0,1.52,0.45,1.77,3.16,5.63,3.09,1.38,3.47,1.32,True
1717,Ligue 1 (France),2024,2025-04-02 18:00:00,Lig-Team-08,Lig-Team-03,FINISHED,0.0,0.0,0.68,0.75,3.32,2.39,2.93,3.99,1.25,6.22,1.12,True
1718,Ligue 1 (France),2024,2025-04-02 18:00:00,Lig-Team-07,Lig-Team-06,FINISHED,1.0,0.0,1.94,0.91,1.6,4.15,5.17,1.9,1.91,1.86,1.96,True
1719,Ligue 1 (France),2024,2025-04-02 18:00:00,Lig-Team-15,Lig-Team-01,FINISHED,1.0,1.0,2.14,0.59,1.5,4.54,5.77,1.84,1.99,1.71,2.17,True
1720,Ligue 1 (France),2024,2025-04-02 16:00:00,Lig-Team-09,Lig-Team-16,FINISHED,0.0,1.0,1.12,0.49,1.97,2.9,4.84,3.23,1.35,4.0,1.25,True
1721,Premier League (England),2024,2025-04-03 18:00:00,Pre-Team-01,Pre-Team-14,FINISHED,1.0,0.0,1.02,0.66,1.96,3.14,4.27,2.58,1.5,3.01,1.39,True
1722,Premier League (England),2024,2025-04-03 21:00:00,Pre-Team-12,Pre-Team-16,FINISHED,0.0,2.0,1.09,1.36,4.0,3.34,1.95,2.3,1.62,2.61,1.51,True
1723,Premier League (England),2024,2025-04-03 16:00:00,Pre-Team-07,Pre-Team-02,FINISHED,2.0,4.0,0.79,2.0,6.61,5.04,1.41,1.77,2.06,1.56,2.42,True
1724,Premier League (England),2024,2025-04-03 16:00:00,Pre-Team-15,Pre-Team-13,FINISHED,1.0,1.0,1.28,0.92,2.63,2.97,2.89,2.5,1.55,3.15,1.37,True
1725,Premier League (England),2024,2025-04-03 16:00:00,Pre-Team-03,Pre-Team-11,FINISHED,1.0,3.0,1.38,1.55,3.04,3.66,2.19,1.8,2.04,1.95,1.87,True
1726,Premier League (England),2024,2025-04-03 13:00:00,Pre-Team-06,Pre-Team-10,FINISHED,1.0,0.0,1.45,1.07,1.71,3.86,4.69,2.02,1.78,2.07,1.76,True
1727,Premier League (England),2024,2025-04-03 18:00:00,Pre-Team-08,Pre-Team-05,FINISHED,1.0,1.0,0.59,1.05,4.44,2.8,2.08,3.29,1.34,4.21,1.23,True
1728,Premier League (England),2024,2025-04-03 16:00:00,Pre-Team-04,Pre-Team-09,FINISHED,2.0,0.0,1.72,0.59,1.58,3.73,6.33,2.6,1.5,2.57,1.51,True
1729,La Liga (Spain),2024,2025-04-03 18:00:00,La -Team-09,La -Team-06,FINISHED,2.0,3.0,1.71,1.81,3.01,4.05,2.09,1.53,2.52,1.55,2.43,True
1730,La Liga (Spain),2024,2025-04-03 13:00:00,La -Team-05,La -Team-10,FINISHED,0.0,1.0,1.52,0.93,1.9,3.69,3.75,1.86,1.96,1.96,1.84,True
1731,La Liga (Spain),2024,2025-04-03 21:00:00,La -Team-02,La -Team-15,FINISHED,1.0,1.0,1.52,1.43,2.18,3.76,2.96,1.69,2.16,1.8,2.01,True
1732,La Liga (Spain),2024,2025-04-03 13:00:00,La -Team-13,La -Team-11,FINISHED,0.0,1.0,1.54,1.14,3.02,2.8,2.68,2.85,1.42,3.82,1.27,True
1733,La Liga (Spain),2024,2025-04-03 16:00:00,La -Team-01,La -Team-08,FINISHED,0.0,1.0,1.18,1.41,3.27,3.24,2.24,2.21,1.67,2.62,1.49,True
1734,La Liga (Spain),2024,2025-04-03 13:00:00,La -Team-12,La -Team-03,FINISHED,3.0,1.0,3.21,0.96,1.19,7.54,12.21,1.75,2.09,1.3,3.56,True
1735,La Liga (Spain),2024,2025-04-03 16:00:00,La -Team-04,La -Team-07,FINISHED,1.0,1.0,1.22,0.64,2.17,2.69,4.31,3.37,1.33,4.52,1.21,True
1736,La Liga (Spain),2024,2025-04-03 18:00:00,La -Team-16,La -Team-14,FINISHED,0.0,2.0,0.65,1.61,5.7,3.72,1.65,2.43,1.58,2.47,1.57,True
1737,Serie A (Italy),2024,2025-04-03 13:00:00,Ser-Team-04,Ser-Team-13,FINISHED,1.0,2.0,1.27,0.49,1.95,3.02,4.72,3.0,1.4,3.58,1.3,True
1738,Serie A (Italy),2024,2025-04-03 18:00:00,Ser-Team-01,Ser-Team-12,FINISHED,2.0,1.0,1.48,0.77,2.06,3.4,3.69,2.13,1.69,2.42,1.56,True
1739,Serie A (Italy),2024,2025-04-03 16:00:00,Ser-Team-03,Ser-Team-07,FINISHED,0.0,1.0,1.27,1.69,2.27,3.59,2.88,1.79,2.03,1.94,1.88,True
1740,Serie A (Italy),2024,2025-04-03 16:00:00,Ser-Team-10,Ser-Team-09,FINISHED,2.0,0.0,1.56,1.15,2.0,3.67,3.48,1.86,1.96,1.99,1.83,True
1741,Serie A (Italy),2024,2025-04-03 18:00:00,Ser-Team-15,Ser-Team-05,FINISHED,0.0,1.0,0.87,0.92,3.93,2.92,2.14,2.83,1.44,3.59,1.29,True
1742,Serie A (Italy),2024,2025-04-03 18:00:00,Ser-Team-06,Ser-Team-08,FINISHED,2.0,0.0,1.16,0.96,2.94,2.74,2.81,2.97,1.41,4.07,1.24,True
1743,Serie A (Italy),2024,2025-04-03 18:00:00,Ser-Team-02,Ser-Team-11,FINISHED,3.0,0.0,1.49,0.97,1.75,3.35,5.31,2.71,1.46,2.99,1.41,True
1744,Serie A (Italy),2024,2025-04-03 21:00:00,Ser-Team-14,Ser-Team-16,FINISHED,0.0,0.0,1.65,0.44,1.43,4.54,7.15,2.14,1.7,1.91,1.89,True
1745,Bundesliga (Germany),2024,2025-04-03 16:00:00,Bun-Team-14,Bun-Team-13,FINISHED,2.0,1.0,2.12,1.81,2.12,4.57,2.72,1.28,3.64,1.27,3.86,True
1746,Bundesliga (Germany),2024,2025-04-03 18:00:00,Bun-Team-01,Bun-Team-11,FINISHED,2.0,0.0,1.65,0.8,1.62,4.17,4.95,1.88,1.94,1.84,1.98,True
1747,Bundesliga (Germany),2024,2025-04-03 16:00:00,Bun-Team-04,Bun-Team-12,FINISHED,0.0,5.0,0.93,1.51,4.37,3.8,1.78,1.99,1.84,2.06,1.77,True
1748,Bundesliga (Germany),2024,2025-04-03 18:00:00,Bun-Team-06,Bun-Team-09,FINISHED,1.0,0.0,1.05,0.99,2.48,3.11,2.98,2.3,1.61,2.81,1.45,True
1749,Bundesliga (Germany),2024,2025-04-03 18:00:00,Bun-Team-03,Bun-Team-08,FINISHED,1.0,2.0,1.06,0.5,2.57,2.42,3.82,4.0,1.25,6.05,1.12,True
1750,Bundesliga (Germany),2024,2025-04-03 18:00:00,Bun-Team-05,Bun-Team-10,FINISHED,1.0,1.0,0.99,0.94,2.38,2.99,3.25,2.52,1.54,3.12,1.38,True
1751,Bundesliga (Germany),2024,2025-04-03 18:00:00,Bun-Team-07,Bun-Team-02,FINISHED,2.0,1.0,1.37,1.07,2.11,3.45,3.36,2.01,1.81,2.24,1.66,True
1752,Bundesliga (Germany),2024,2025-04-03 21:00:00,Bun-Team-16,Bun-Team-15,FINISHED,1.0,0.0,0.35,1.2,5.81,3.31,1.71,2.92,1.4,3.18,1.35,True
1753,Ligue 1 (France),2024,2025-04-03 18:00:00,Lig-Team-04,Lig-Team-05,FINISHED,2.0,0.0,0.93,0.41,2.1,2.72,4.52,3.42,1.34,4.48,1.21,True
1754,Ligue 1 (France),2024,2025-04-03 13:00:00,Lig-Team-03,Lig-Team-12,FINISHED,1.0,3.0,1.0,1.06,3.19,2.84,2.54,2.8,1.43,3.66,1.28,True
1755,Ligue 1 (France),2024,2025-04-03 16:00:00,Lig-Team-01,Lig-Team-11,FINISHED,4.0,1.0,1.07,1.4,2.89,3.48,2.38,1.94,1.89,2.17,1.7,True
1756,Ligue 1 (France),2024,2025-04-03 16:00:00,Lig-Team-02,Lig-Team-07,FINISHED,1.0,1.0,0.63,1.24,4.87,2.79,2.02,3.45,1.31,4.46,1.21,True
1757,Ligue 1 (France),2024,2025-04-03 21:00:00,Lig-Team-14,Lig-Team-16,FINISHED,2.0,0.0,1.24,0.7,2.29,3.08,3.35,2.49,1.55,3.05,1.39,True
1758,Ligue 1 (France),2024,2025-04-03 13:00:00,Lig-Team-10,Lig-Team-06,FINISHED,1.0,0.0,1.33,1.99,3.7,4.05,1.83,1.64,2.25,1.65,2.24,True
1759,Ligue 1 (France),2024,2025-04-03 13:00:00,Lig-Team-13,Lig-Team-08,FINISHED,1.0,0.0,1.02,0.31,2.16,2.66,4.5,3.56,1.3,4.94,1.2,True
1760,Ligue 1 (France),2024,2025-04-03 13:00:00,Lig-Team-15,Lig-Team-09,FINISHED,1.0,3.0,1.22,0.76,1.92,3.59,3.87,2.02,1.81,2.16,1.69,True
1761,Premier League (England),2024,2025-04-09 16:00:00,Pre-Team-03,Pre-Team-12,FINISHED,0.0,1.0,1.62,1.13,1.77,4.0,4.02,1.75,2.1,1.77,2.07,True
1762,Premier League (England),2024,2025-04-09 18:00:00,Pre-Team-06,Pre-Team-04,FINISHED,1.0,4.0,0.95,1.57,4.45,3.71,1.76,2.04,1.79,2.12,1.72,True
1763,Premier League (England),2024,2025-04-09 21:00:00,Pre-Team-13,Pre-Team-11,FINISHED,0.0,1.0,0.98,1.17,3.06,3.46,2.27,1.94,1.86,2.18,1.69,True
1764,Premier League (England),2024,2025-04-09 16:00:00,Pre-Team-08,Pre-Team-05,FINISHED,0.0,2.0,0.31,1.04,4.45,2.81,2.08,3.29,1.34,4.25,1.24,True
1765,Premier League (England),2024,2025-04-09 16:00:00,Pre-Team-10,Pre-Team-02,FINISHED,1.0,1.0,0.99,1.88,7.1,4.25,1.47,2.31,1.62,2.13,1.74,True
1766,Premier League (England),2024,2025-04-09 16:00:00,Pre-Team-15,Pre-Team-07,FINISHED,4.0,2.0,1.99,0.89,1.68,4.31,4.3,1.64,2.28,1.6,2.36,True
1767,Premier League (England),2024,2025-04-09 13:00:00,Pre-Team-14,Pre-Team-01,FINISHED,2.0,1.0,0.79,1.19,3.12,2.98,2.47,2.53,1.52,3.19,1.36,True
1768,Premier League (England),2024,2025-04-09 13:00:00,Pre-Team-09,Pre-Team-16,FINISHED,1.0,1.0,0.54,0.43,3.69,2.48,2.6,3.82,1.28,5.68,1.14,True
1769,La Liga (Spain),2024,2025-04-09 21:00:00,La -Team-01,La -Team-04,FINISHED,2.0,1.0,1.14,0.73,2.31,3.17,3.27,2.36,1.6,2.84,1.44,True
1770,La Liga (Spain),2024,2025-04-09 18:00:00,La -Team-03,La -Team-07,FINISHED,2.0,1.0,1.36,1.4,2.11,3.78,3.06,1.7,2.14,1.82,2.01,True
1771,La Liga (Spain),2024,2025-04-09 18:00:00,La -Team-10,La -Team-15,FINISHED,1.0,2.0,1.41,0.98,2.05,3.43,3.51,2.06,1.78,2.31,1.63,True
1772,La Liga (Spain),2024,2025-04-09 21:00:00,La -Team-02,La -Team-16,FINISHED,2.0,3.0,1.83,1.16,1.56,4.57,5.14,1.69,2.19,1.6,2.37,True
1773,La Liga (Spain),2024,2025-04-09 16:00:00,La -Team-11,La -Team-05,FINISHED,1.0,3.0,0.89,0.57,2.88,3.05,2.62,2.41,1.57,3.01,1.41,True
1774,La Liga (Spain),2024,2025-04-09 13:00:00,La -Team-09,La -Team-13,FINISHED,1.0,2.0,1.46,1.39,2.51,3.76,2.51,1.66,2.23,1.79,2.04,True
1775,La Liga (Spain),2024,2025-04-09 21:00:00,La -Team-08,La -Team-06,FINISHED,2.0,2.0,1.15,0.52,2.13,3.03,3.85,2.62,1.51,3.19,1.36,True
1776,La Liga (Spain),2024,2025-04-09 18:00:00,La -Team-14,La -Team-12,FINISHED,1.0,0.0,0.7,0.93,2.63,3.15,2.82,2.29,1.63,2.8,1.44,True
1777,Serie A (Italy),2024,2025-04-09 21:00:00,Ser-Team-16,Ser-Team-02,FINISHED,1.0,0.0,0.67,1.5,4.48,3.69,1.77,2.09,1.74,2.19,1.69,True
1778,Serie A (Italy),2024,2025-04-09 18:00:00,Ser-Team-06,Ser-Team-10,FINISHED,0.0,2.0,0.65,1.1,6.1,2.93,1.81,3.69,1.29,4.35,1.22,True
1779,Serie A (Italy),2024,2025-04-09 13:00:00,Ser-Team-04,Ser-Team-15,FINISHED,1.0,0.0,1.42,0.6,1.63,3.48,6.07,2.76,1.45,2.89,1.42,True
1780,Serie A (Italy),2024,2025-04-09 21:00:00,Ser-Team-08,Ser-Team-13,FINISHED,0.0,3.0,1.02,1.58,3.96,3.96,1.83,1.74,2.1,1.79,2.04,True
1781,Serie A (Italy),2024,2025-04-09 18:00:00,Ser-Team-09,Ser-Team-11,FINISHED,0.0,1.0,1.14,1.03,1.9,3.26,4.43,2.54,1.53,2.88,1.43,True
1782,Serie A (Italy),2024,2025-04-09 16:00:00,Ser-Team-01,Ser-Team-14,FINISHED,1.0,0.0,1.04,1.02,2.07,3.07,3.93,2.62,1.51,3.14,1.37,True
1783,Serie A (Italy),2024,2025-04-09 13:00:00,Ser-Team-03,Ser-Team-05,FINISHED,1.0,1.0,0.77,0.76,3.23,3.22,2.29,2.25,1.66,2.67,1.48,True
1784,Serie A (Italy),2024,2025-04-09 18:00:00,Ser-Team-07,Ser-Team-12,FINISHED,1.0,1.0,1.3,1.42,2.97,3.48,2.29,1.92,1.89,2.15,1.72,True
1785,Bundesliga (Germany),2024,2025-04-09 18:00:00,Bun-Team-08,Bun-Team-05,FINISHED,0.0,0.0,0.4,0.67,4.53,2.68,2.16,3.55,1.3,4.72,1.19,True
1786,Bundesliga (Germany),2024,2025-04-09 18:00:00,Bun-Team-06,Bun-Team-11,FINISHED,2.0,2.0,2.18,1.01,1.33,5.7,7.61,1.71,2.17,1.42,2.86,True
1787,Bundesliga (Germany),2024,2025-04-09 18:00:00,Bun-Team-01,Bun-Team-10,FINISHED,0.0,0.0,1.18,1.09,2.2,3.21,3.42,2.3,1.63,2.74,1.46,True
1788,Bundesliga (Germany),2024,2025-04-09 21:00:00,Bun-Team-02,Bun-Team-14,FINISHED,0.0,2.0,1.73,1.4,1.98,4.19,3.12,1.48,2.63,1.49,2.65,True
1789,Bundesliga (Germany),2024,2025-04-09 16:00:00,Bun-Team-12,Bun-Team-03,FINISHED,3.0,0.0,2.25,0.33,1.42,4.18,8.43,2.75,1.46,2.41,1.57,True
1790,Bundesliga (Germany),2024,2025-04-09 13:00:00,Bun-Team-04,Bun-Team-13,FINISHED,1.0,3.0,1.52,1.41,2.61,3.85,2.4,1.61,2.32,1.7,2.13,True
1791,Bundesliga (Germany),2024,2025-04-09 16:00:00,Bun-Team-15,Bun-Team-09,FINISHED,0.0,0.0,1.36,0.51,2.52,2.6,3.61,3.44,1.31,4.93,1.18,True
1792,Bundesliga (Germany),2024,2025-04-09 16:00:00,Bun-Team-16,Bun-Team-07,FINISHED,1.0,0.0,1.03,1.23,3.44,3.27,2.18,2.24,1.67,2.59,1.5,True
1793,Ligue 1 (France),2024,2025-04-09 16:00:00,Lig-Team-12,Lig-Team-09,FINISHED,1.0,1.0,0.7,0.77,2.56,3.12,2.9,2.32,1.61,2.83,1.42,True
1794,Ligue 1 (France),2024,2025-04-09 13:00:00,Lig-Team-07,Lig-Team-06,FINISHED,1.0,1.0,1.96,0.57,1.6,4.16,5.18,1.9,1.92,1.85,1.97,True
1795,Ligue 1 (France),2024,2025-04-09 18:00:00,Lig-Team-15,Lig-Team-01,FINISHED,2.0,1.0,1.7,0.95,1.51,4.51,5.82,1.82,1.99,1.69,2.17,True
1796,Ligue 1 (France),2024,2025-04-09 18:00:00,Lig-Team-03,Lig-Team-04,FINISHED,1.0,0.0,0.61,0.79,3.29,2.36,2.98,4.06,1.24,6.38,1.11,True
1797,Ligue 1 (France),2024,2025-04-09 16:00:00,Lig-Team-14,Lig-Team-05,FINISHED,4.0,0.0,1.09,0.94,2.03,3.48,3.57,2.03,1.81,2.23,1.67,True
1798,Ligue 1 (France),2024,2025-04-09 21:00:00,Lig-Team-13,Lig-Team-16,FINISHED,1.0,1.0,1.28,0.56,2.51,2.58,3.58,3.4,1.32,4.89,1.19,True
1799,Ligue 1 (France),2024,2025-04-09 13:00:00,Lig-Team-08,Lig-Team-11,FINISHED,1.0,0.0,0.65,1.27,4.17,2.92,2.11,2.96,1.39,3.75,1.27,True
1800,Ligue 1 (France),2024,2025-04-09 16:00:00,Lig-Team-02,Lig-Team-10,FINISHED,0.0,0.0,0.95,0.75,2.09,2.95,4.16,2.92,1.42,3.62,1.3,True
1801,Premier League (England),2024,2025-04-10 13:00:00,Pre-Team-02,Pre-Team-11,FINISHED,1.0,0.0,1.32,0.99,1.95,3.61,3.77,1.96,1.85,2.12,1.73,True
1802,Premier League (England),2024,2025-04-10 18:00:00,Pre-Team-09,Pre-Team-10,FINISHED,1.0,2.0,1.61,0.56,1.8,3.41,4.88,2.5,1.54,2.71,1.47,True
1803,Premier League (England),2024,2025-04-10 21:00:00,Pre-Team-14,Pre-Team-12,FINISHED,2.0,0.0,1.29,0.97,2.03,3.37,3.6,2.12,1.74,2.43,1.57,True
1804,Premier League (England),2024,2025-04-10 13:00:00,Pre-Team-15,Pre-Team-13,FINISHED,2.0,2.0,0.82,1.06,2.64,2.99,2.91,2.49,1.56,3.11,1.37,True
1805,Premier League (England),2024,2025-04-10 21:00:00,Pre-Team-05,Pre-Team-07,FINISHED,4.0,1.0,1.92,0.62,1.49,4.58,5.72,1.79,2.01,1.68,2.2,True
1806,Premier League (England),2024,2025-04-10 16:00:00,Pre-Team-06,Pre-Team-04,FINISHED,0.0,2.0,0.99,1.75,4.42,3.75,1.74,2.04,1.77,2.14,1.72,True
1807,Premier League (England),2024,2025-04-10 16:00:00,Pre-Team-08,Pre-Team-01,FINISHED,0.0,2.0,0.57,1.47,4.67,3.28,1.85,2.57,1.52,2.9,1.42,True
1808,Premier League (England),2024,2025-04-10 18:00:00,Pre-Team-16,Pre-Team-03,FINISHED,1.0,1.0,1.35,0.57,2.07,2.89,4.36,3.04,1.39,3.81,1.27,True
1809,La Liga (Spain),2024,2025-04-10 16:00:00,La -Team-05,La -Team-10,FINISHED,2.0,1.0,1.35,1.14,1.89,3.75,3.76,1.86,1.94,1.98,1.86,True
1810,La Liga (Spain),2024,2025-04-10 21:00:00,La -Team-03,La -Team-09,FINISHED,2.0,5.0,2.57,2.3,2.21,4.8,2.48,1.21,4.51,1.16,5.04,True
1811,La Liga (Spain),2024,2025-04-10 21:00:00,La -Team-16,La -Team-15,FINISHED,2.0,1.0,0.94,1.39,3.49,3.27,2.13,2.21,1.67,2.61,1.51,True
1812,La Liga (Spain),2024,2025-04-10 18:00:00,La -Team-06,La -Team-11,FINISHED,0.0,2.0,1.01,0.66,2.55,2.98,3.05,2.54,1.54,3.17,1.35,True
1813,La Liga (Spain),2024,2025-04-10 18:00:00,La -Team-08,La -Team-07,FINISHED,2.0,0.0,1.45,0.24,1.67,3.23,6.58,3.38,1.33,3.57,1.3,True
1814,La Liga (Spain),2024,2025-04-10 16:00:00,La -Team-04,La -Team-12,FINISHED,2.0,1.0,0.83,1.08,4.69,3.09,1.9,2.86,1.43,3.37,1.33,True
1815,La Liga (Spain),2024,2025-04-10 13:00:00,La -Team-02,La -Team-01,FINISHED,3.0,2.0,2.16,1.91,1.89,4.34,3.34,1.46,2.77,1.44,2.83,True
1816,La Liga (Spain),2024,2025-04-10 13:00:00,La -Team-14,La -Team-13,FINISHED,1.0,0.0,1.4,0.31,1.69,3.46,5.57,2.71,1.47,2.83,1.44,True
1817,Serie A (Italy),2024,2025-04-10 18:00:00,Ser-Team-07,Ser-Team-13,FINISHED,1.0,1.0,1.1,0.82,2.44,3.09,3.07,2.37,1.6,2.9,1.43,True
1818,Serie A (Italy),2024,2025-04-10 13:00:00,Ser-Team-10,Ser-Team-03,FINISHED,2.0,0.0,1.7,1.14,1.76,4.3,3.88,1.55,2.46,1.53,2.49,True
1819,Serie A (Italy),2024,2025-04-10 21:00:00,Ser-Team-16,Ser-Team-14,FINISHED,2.0,3.0,0.75,1.69,4.64,3.77,1.72,2.05,1.81,2.11,1.73,True
1820,Serie A (Italy),2024,2025-04-10 16:00:00,Ser-Team-15,Ser-Team-02,FINISHED,0.0,5.0,0.94,1.03,3.54,2.96,2.26,2.64,1.5,3.34,1.35,True
1821,Serie A (Italy),2024,2025-04-10 13:00:00,Ser-Team-12,Ser-Team-01,FINISHED,0.0,1.0,1.11,1.13,2.67,3.22,2.63,2.13,1.73,2.51,1.52,True
1822,Serie A (Italy),2024,2025-04-10 13:00:00,Ser-Team-06,Ser-Team-04,FINISHED,0.0,0.0,0.02,0.79,7.89,2.45,1.9,6.17,1.12,7.82,1.08,True
1823,Serie A (Italy),2024,2025-04-10 21:00:00,Ser-Team-05,Ser-Team-11,FINISHED,2.0,0.0,1.19,0.53,1.69,3.36,5.99,2.92,1.42,3.14,1.38,True
1824,Serie A (Italy),2024,2025-04-10 16:00:00,Ser-Team-08,Ser-Team-09,FINISHED,0.0,4.0,1.02,2.25,4.18,4.17,1.7,1.66,2.24,1.65,2.23,True
1825,Bundesliga (Germany),2024,2025-04-10 16:00:00,Bun-Team-09,Bun-Team-05,FINISHED,1.0,2.0,1.47,0.7,1.97,2.91,4.8,3.17,1.35,3.93,1.26,True
1826,Bundesliga (Germany),2024,2025-04-10 18:00:00,Bun-Team-15,Bun-Team-07,FINISHED,1.0,0.0,1.51,0.85,1.72,3.47,5.12,2.54,1.54,2.74,1.46,True
1827,Bundesliga (Germany),2024,2025-04-10 18:00:00,Bun-Team-10,Bun-Team-16,FINISHED,1.0,0.0,1.21,1.13,1.81,3.32,4.82,2.6,1.52,2.89,1.42,True
1828,Bundesliga (Germany),2024,2025-04-10 21:00:00,Bun-Team-11,Bun-Team-01,FINISHED,3.0,1.0,0.87,1.53,3.39,3.69,2.04,1.81,1.99,1.97,1.87,True
1829,Bundesliga (Germany),2024,2025-04-10 16:00:00,Bun-Team-06,Bun-Team-14,FINISHED,1.0,2.0,3.09,1.39,1.39,5.66,5.91,1.41,2.95,1.24,4.03,True
1830,Bundesliga (Germany),2024,2025-04-10 13:00:00,Bun-Team-08,Bun-Team-03,FINISHED,0.0,1.0,0.74,0.66,2.94,2.4,3.24,3.95,1.25,6.15,1.14,True
1831,Bundesliga (Germany),2024,2025-04-10 21:00:00,Bun-Team-04,Bun-Team-02,FINISHED,1.0,0.0,1.15,1.35,2.75,3.41,2.44,1.92,1.87,2.18,1.69,True
1832,Bundesliga (Germany),2024,2025-04-10 18:00:00,Bun-Team-13,Bun-Team-12,FINISHED,1.0,0.0,1.6,1.72,3.42,3.88,1.95,1.67,2.22,1.75,2.11,True
1833,Ligue 1 (France),2024,2025-04-10 18:00:00,Lig-Team-14,Lig-Team-04,FINISHED,1.0,0.0,0.81,0.71,2.77,2.94,2.76,2.61,1.52,3.31,1.33,True
1834,Ligue 1 (France),2024,2025-04-10 16:00:00,Lig-Team-06,Lig-Team-03,FINISHED,2.0,2.0,1.48,1.5,2.27,3.37,3.1,2.01,1.82,2.27,1.62,True
1835,Ligue 1 (France),2024,2025-04-10 13:00:00,Lig-Team-07,Lig-Team-10,FINISHED,1.0,0.0,1.76,0.44,1.33,4.64,10.09,2.76,1.45,2.2,1.69,True
1836,Ligue 1 (France),2024,2025-04-10 16:00:00,Lig-Team-02,Lig-Team-11,FINISHED,0.0,0.0,0.88,0.99,4.19,2.95,2.06,2.87,1.42,3.56,1.3,True
1837,Ligue 1 (France),2024,2025-04-10 21:00:00,Lig-Team-15,Lig-Team-09,FINISHED,1.0,1.0,1.71,0.93,1.92,3.62,3.85,2.01,1.8,2.18,1.68,True
1838,Ligue 1 (France),2024,2025-04-10 18:00:00,Lig-Team-13,Lig-Team-12,FINISHED,1.0,0.0,0.74,0.92,2.96,2.96,2.59,2.51,1.53,3.14,1.36,True
1839,Ligue 1 (France),2024,2025-04-10 18:00:00,Lig-Team-08,Lig-Team-01,FINISHED,0.0,1.0,0.95,0.97,3.23,2.91,2.48,2.72,1.47,3.54,1.3,True
1840,Ligue 1 (France),2024,2025-04-10 18:00:00,Lig-Team-16,Lig-Team-05,FINISHED,3.0,1.0,0.84,0.62,2.44,2.69,3.6,3.19,1.36,4.33,1.23,True
1841,Premier League (England),2024,2025-04-16 21:00:00,Pre-Team-08,Pre-Team-12,FINISHED,0.0,0.0,0.92,1.27,2.91,3.27,2.43,2.11,1.74,2.45,1.57,True
1842,Premier League (England),2024,2025-04-16 16:00:00,Pre-Team-04,Pre-Team-10,FINISHED,2.0,2.0,2.76,0.14,1.19,6.8,13.22,2.14,1.7,1.52,2.54,True
1843,Premier League (England),2024,2025-04-16 21:00:00,Pre-Team-02,Pre-Team-05,FINISHED,0.0,0.0,0.95,0.64,1.87,3.13,4.88,2.86,1.42,3.29,1.34,True
1844,Premier League (England),2024,2025-04-16 16:00:00,Pre-Team-14,Pre-Team-06,FINISHED,0.0,1.0,1.0,0.67,2.49,2.82,3.26,2.78,1.45,3.64,1.29,True
1845,Premier League (England),2024,2025-04-16 18:00:00,Pre-Team-16,Pre-Team-03,FINISHED,0.0,0.0,0.89,0.47,2.06,2.89,4.36,3.05,1.38,3.79,1.27,True
1846,Premier League (England),2024,2025-04-16 18:00:00,Pre-Team-07,Pre-Team-09,FINISHED,1.0,0.0,1.08,1.21,3.07,3.62,2.2,1.8,2.02,1.96,1.84,True
1847,Premier League (England),2024,2025-04-16 21:00:00,Pre-Team-11,Pre-Team-13,FINISHED,0.0,1.0,1.57,0.62,1.77,3.77,4.37,1.99,1.83,2.07,1.76,True
1848,Premier League (England),2024,2025-04-16 18:00:00,Pre-Team-01,Pre-Team-15,FINISHED,0.0,0.0,1.47,0.99,1.87,3.53,4.19,2.13,1.72,2.28,1.63,True
1849,La Liga (Spain),2024,2025-04-16 21:00:00,La -Team-05,La -Team-14,FINISHED,0.0,1.0,1.34,1.06,2.5,3.23,2.9,2.16,1.7,2.54,1.53,True
1850,La Liga (Spain),2024,2025-04-16 21:00:00,La -Team-06,La -Team-07,FINISHED,2.0,0.0,0.86,0.64,1.72,3.45,5.3,2.55,1.52,2.69,1.47,True
1851,La Liga (Spain),2024,2025-04-16 18:00:00,La -Team-16,La -Team-08,FINISHED,0.0,1.0,0.6,1.5,4.68,3.18,1.87,2.66,1.49,3.07,1.37,True
1852,La Liga (Spain),2024,2025-04-16 13:00:00,La -Team-12,La -Team-13,FINISHED,2.0,0.0,1.48,0.37,1.53,3.88,6.58,2.51,1.53,2.4,1.59,True
1853,La Liga (Spain),2024,2025-04-16 18:00:00,La -Team-10,La -Team-03,FINISHED,3.0,2.0,2.1,1.17,1.39,5.47,6.14,1.5,2.6,1.33,3.34,True
1854,La Liga (Spain),2024,2025-04-16 16:00:00,La -Team-01,La -Team-15,FINISHED,2.0,2.0,0.95,1.04,2.51,3.45,2.72,1.91,1.89,2.16,1.7,True
1855,La Liga (Spain),2024,2025-04-16 13:00:00,La -Team-11,La -Team-09,FINISHED,2.0,0.0,2.01,1.16,1.65,4.06,4.78,1.88,1.93,1.86,1.94,True
1856,La Liga (Spain),2024,2025-04-16 13:00:00,La -Team-02,La -Team-04,FINISHED,0.0,1.0,1.2,0.93,2.02,3.45,3.61,2.07,1.76,2.3,1.63,True
1857,Serie A (Italy),2024,2025-04-16 13:00:00,Ser-Team-13,Ser-Team-05,FINISHED,2.0,1.0,1.35,1.13,3.29,2.72,2.59,3.11,1.37,4.24,1.23,True
1858,Serie A (Italy),2024,2025-04-16 18:00:00,Ser-Team-04,Ser-Team-09,FINISHED,2.0,0.0,1.28,0.16,1.95,3.08,4.5,2.75,1.46,3.27,1.35,True
1859,Serie A (Italy),2024,2025-04-16 13:00:00,Ser-Team-10,Ser-Team-03,FINISHED,0.0,3.0,2.28,0.91,1.77,4.3,3.89,1.55,2.47,1.53,2.52,True
1860,Serie A (Italy),2024,2025-04-16 16:00:00,Ser-Team-12,Ser-Team-16,FINISHED,1.0,0.0,2.31,0.71,1.33,5.39,8.01,1.86,1.96,1.55,2.45,True
1861,Serie A (Italy),2024,2025-04-16 13:00:00,Ser-Team-06,Ser-Team-01,FINISHED,0.0,0.0,0.14,0.85,8.37,2.61,1.81,5.65,1.15,6.66,1.1,True
1862,Serie A (Italy),2024,2025-04-16 13:00:00,Ser-Team-15,Ser-Team-14,FINISHED,2.0,0.0,0.58,1.4,3.61,3.0,2.22,2.59,1.52,3.16,1.35,True
1863,Serie A (Italy),2024,2025-04-16 16:00:00,Ser-Team-02,Ser-Team-08,FINISHED,1.0,1.0,2.34,0.92,1.32,5.49,8.29,1.9,1.93,1.55,2.44,True
1864,Serie A (Italy),2024,2025-04-16 21:00:00,Ser-Team-11,Ser-Team-07,FINISHED,0.0,1.0,1.27,1.12,2.92,3.25,2.45,2.15,1.71,2.51,1.52,True
1865,Bundesliga (Germany),2024,2025-04-16 21:00:00,Bun-Team-08,Bun-Team-02,FINISHED,1.0,0.0,0.73,1.34,4.01,2.82,2.21,3.11,1.38,4.05,1.25,True
1866,Bundesliga (Germany),2024,2025-04-16 13:00:00,Bun-Team-12,Bun-Team-13,FINISHED,2.0,4.0,2.36,1.19,1.57,4.41,5.1,1.75,2.11,1.65,2.24,True
1867,Bundesliga (Germany),2024,2025-04-16 16:00:00,Bun-Team-05,Bun-Team-01,FINISHED,2.0,2.0,1.3,0.97,2.52,3.1,2.92,2.33,1.61,2.82,1.45,True
1868,Bundesliga (Germany),2024,2025-04-16 16:00:00,Bun-Team-06,Bun-Team-16,FINISHED,2.0,0.0,2.16,0.44,1.36,4.87,7.93,2.12,1.74,1.81,2.01,True
1869,Bundesliga (Germany),2024,2025-04-16 21:00:00,Bun-Team-14,Bun-Team-03,FINISHED,0.0,2.0,2.03,1.41,1.66,4.09,4.62,1.8,2.03,1.8,2.02,True
1870,Bundesliga (Germany),2024,2025-04-16 18:00:00,Bun-Team-10,Bun-Team-15,FINISHED,2.0,2.0,0.93,0.98,3.78,2.94,2.2,2.8,1.46,3.51,1.31,True
1871,Bundesliga (Germany),2024,2025-04-16 16:00:00,Bun-Team-11,Bun-Team-09,FINISHED,1.0,0.0,0.95,1.75,4.9,3.5,1.76,2.41,1.58,2.59,1.51,True
1872,Bundesliga (Germany),2024,2025-04-16 21:00:00,Bun-Team-04,Bun-Team-07,FINISHED,2.0,2.0,1.48,1.68,2.99,3.5,2.28,1.94,1.88,2.17,1.7,True
1873,Ligue 1 (France),2024,2025-04-16 18:00:00,Lig-Team-01,Lig-Team-03,FINISHED,1.0,1.0,1.19,0.8,2.27,3.03,3.41,2.48,1.54,3.11,1.38,True
1874,Ligue 1 (France),2024,2025-04-16 21:00:00,Lig-Team-04,Lig-Team-08,FINISHED,1.0,0.0,0.73,0.43,2.1,2.47,5.49,4.6,1.21,6.53,1.12,True
1875,Ligue 1 (France),2024,2025-04-16 21:00:00,Lig-Team-13,Lig-Team-02,FINISHED,2.0,1.0,0.86,0.54,2.13,2.7,4.48,3.46,1.31,4.67,1.19,True
1876,Ligue 1 (France),2024,2025-04-16 21:00:00,Lig-Team-05,Lig-Team-11,FINISHED,1.0,1.0,1.23,1.59,3.49,3.21,2.15,2.28,1.64,2.66,1.5,True
1877,Ligue 1 (France),2024,2025-04-16 13:00:00,Lig-Team-10,Lig-Team-07,FINISHED,0.0,5.0,0.79,1.96,6.45,3.76,1.55,2.6,1.51,2.51,1.53,True
1878,Ligue 1 (France),2024,2025-04-16 13:00:00,Lig-Team-16,Lig-Team-14,FINISHED,1.0,2.0,1.08,0.72,2.56,3.01,2.99,2.46,1.55,3.07,1.38,True
1879,Ligue 1 (France),2024,2025-04-16 18:00:00,Lig-Team-09,Lig-Team-06,FINISHED,1.0,0.0,1.77,1.23,1.66,4.17,4.63,1.78,2.04,1.76,2.09,True
1880,Ligue 1 (France),2024,2025-04-16 13:00:00,Lig-Team-15,Lig-Team-12,FINISHED,0.0,1.0,1.57,1.12,1.77,3.76,4.27,1.93,1.87,2.0,1.81,True
1881,Premier League (England),2024,2025-04-17 21:00:00,Pre-Team-10,Pre-Team-12,FINISHED,0.0,1.0,1.66,1.64,2.69,3.89,2.32,1.56,2.41,1.64,2.25,True
1882,Premier League (England),2024,2025-04-17 18:00:00,Pre-Team-08,Pre-Team-02,FINISHED,0.0,2.0,0.19,1.39,6.94,3.34,1.64,3.29,1.34,3.36,1.33,True
1883,Premier League (England),2024,2025-04-17 16:00:00,Pre-Team-03,Pre-Team-09,FINISHED,2.0,1.0,0.88,0.98,2.3,2.96,3.47,2.67,1.47,3.4,1.32,True
1884,Premier League (England),2024,2025-04-17 16:00:00,Pre-Team-07,Pre-Team-13,FINISHED,2.0,3.0,1.51,1.44,3.3,3.88,2.0,1.67,2.24,1.72,2.12,True
1885,Premier League (England),2024,2025-04-17 18:00:00,Pre-Team-06,Pre-Team-11,FINISHED,0.0,1.0,0.91,1.2,3.4,3.73,2.02,1.78,2.03,1.93,1.89,True
1886,Premier League (England),2024,2025-04-17 18:00:00,Pre-Team-04,Pre-Team-14,FINISHED,2.0,0.0,1.64,-0.02,1.58,3.7,6.58,2.69,1.47,2.65,1.47,True
1887,Premier League (England),2024,2025-04-17 16:00:00,Pre-Team-01,Pre-Team-16,FINISHED,0.0,0.0,0.75,0.84,2.72,2.9,2.92,2.72,1.48,3.53,1.31,True
1888,Premier League (England),2024,2025-04-17 16:00:00,Pre-Team-15,Pre-Team-05,FINISHED,0.0,1.0,0.81,0.9,2.92,2.93,2.68,2.63,1.5,3.37,1.33,True
1889,La Liga (Spain),2024,2025-04-17 18:00:00,La -Team-11,La -Team-01,FINISHED,1.0,1.0,1.2,0.85,1.95,3.39,3.93,2.21,1.67,2.49,1.55,True
1890,La Liga (Spain),2024,2025-04-17 13:00:00,La -Team-14,La -Team-08,FINISHED,1.0,2.0,1.06,0.89,2.25,2.87,3.8,2.92,1.41,3.75,1.29,True
1891,La Liga (Spain),2024,2025-04-17 21:00:00,La -Team-16,La -Team-03,FINISHED,2.0,2.0,1.9,1.74,2.23,4.07,2.78,1.51,2.61,1.54,2.49,True
1892,La Liga (Spain),2024,2025-04-17 13:00:00,La -Team-06,La -Team-15,FINISHED,0.0,1.0,1.3,0.91,2.24,3.29,3.28,2.2,1.68,2.58,1.51,True
1893,La Liga (Spain),2024,2025-04-17 13:00:00,La -Team-04,La -Team-12,FINISHED,0.0,4.0,0.8,1.16,4.71,3.1,1.91,2.84,1.43,3.37,1.33,True
1894,La Liga (Spain),2024,2025-04-17 18:00:00,La -Team-07,La -Team-10,FINISHED,0.0,3.0,0.82,1.29,3.98,3.33,1.97,2.3,1.63,2.58,1.49,True
1895,La Liga (Spain),2024,2025-04-17 18:00:00,La -Team-02,La -Team-05,FINISHED,1.0,1.0,1.51,1.91,3.02,3.99,2.1,1.55,2.48,1.59,2.38,True
1896,La Liga (Spain),2024,2025-04-17 21:00:00,La -Team-13,La -Team-09,FINISHED,1.0,2.0,1.57,1.6,1.91,3.97,3.56,1.67,2.19,1.75,2.11,True
1897,Serie A (Italy),2024,2025-04-17 18:00:00,Ser-Team-06,Ser-Team-12,FINISHED,1.0,2.0,0.24,1.05,6.83,2.69,1.85,4.73,1.2,5.66,1.14,True
1898,Serie A (Italy),2024,2025-04-17 16:00:00,Ser-Team-13,Ser-Team-08,FINISHED,3.0,1.0,2.06,0.8,1.47,4.68,6.04,1.82,2.0,1.67,2.22,True
1899,Serie A (Italy),2024,2025-04-17 16:00:00,Ser-Team-05,Ser-Team-03,FINISHED,0.0,1.0,1.43,1.05,1.8,3.49,4.54,2.32,1.61,2.52,1.53,True
1900,Serie A (Italy),2024,2025-04-17 13:00:00,Ser-Team-09,Ser-Team-07,FINISHED,1.0,1.0,0.83,0.87,2.2,3.26,3.35,2.21,1.67,2.58,1.51,True
1901,Serie A (Italy),2024,2025-04-17 21:00:00,Ser-Team-01,Ser-Team-10,FINISHED,1.0,1.0,1.88,1.2,1.81,3.83,4.06,1.84,1.97,1.88,1.9,True
1902,Serie A (Italy),2024,2025-04-17 21:00:00,Ser-Team-11,Ser-Team-04,FINISHED,3.0,2.0,0.71,1.08,4.6,3.17,1.9,2.68,1.5,3.1,1.38,True
1903,Serie A (Italy),2024,2025-04-17 13:00:00,Ser-Team-02,Ser-Team-16,FINISHED,0.0,0.0,1.99,0.91,1.47,4.35,6.83,2.21,1.67,2.01,1.81,True
1904,Serie A (Italy),2024,2025-04-17 16:00:00,Ser-Team-15,Ser-Team-14,FINISHED,0.0,0.0,0.77,1.18,3.64,3.02,2.2,2.57,1.51,3.16,1.36,True
1905,Bundesliga (Germany),2024,2025-04-17 21:00:00,Bun-Team-11,Bun-Team-16,FINISHED,2.0,1.0,1.5,0.75,2.14,3.51,3.29,1.95,1.87,2.15,1.71,True
1906,Bundesliga (Germany),2024,2025-04-17 21:00:00,Bun-Team-09,Bun-Team-04,FINISHED,1.0,0.0,1.66,0.5,1.55,3.68,6.92,2.81,1.45,2.74,1.46,True
1907,Bundesliga (Germany),2024,2025-04-17 16:00:00,Bun-Team-01,Bun-Team-10,FINISHED,2.0,1.0,1.09,1.01,2.19,3.21,3.47,2.28,1.63,2.71,1.46,True
1908,Bundesliga (Germany),2024,2025-04-17 16:00:00,Bun-Team-15,Bun-Team-08,FINISHED,1.0,0.0,1.43,0.36,1.47,3.46,10.63,4.45,1.2,3.82,1.27,True
1909,Bundesliga (Germany),2024,2025-04-17 21:00:00,Bun-Team-02,Bun-Team-06,FINISHED,2.0,1.0,0.76,1.45,3.35,3.75,2.01,1.77,2.08,1.86,1.93,True
1910,Bundesliga (Germany),2024,2025-04-17 16:00:00,Bun-Team-12,Bun-Team-03,FINISHED,0.0,0.0,1.82,0.7,1.42,4.2,8.47,2.76,1.44,2.43,1.58,True
1911,Bundesliga (Germany),2024,2025-04-17 21:00:00,Bun-Team-07,Bun-Team-13,FINISHED,1.0,3.0,1.77,1.3,1.99,3.89,3.36,1.66,2.22,1.74,2.11,True
1912,Bundesliga (Germany),2024,2025-04-17 21:00:00,Bun-Team-05,Bun-Team-14,FINISHED,1.0,3.0,1.61,1.61,1.89,4.08,3.53,1.62,2.31,1.65,2.26,True
1913,Ligue 1 (France),2024,2025-04-17 21:00:00,Lig-Team-08,Lig-Team-13,FINISHED,0.0,0.0,0.67,0.99,3.37,2.56,2.71,3.51,1.31,5.21,1.17,True
1914,Ligue 1 (France),2024,2025-04-17 18:00:00,Lig-Team-06,Lig-Team-01,FINISHED,1.0,0.0,1.65,1.72,2.26,4.03,2.72,1.52,2.54,1.58,2.43,True
1915,Ligue 1 (France),2024,2025-04-17 18:00:00,Lig-Team-03,Lig-Team-14,FINISHED,1.0,1.0,0.95,1.17,2.5,3.09,2.97,2.33,1.59,2.87,1.43,True
1916,Ligue 1 (France),2024,2025-04-17 16:00:00,Lig-Team-16,Lig-Team-05,FINISHED,0.0,0.0,0.85,0.31,2.43,2.69,3.64,3.19,1.36,4.4,1.22,True
1917,Ligue 1 (France),2024,2025-04-17 18:00:00,Lig-Team-02,Lig-Team-11,FINISHED,3.0,0.0,0.36,0.83,4.18,2.97,2.07,2.88,1.44,3.57,1.3,True
1918,Ligue 1 (France),2024,2025-04-17 18:00:00,Lig-Team-04,Lig-Team-15,FINISHED,0.0,1.0,0.64,0.79,3.35,3.0,2.31,2.59,1.5,3.26,1.34,True
1919,Ligue 1 (France),2024,2025-04-17 13:00:00,Lig-Team-12,Lig-Team-10,FINISHED,3.0,1.0,1.88,0.79,1.4,4.5,8.1,2.39,1.59,2.05,1.79,True
1920,Ligue 1 (France),2024,2025-04-17 18:00:00,Lig-Team-09,Lig-Team-07,FINISHED,2.0,2.0,0.86,0.99,2.61,2.93,2.97,2.63,1.48,3.39,1.33,True
1921,Premier League (England),2024,2025-04-23 13:00:00,Pre-Team-05,Pre-Team-04,FINISHED,3.0,4.0,1.26,1.04,3.52,3.22,2.14,2.28,1.64,2.69,1.47,True
1922,Premier League (England),2024,2025-04-23 13:00:00,Pre-Team-09,Pre-Team-11,FINISHED,2.0,0.0,1.0,1.1,3.4,3.29,2.16,2.16,1.69,2.5,1.54,True
1923,Premier League (England),2024,2025-04-23 16:00:00,Pre-Team-15,Pre-Team-02,FINISHED,2.0,2.0,1.08,1.29,4.3,3.2,1.94,2.56,1.51,2.96,1.41,True
1924,Premier League (England),2024,2025-04-23 16:00:00,Pre-Team-07,Pre-Team-01,FINISHED,2.0,3.0,1.67,2.16,4.13,4.58,1.67,1.47,2.68,1.41,2.93,True
1925,Premier League (England),2024,2025-04-23 18:00:00,Pre-Team-12,Pre-Team-03,FINISHED,1.0,0.0,1.27,1.46,2.81,3.72,2.32,1.7,2.16,1.83,1.97,True
1926,Premier League (England),2024,2025-04-23 13:00:00,Pre-Team-14,Pre-Team-08,FINISHED,0.0,1.0,1.3,0.57,2.04,2.7,4.97,3.7,1.28,4.9,1.17,True
1927,Premier League (England),2024,2025-04-23 18:00:00,Pre-Team-13,Pre-Team-10,FINISHED,2.0,0.0,1.55,0.76,1.63,3.79,5.39,2.27,1.66,2.27,1.65,True
1928,Premier League (England),2024,2025-04-23 13:00:00,Pre-Team-16,Pre-Team-06,FINISHED,1.0,1.0,1.43,0.29,1.93,2.97,4.89,3.07,1.36,3.71,1.29,True
1929,La Liga (Spain),2024,2025-04-23 13:00:00,La -Team-02,La -Team-13,FINISHED,0.0,2.0,1.47,0.86,1.99,3.76,3.38,1.78,2.05,1.87,1.93,True
1930,La Liga (Spain),2024,2025-04-23 21:00:00,La -Team-12,La -Team-14,FINISHED,1.0,3.0,1.19,0.69,2.16,3.18,3.53,2.32,1.61,2.76,1.47,True
1931,La Liga (Spain),2024,2025-04-23 13:00:00,La -Team-03,La -Team-07,FINISHED,2.0,1.0,1.58,1.35,2.11,3.75,3.07,1.7,2.15,1.81,1.99,True
1932,La Liga (Spain),2024,2025-04-23 18:00:00,La -Team-05,La -Team-16,FINISHED,5.0,2.0,2.57,0.66,1.37,4.82,8.05,2.2,1.69,1.86,1.95,True
1933,La Liga (Spain),2024,2025-04-23 16:00:00,La -Team-11,La -Team-09,FINISHED,2.0,2.0,1.64,1.18,1.66,4.08,4.77,1.87,1.94,1.84,1.96,True
1934,La Liga (Spain),2024,2025-04-23 13:00:00,La -Team-04,La -Team-06,FINISHED,0.0,0.0,1.03,0.85,2.93,2.86,2.7,2.72,1.48,3.52,1.3,True
1935,La Liga (Spain),2024,2025-04-23 18:00:00,La -Team-01,La -Team-15,FINISHED,2.0,0.0,1.22,0.81,2.49,3.42,2.68,1.9,1.91,2.16,1.72,True
1936,La Liga (Spain),2024,2025-04-23 16:00:00,La -Team-08,La -Team-10,FINISHED,0.0,0.0,1.07,0.71,2.17,3.15,3.56,2.39,1.59,2.87,1.42,True
1937,Serie A (Italy),2024,2025-04-23 16:00:00,Ser-Team-16,Ser-Team-13,FINISHED,0.0,1.0,0.74,1.35,3.59,3.45,2.03,2.09,1.76,2.31,1.63,True
1938,Serie A (Italy),2024,2025-04-23 21:00:00,Ser-Team-04,Ser-Team-03,FINISHED,3.0,0.0,1.6,0.77,1.69,3.72,4.97,2.22,1.68,2.27,1.63,True
1939,Serie A (Italy),2024,2025-04-23 13:00:00,Ser-Team-14,Ser-Team-12,FINISHED,0.0,0.0,1.02,1.02,2.41,3.18,2.97,2.21,1.66,2.67,1.48,True
1940,Serie A (Italy),2024,2025-04-23 18:00:00,Ser-Team-10,Ser-Team-06,FINISHED,1.0,0.0,1.23,0.45,1.55,3.41,8.82,3.88,1.26,3.69,1.28,True
1941,Serie A (Italy),2024,2025-04-23 21:00:00,Ser-Team-05,Ser-Team-07,FINISHED,0.0,1.0,1.11,0.48,1.9,3.25,4.4,2.53,1.52,2.88,1.43,True
1942,Serie A (Italy),2024,2025-04-23 13:00:00,Ser-Team-02,Ser-Team-15,FINISHED,2.0,2.0,1.28,0.73,1.82,3.23,4.98,2.73,1.44,3.09,1.37,True
1943,Serie A (Italy),2024,2025-04-23 16:00:00,Ser-Team-11,Ser-Team-08,FINISHED,0.0,1.0,1.69,1.6,1.74,4.24,4.06,1.64,2.3,1.61,2.36,True
1944,Serie A (Italy),2024,2025-04-23 16:00:00,Ser-Team-01,Ser-Team-09,FINISHED,0.0,2.0,1.41,0.62,1.85,3.29,4.76,2.58,1.51,2.86,1.43,True
1945,Bundesliga (Germany),2024,2025-04-23 18:00:00,Bun-Team-08,Bun-Team-03,FINISHED,1.0,2.0,0.4,0.96,2.97,2.39,3.24,3.95,1.25,6.18,1.12,True
1946,Bundesliga (Germany),2024,2025-04-23 18:00:00,Bun-Team-10,Bun-Team-14,FINISHED,1.0,0.0,1.87,1.05,1.91,4.01,3.43,1.62,2.33,1.64,2.28,True
1947,Bundesliga (Germany),2024,2025-04-23 16:00:00,Bun-Team-02,Bun-Team-07,FINISHED,1.0,0.0,1.11,1.04,2.46,3.37,2.79,1.99,1.82,2.27,1.63,True
1948,Bundesliga (Germany),2024,2025-04-23 18:00:00,Bun-Team-11,Bun-Team-06,FINISHED,1.0,0.0,1.01,1.77,4.65,4.54,1.6,1.6,2.35,1.53,2.53,True
1949,Bundesliga (Germany),2024,2025-04-23 13:00:00,Bun-Team-05,Bun-Team-16,FINISHED,1.0,1.0,1.22,0.45,1.79,3.3,5.0,2.6,1.5,2.85,1.43,True
1950,Bundesliga (Germany),2024,2025-04-23 18:00:00,Bun-Team-04,Bun-Team-13,FINISHED,1.0,1.0,1.46,1.56,2.61,3.8,2.38,1.63,2.31,1.72,2.16,True
1951,Bundesliga (Germany),2024,2025-04-23 21:00:00,Bun-Team-01,Bun-Team-12,FINISHED,2.0,1.0,1.38,1.61,2.86,3.32,2.43,2.04,1.76,2.38,1.6,True
1952,Bundesliga (Germany),2024,2025-04-23 13:00:00,Bun-Team-09,Bun-Team-15,FINISHED,2.0,0.0,0.69,0.77,2.79,2.56,3.21,3.42,1.33,5.02,1.17,True
1953,Ligue 1 (France),2024,2025-04-23 16:00:00,Lig-Team-10,Lig-Team-01,FINISHED,1.0,3.0,1.32,1.68,4.03,3.67,1.87,1.99,1.83,2.11,1.73,True
1954,Ligue 1 (France),2024,2025-04-23 21:00:00,Lig-Team-15,Lig-Team-16,FINISHED,3.0,1.0,1.45,0.74,1.6,3.63,6.14,2.62,1.5,2.64,1.49,True
1955,Ligue 1 (France),2024,2025-04-23 18:00:00,Lig-Team-08,Lig-Team-13,FINISHED,0.0,1.0,0.78,0.37,3.34,2.54,2.7,3.52,1.32,5.17,1.18,True
1956,Ligue 1 (France),2024,2025-04-23 18:00:00,Lig-Team-05,Lig-Team-12,FINISHED,0.0,4.0,0.82,1.08,3.37,3.14,2.25,2.36,1.6,2.85,1.44,True
1957,Ligue 1 (France),2024,2025-04-23 21:00:00,Lig-Team-02,Lig-Team-14,FINISHED,1.0,1.0,0.86,0.94,3.11,3.01,2.43,2.48,1.54,3.09,1.38,True
1958,Ligue 1 (France),2024,2025-04-23 16:00:00,Lig-Team-11,Lig-Team-07,FINISHED,0.0,0.0,0.96,1.27,2.65,3.05,2.81,2.37,1.59,2.93,1.41,True
1959,Ligue 1 (France),2024,2025-04-23 16:00:00,Lig-Team-06,Lig-Team-03,FINISHED,2.0,0.0,1.08,1.15,2.26,3.37,3.11,2.0,1.8,2.3,1.64,True
1960,Ligue 1 (France),2024,2025-04-23 16:00:00,Lig-Team-04,Lig-Team-09,FINISHED,0.0,0.0,1.11,0.52,2.95,2.6,2.97,3.3,1.34,4.71,1.19,True
1961,Premier League (England),2024,2025-04-24 16:00:00,Pre-Team-11,Pre-Team-04,FINISHED,1.0,1.0,1.22,2.0,2.67,3.76,2.38,1.64,2.25,1.75,2.08,True
1962,Premier League (England),2024,2025-04-24 18:00:00,Pre-Team-01,Pre-Team-08,FINISHED,0.0,0.0,1.66,0.57,1.53,3.78,6.86,2.69,1.48,2.6,1.51,True
1963,Premier League (England),2024,2025-04-24 16:00:00,Pre-Team-02,Pre-Team-13,FINISHED,1.0,2.0,1.8,0.66,1.73,3.33,5.54,2.74,1.46,2.99,1.39,True
1964,Premier League (England),2024,2025-04-24 13:00:00,Pre-Team-06,Pre-Team-10,FINISHED,4.0,0.0,1.74,1.13,1.71,3.86,4.72,2.04,1.81,2.09,1.77,True
1965,Premier League (England),2024,2025-04-24 18:00:00,Pre-Team-16,Pre-Team-15,FINISHED,0.0,1.0,1.09,0.73,1.96,2.89,4.89,3.24,1.34,4.02,1.24,True
1966,Premier League (England),2024,2025-04-24 21:00:00,Pre-Team-09,Pre-Team-12,FINISHED,3.0,0.0,1.4,1.22,1.99,3.46,3.69,2.08,1.76,2.31,1.61,True
1967,Premier League (England),2024,2025-04-24 21:00:00,Pre-Team-05,Pre-Team-03,FINISHED,0.0,3.0,1.11,1.03,2.21,3.04,3.52,2.5,1.53,3.07,1.38,True
1968,Premier League (England),2024,2025-04-24 18:00:00,Pre-Team-14,Pre-Team-07,FINISHED,3.0,0.0,1.63,0.87,1.77,3.81,4.22,1.9,1.91,1.97,1.85,True
1969,La Liga (Spain),2024,2025-04-24 16:00:00,La -Team-06,La -Team-13,FINISHED,0.0,1.0,1.46,0.84,2.05,3.22,3.74,2.33,1.62,2.67,1.47,True
1970,La Liga (Spain),2024,2025-04-24 16:00:00,La -Team-09,La -Team-10,FINISHED,2.0,3.0,1.38,1.94,3.28,4.28,1.93,1.45,2.75,1.46,2.75,True
1971,La Liga (Spain),2024,2025-04-24 13:00:00,La -Team-01,La -Team-07,FINISHED,2.0,3.0,1.38,0.6,1.83,3.53,4.24,2.15,1.7,2.33,1.6,True
1972,La Liga (Spain),2024,2025-04-24 18:00:00,La -Team-08,La -Team-02,FINISHED,4.0,1.0,1.3,0.78,1.85,3.67,3.93,1.97,1.85,2.12,1.75,True
1973,La Liga (Spain),2024,2025-04-24 13:00:00,La -Team-04,La -Team-03,FINISHED,1.0,1.0,1.44,0.79,1.86,3.75,3.91,1.91,1.91,2.01,1.8,True
1974,La Liga (Spain),2024,2025-04-24 21:00:00,La -Team-05,La -Team-16,FINISHED,2.0,0.0,1.94,0.57,1.37,4.82,8.08,2.21,1.67,1.85,1.94,True
1975,La Liga (Spain),2024,2025-04-24 16:00:00,La -Team-11,La -Team-14,FINISHED,0.0,1.0,0.63,1.16,3.21,2.82,2.55,2.83,1.44,3.76,1.27,True
1976,La Liga (Spain),2024,2025-04-24 21:00:00,La -Team-12,La -Team-15,FINISHED,3.0,0.0,1.43,0.86,1.61,3.76,5.67,2.35,1.62,2.36,1.6,True
1977,Serie A (Italy),2024,2025-04-24 16:00:00,Ser-Team-05,Ser-Team-09,FINISHED,2.0,0.0,1.03,0.73,2.09,2.92,4.16,2.93,1.42,3.65,1.29,True
1978,Serie A (Italy),2024,2025-04-24 16:00:00,Ser-Team-13,Ser-Team-06,FINISHED,1.0,0.0,1.13,0.46,1.97,2.38,7.58,6.25,1.11,8.42,1.08,True
1979,Serie A (Italy),2024,2025-04-24 16:00:00,Ser-Team-11,Ser-Team-01,FINISHED,0.0,0.0,0.68,1.19,4.86,3.39,1.8,2.5,1.54,2.72,1.46,True
1980,Serie A (Italy),2024,2025-04-24 13:00:00,Ser-Team-02,Ser-Team-04,FINISHED,2.0,0.0,0.9,0.77,2.9,2.8,2.79,2.86,1.44,3.83,1.26,True
1981,Serie A (Italy),2024,2025-04-24 16:00:00,Ser-Team-10,Ser-Team-15,FINISHED,1.0,0.0,1.92,1.16,1.66,4.11,4.77,1.86,1.93,1.84,1.97,True
1982,Serie A (Italy),2024,2025-04-24 21:00:00,Ser-Team-16,Ser-Team-08,FINISHED,2.0,2.0,2.36,1.62,1.89,4.57,3.24,1.35,3.28,1.32,3.46,True
1983,Serie A (Italy),2024,2025-04-24 21:00:00,Ser-Team-07,Ser-Team-14,FINISHED,0.0,0.0,1.14,1.09,2.94,3.14,2.47,2.26,1.64,2.74,1.45,True
1984,Serie A (Italy),2024,2025-04-24 18:00:00,Ser-Team-03,Ser-Team-12,FINISHED,0.0,4.0,1.1,1.19,3.01,3.67,2.19,1.75,2.07,1.91,1.9,True
1985,Bundesliga (Germany),2024,2025-04-24 21:00:00,Bun-Team-02,Bun-Team-09,FINISHED,0.0,2.0,0.71,0.94,3.77,2.92,2.19,2.74,1.45,3.47,1.31,True
1986,Bundesliga (Germany),2024,2025-04-24 21:00:00,Bun-Team-03,Bun-Team-11,FINISHED,1.0,0.0,1.29,1.35,2.69,3.27,2.64,2.16,1.72,2.52,1.54,True
1987,Bundesliga (Germany),2024,2025-04-24 13:00:00,Bun-Team-08,Bun-Team-05,FINISHED,0.0,0.0,0.5,0.99,4.48,2.69,2.16,3.55,1.31,4.75,1.19,True
1988,Bundesliga (Germany),2024,2025-04-24 16:00:00,Bun-Team-14,Bun-Team-06,FINISHED,2.0,3.0,1.55,2.68,3.63,4.69,1.75,1.35,3.23,1.29,3.61,True
1989,Bundesliga (Germany),2024,2025-04-24 21:00:00,Bun-Team-12,Bun-Team-10,FINISHED,1.0,0.0,1.63,0.59,1.82,3.48,4.49,2.27,1.64,2.46,1.55,True
1990,Bundesliga (Germany),2024,2025-04-24 13:00:00,Bun-Team-01,Bun-Team-13,FINISHED,1.0,1.0,1.43,1.11,1.88,3.88,3.7,1.74,2.11,1.8,2.02,True
1991,Bundesliga (Germany),2024,2025-04-24 21:00:00,Bun-Team-07,Bun-Team-04,FINISHED,1.0,0.0,1.21,0.46,1.78,3.76,4.31,1.96,1.83,2.06,1.77,True
1992,Bundesliga (Germany),2024,2025-04-24 13:00:00,Bun-Team-16,Bun-Team-15,FINISHED,1.0,0.0,0.46,1.41,5.78,3.31,1.71,2.89,1.42,3.17,1.35,True
1993,Ligue 1 (France),2024,2025-04-24 13:00:00,Lig-Team-06,Lig-Team-10,FINISHED,4.0,0.0,2.08,1.16,1.47,4.83,5.7,1.7,2.15,1.57,2.46,True
1994,Ligue 1 (France),2024,2025-04-24 13:00:00,Lig-Team-04,Lig-Team-02,FINISHED,0.0,2.0,0.84,0.08,2.1,2.52,5.49,4.46,1.22,6.18,1.13,True
1995,Ligue 1 (France),2024,2025-04-24 16:00:00,Lig-Team-01,Lig-Team-11,FINISHED,0.0,0.0,1.23,1.28,2.87,3.48,2.36,1.92,1.88,2.15,1.7,True
1996,Ligue 1 (France),2024,2025-04-24 16:00:00,Lig-Team-09,Lig-Team-13,FINISHED,3.0,0.0,1.38,0.89,1.94,3.11,4.43,2.71,1.46,3.21,1.35,True
1997,Ligue 1 (France),2024,2025-04-24 21:00:00,Lig-Team-03,Lig-Team-14,FINISHED,3.0,0.0,0.79,0.61,2.48,3.09,2.97,2.35,1.59,2.88,1.44,True
1998,Ligue 1 (France),2024,2025-04-24 21:00:00,Lig-Team-12,Lig-Team-15,FINISHED,1.0,0.0,1.28,1.04,3.01,3.53,2.27,1.89,1.92,2.1,1.76,True
1999,Ligue 1 (France),2024,2025-04-24 18:00:00,Lig-Team-16,Lig-Team-08,FINISHED,2.0,1.0,0.94,0.45,2.4,2.43,4.33,4.31,1.23,6.45,1.12,True
2000,Ligue 1 (France),2024,2025-04-24 21:00:00,Lig-Team-05,Lig-Team-07,FINISHED,0.0,1.0,0.74,0.94,4.05,3.04,2.08,2.68,1.46,3.27,1.34,True
2001,Premier League (England),2024,2025-04-30 21:00:00,Pre-Team-13,Pre-Team-07,FINISHED,3.0,0.0,2.18,1.16,1.59,4.43,4.95,1.72,2.14,1.64,2.28,True
2002,Premier League (England),2024,2025-04-30 18:00:00,Pre-Team-11,Pre-Team-16,FINISHED,2.0,2.0,1.01,1.16,2.33,3.1,3.25,2.38,1.59,2.9,1.42,True
2003,Premier League (England),2024,2025-04-30 13:00:00,Pre-Team-09,Pre-Team-06,FINISHED,0.0,0.0,0.74,0.81,2.4,2.94,3.29,2.68,1.49,3.45,1.31,True
2004,Premier League (England),2024,2025-04-30 21:00:00,Pre-Team-15,Pre-Team-05,FINISHED,0.0,1.0,0.64,0.71,2.93,2.92,2.67,2.62,1.5,3.41,1.33,True
2005,Premier League (England),2024,2025-04-30 16:00:00,Pre-Team-02,Pre-Team-14,FINISHED,1.0,1.0,1.32,0.34,1.71,3.22,6.3,3.28,1.34,3.58,1.3,True
2006,Premier League (England),2024,2025-04-30 21:00:00,Pre-Team-04,Pre-Team-12,FINISHED,2.0,1.0,2.59,0.94,1.26,6.16,9.36,1.79,2.03,1.42,2.88,True
2007,Premier League (England),2024,2025-04-30 21:00:00,Pre-Team-10,Pre-Team-08,FINISHED,0.0,1.0,0.88,0.54,2.37,3.06,3.23,2.45,1.56,3.08,1.38,True
2008,Premier League (England),2024,2025-04-30 13:00:00,Pre-Team-03,Pre-Team-01,FINISHED,3.0,2.0,0.94,1.28,2.67,3.39,2.57,1.97,1.83,2.27,1.64,True
2009,La Liga (Spain),2024,2025-04-30 21:00:00,La -Team-05,La -Team-08,FINISHED,2.0,0.0,1.14,0.75,2.26,3.04,3.46,2.45,1.56,3.01,1.39,True
2010,La Liga (Spain),2024,2025-04-30 18:00:00,La -Team-02,La -Team-04,FINISHED,1.0,2.0,0.97,0.69,2.03,3.46,3.61,2.07,1.77,2.3,1.62,True
2011,La Liga (Spain),2024,2025-04-30 16:00:00,La -Team-01,La -Team-14,FINISHED,0.0,2.0,0.85,1.56,3.83,3.57,1.94,1.99,1.82,2.17,1.69,True
2012,La Liga (Spain),2024,2025-04-30 13:00:00,La -Team-07,La -Team-09,FINISHED,2.0,1.0,1.75,1.36,2.52,3.61,2.61,1.75,2.07,1.91,1.9,True
2013,La Liga (Spain),2024,2025-04-30 16:00:00,La -Team-13,La -Team-12,FINISHED,0.0,1.0,0.45,1.51,4.47,3.34,1.85,2.37,1.58,2.64,1.49,True
2014,La Liga (Spain),2024,2025-04-30 16:00:00,La -Team-03,La -Team-11,FINISHED,0.0,1.0,1.25,1.6,3.68,3.81,1.91,1.78,2.05,1.85,1.96,True
2015,La Liga (Spain),2024,2025-04-30 13:00:00,La -Team-10,La -Team-16,FINISHED,2.0,0.0,1.84,0.69,1.53,4.28,6.01,2.07,1.8,1.95,1.87,True
2016,La Liga (Spain),2024,2025-04-30 18:00:00,La -Team-15,La -Team-06,FINISHED,0.0,2.0,1.07,0.56,2.44,3.21,2.94,2.19,1.68,2.6,1.51,True
2017,Serie A (Italy),2024,2025-04-30 13:00:00,Ser-Team-11,Ser-Team-03,FINISHED,0.0,1.0,0.88,1.21,2.78,3.39,2.44,1.97,1.85,2.22,1.66,True
2018,Serie A (Italy),2024,2025-04-30 13:00:00,Ser-Team-07,Ser-Team-06,FINISHED,0.0,1.0,0.96,0.17,1.83,2.69,7.07,4.8,1.19,5.84,1.14,True
2019,Serie A (Italy),2024,2025-04-30 16:00:00,Ser-Team-12,Ser-Team-05,FINISHED,0.0,1.0,1.11,0.74,2.48,3.05,3.08,2.43,1.55,3.0,1.39,True
2020,Serie A (Italy),2024,2025-04-30 18:00:00,Ser-Team-02,Ser-Team-04,FINISHED,2.0,3.0,1.14,1.28,2.89,2.78,2.82,2.87,1.43,3.87,1.26,True
2021,Serie A (Italy),2024,2025-04-30 16:00:00,Ser-Team-13,Ser-Team-10,FINISHED,1.0,2.0,1.15,1.56,2.64,3.47,2.57,1.93,1.86,2.19,1.67,True
2022,Serie A (Italy),2024,2025-04-30 13:00:00,Ser-Team-16,Ser-Team-09,FINISHED,2.0,1.0,1.21,1.55,3.74,3.61,1.95,1.96,1.86,2.12,1.74,True
2023,Serie A (Italy),2024,2025-04-30 16:00:00,Ser-Team-14,Ser-Team-15,FINISHED,3.0,3.0,0.94,0.76,1.8,3.31,5.08,2.64,1.49,2.92,1.4,True
2024,Serie A (Italy),2024,2025-04-30 16:00:00,Ser-Team-08,Ser-Team-01,FINISHED,0.0,1.0,1.08,2.3,7.43,5.42,1.36,1.75,2.09,1.47,2.65,True
2025,Bundesliga (Germany),2024,2025-04-30 18:00:00,Bun-Team-16,Bun-Team-12,FINISHED,0.0,1.0,0.95,1.67,4.98,3.61,1.72,2.31,1.63,2.4,1.57,True
2026,Bundesliga (Germany),2024,2025-04-30 16:00:00,Bun-Team-09,Bun-Team-04,FINISHED,1.0,0.0,1.93,0.59,1.56,3.68,6.88,2.81,1.44,2.72,1.46,True
2027,Bundesliga (Germany),2024,2025-04-30 21:00:00,Bun-Team-08,Bun-Team-07,FINISHED,0.0,1.0,0.74,1.08,4.4,2.88,2.07,3.08,1.38,3.92,1.27,True
2028,Bundesliga (Germany),2024,2025-04-30 18:00:00,Bun-Team-15,Bun-Team-14,FINISHED,1.0,0.0,2.35,0.92,1.43,4.84,6.55,1.86,1.97,1.68,2.24,True
2029,Bundesliga (Germany),2024,2025-04-30 13:00:00,Bun-Team-05,Bun-Team-10,FINISHED,2.0,0.0,1.35,0.6,2.35,3.05,3.25,2.5,1.52,3.12,1.37,True
2030,Bundesliga (Germany),2024,2025-04-30 13:00:00,Bun-Team-13,Bun-Team-03,FINISHED,0.0,1.0,1.64,0.74,1.7,3.75,4.82,2.11,1.74,2.17,1.71,True
2031,Bundesliga (Germany),2024,2025-04-30 18:00:00,Bun-Team-01,Bun-Team-06,FINISHED,1.0,2.0,0.74,1.31,2.86,3.62,2.33,1.8,2.03,1.97,1.86,True
2032,Bundesliga (Germany),2024,2025-04-30 18:00:00,Bun-Team-11,Bun-Team-02,FINISHED,0.0,1.0,1.18,1.43,2.8,3.65,2.33,1.76,2.1,1.9,1.91,True
2033,Ligue 1 (France),2024,2025-04-30 16:00:00,Lig-Team-06,Lig-Team-16,FINISHED,2.0,1.0,1.36,1.0,2.27,3.31,3.14,2.1,1.73,2.42,1.57,True
2034,Ligue 1 (France),2024,2025-04-30 16:00:00,Lig-Team-04,Lig-Team-11,FINISHED,0.0,1.0,1.03,0.65,2.76,2.72,3.01,2.95,1.42,4.03,1.24,True
2035,Ligue 1 (France),2024,2025-04-30 13:00:00,Lig-Team-03,Lig-Team-01,FINISHED,0.0,1.0,1.04,1.08,2.58,3.0,2.96,2.51,1.53,3.15,1.38,True
2036,Ligue 1 (France),2024,2025-04-30 13:00:00,Lig-Team-10,Lig-Team-08,FINISHED,2.0,1.0,1.24,0.68,3.11,2.75,2.64,2.93,1.42,4.0,1.25,True
2037,Ligue 1 (France),2024,2025-04-30 13:00:00,Lig-Team-05,Lig-Team-13,FINISHED,1.0,1.0,0.83,0.87,2.77,2.89,2.83,2.67,1.48,3.48,1.31,True
2038,Ligue 1 (France),2024,2025-04-30 21:00:00,Lig-Team-09,Lig-Team-14,FINISHED,0.0,0.0,1.61,0.78,1.79,3.68,4.36,2.07,1.78,2.13,1.71,True
2039,Ligue 1 (France),2024,2025-04-30 18:00:00,Lig-Team-02,Lig-Team-07,FINISHED,1.0,2.0,0.26,1.33,4.86,2.81,1.98,3.46,1.31,4.46,1.22,True
2040,Ligue 1 (France),2024,2025-04-30 21:00:00,Lig-Team-15,Lig-Team-12,FINISHED,0.0,0.0,1.49,0.94,1.79,3.8,4.27,1.93,1.89,2.0,1.8,True
2041,Premier League (England),2024,2025-05-01 16:00:00,Pre-Team-01,Pre-Team-07,FINISHED,4.0,0.0,3.04,0.99,1.35,5.63,6.71,1.54,2.49,1.34,3.3,True
2042,Premier League (England),2024,2025-05-01 13:00:00,Pre-Team-12,Pre-Team-16,FINISHED,0.0,3.0,0.73,1.12,3.98,3.29,1.95,2.29,1.61,2.61,1.51,True
2043,Premier League (England),2024,2025-05-01 13:00:00,Pre-Team-15,Pre-Team-02,FINISHED,2.0,0.0,0.42,0.89,4.3,3.2,1.94,2.53,1.51,2.95,1.4,True
2044,Premier League (England),2024,2025-05-01 13:00:00,Pre-Team-04,Pre-Team-14,FINISHED,0.0,0.0,1.72,0.52,1.55,3.69,6.54,2.69,1.46,2.64,1.49,True
2045,Premier League (England),2024,2025-05-01 21:00:00,Pre-Team-08,Pre-Team-03,FINISHED,2.0,0.0,0.79,1.37,3.92,2.98,2.16,2.78,1.46,3.45,1.32,True
2046,Premier League (England),2024,2025-05-01 13:00:00,Pre-Team-06,Pre-Team-13,FINISHED,1.0,4.0,0.86,0.97,2.64,3.07,2.82,2.38,1.58,2.9,1.42,True
2047,Premier League (England),2024,2025-05-01 16:00:00,Pre-Team-10,Pre-Team-09,FINISHED,0.0,1.0,0.95,1.34,3.44,3.12,2.23,2.4,1.57,2.92,1.42,True
2048,Premier League (England),2024,2025-05-01 21:00:00,Pre-Team-05,Pre-Team-11,FINISHED,2.0,0.0,1.09,1.28,2.78,3.36,2.5,1.99,1.81,2.3,1.6,True
2049,La Liga (Spain),2024,2025-05-01 18:00:00,La -Team-08,La -Team-05,FINISHED,0.0,1.0,0.93,1.2,2.57,3.04,2.9,2.46,1.55,3.06,1.38,True
2050,La Liga (Spain),2024,2025-05-01 13:00:00,La -Team-02,La -Team-12,FINISHED,2.0,2.0,1.18,1.85,3.83,4.09,1.82,1.66,2.25,1.66,2.24,True
2051,La Liga (Spain),2024,2025-05-01 13:00:00,La -Team-07,La -Team-03,FINISHED,4.0,3.0,1.55,1.39,2.24,3.72,2.91,1.7,2.17,1.82,1.99,True
2052,La Liga (Spain),2024,2025-05-01 18:00:00,La -Team-13,La -Team-10,FINISHED,1.0,2.0,1.03,1.08,2.89,3.27,2.45,2.12,1.74,2.5,1.55,True
2053,La Liga (Spain),2024,2025-05-01 18:00:00,La -Team-15,La -Team-04,FINISHED,2.0,0.0,0.86,0.79,2.26,2.84,3.79,2.96,1.4,3.87,1.27,True
2054,La Liga (Spain),2024,2025-05-01 21:00:00,La -Team-11,La -Team-09,FINISHED,0.0,1.0,1.63,0.75,1.65,4.08,4.82,1.86,1.93,1.87,1.95,True
2055,La Liga (Spain),2024,2025-05-01 13:00:00,La -Team-16,La -Team-06,FINISHED,0.0,1.0,0.94,1.42,3.69,3.46,2.02,2.09,1.74,2.33,1.62,True
2056,La Liga (Spain),2024,2025-05-01 16:00:00,La -Team-01,La -Team-14,FINISHED,1.0,1.0,0.99,1.39,3.8,3.58,1.92,2.01,1.82,2.18,1.69,True
2057,Serie A (Italy),2024,2025-05-01 13:00:00,Ser-Team-09,Ser-Team-05,FINISHED,1.0,0.0,0.86,0.85,3.1,2.8,2.64,2.85,1.43,3.82,1.28,True
2058,Serie A (Italy),2024,2025-05-01 18:00:00,Ser-Team-13,Ser-Team-10,FINISHED,1.0,2.0,1.04,1.38,2.64,3.41,2.56,1.96,1.88,2.2,1.68,True
2059,Serie A (Italy),2024,2025-05-01 18:00:00,Ser-Team-16,Ser-Team-02,FINISHED,2.0,0.0,0.96,1.53,4.46,3.71,1.77,2.1,1.74,2.17,1.68,True
2060,Serie A (Italy),2024,2025-05-01 13:00:00,Ser-Team-04,Ser-Team-03,FINISHED,0.0,1.0,1.3,1.16,1.7,3.7,4.95,2.21,1.68,2.3,1.64,True
2061,Serie A (Italy),2024,2025-05-01 16:00:00,Ser-Team-01,Ser-Team-12,FINISHED,0.0,1.0,1.33,0.3,2.04,3.39,3.67,2.15,1.7,2.43,1.57,True
2062,Serie A (Italy),2024,2025-05-01 18:00:00,Ser-Team-08,Ser-Team-11,FINISHED,2.0,0.0,1.28,1.47,2.79,3.9,2.24,1.58,2.39,1.66,2.25,True
2063,Serie A (Italy),2024,2025-05-01 18:00:00,Ser-Team-15,Ser-Team-14,FINISHED,3.0,2.0,0.8,1.36,3.64,3.03,2.2,2.57,1.52,3.16,1.36,True
2064,Serie A (Italy),2024,2025-05-01 13:00:00,Ser-Team-06,Ser-Team-07,FINISHED,0.0,0.0,0.62,0.73,5.17,2.42,2.2,4.64,1.2,6.71,1.11,True
2065,Bundesliga (Germany),2024,2025-05-01 13:00:00,Bun-Team-12,Bun-Team-08,FINISHED,3.0,1.0,1.48,0.83,1.45,3.86,9.39,3.39,1.33,2.96,1.4,True
2066,Bundesliga (Germany),2024,2025-05-01 18:00:00,Bun-Team-04,Bun-Team-10,FINISHED,2.0,0.0,0.78,1.34,3.01,3.24,2.36,2.12,1.71,2.52,1.54,True
2067,Bundesliga (Germany),2024,2025-05-01 21:00:00,Bun-Team-13,Bun-Team-15,FINISHED,1.0,2.0,0.58,1.71,4.02,3.6,1.88,2.04,1.8,2.2,1.67,True
2068,Bundesliga (Germany),2024,2025-05-01 13:00:00,Bun-Team-02,Bun-Team-11,FINISHED,2.0,0.0,1.84,1.03,1.79,3.88,3.99,1.8,2.05,1.84,1.98,True
2069,Bundesliga (Germany),2024,2025-05-01 21:00:00,Bun-Team-03,Bun-Team-09,FINISHED,0.0,2.0,0.7,1.0,6.02,2.93,1.82,3.71,1.29,4.3,1.22,True
2070,Bundesliga (Germany),2024,2025-05-01 16:00:00,Bun-Team-07,Bun-Team-06,FINISHED,1.0,2.0,1.05,1.32,3.05,3.72,2.15,1.74,2.12,1.86,1.96,True
2071,Bundesliga (Germany),2024,2025-05-01 18:00:00,Bun-Team-01,Bun-Team-14,FINISHED,2.0,1.0,1.67,1.24,1.74,4.29,3.91,1.54,2.52,1.5,2.56,True
2072,Bundesliga (Germany),2024,2025-05-01 21:00:00,Bun-Team-16,Bun-Team-05,FINISHED,0.0,0.0,1.02,1.02,3.54,3.04,2.21,2.52,1.52,3.11,1.37,True
2073,Ligue 1 (France),2024,2025-05-01 16:00:00,Lig-Team-12,Lig-Team-16,FINISHED,0.0,0.0,1.36,0.74,2.06,2.93,4.4,2.99,1.4,3.74,1.28,True
2074,Ligue 1 (France),2024,2025-05-01 18:00:00,Lig-Team-11,Lig-Team-07,FINISHED,0.0,3.0,1.06,1.03,2.64,3.06,2.83,2.37,1.59,2.95,1.41,True
2075,Ligue 1 (France),2024,2025-05-01 21:00:00,Lig-Team-13,Lig-Team-08,FINISHED,2.0,3.0,1.12,0.62,2.19,2.64,4.47,3.58,1.3,4.84,1.18,True
2076,Ligue 1 (France),2024,2025-05-01 18:00:00,Lig-Team-14,Lig-Team-15,FINISHED,0.0,2.0,1.08,1.57,3.8,4.05,1.8,1.67,2.2,1.68,2.18,True
2077,Ligue 1 (France),2024,2025-05-01 18:00:00,Lig-Team-01,Lig-Team-06,FINISHED,1.0,1.0,1.99,1.42,2.01,4.1,3.17,1.53,2.52,1.56,2.42,True
2078,Ligue 1 (France),2024,2025-05-01 16:00:00,Lig-Team-02,Lig-Team-03,FINISHED,0.0,0.0,1.04,0.97,3.28,2.45,2.89,3.85,1.27,5.88,1.14,True
2079,Ligue 1 (France),2024,2025-05-01 13:00:00,Lig-Team-05,Lig-Team-09,FINISHED,1.0,2.0,1.08,1.17,3.67,3.09,2.14,2.52,1.53,3.05,1.38,True
2080,Ligue 1 (France),2024,2025-05-01 16:00:00,Lig-Team-04,Lig-Team-10,FINISHED,2.0,0.0,1.36,0.7,1.59,3.41,7.1,3.24,1.35,3.28,1.35,True
2081,Premier League (England),2024,2025-05-07 13:00:00,Pre-Team-04,Pre-Team-03,FINISHED,1.0,0.0,1.84,0.62,1.56,4.15,5.81,2.09,1.75,2.01,1.8,True
2082,Premier League (England),2024,2025-05-07 13:00:00,Pre-Team-10,Pre-Team-15,FINISHED,0.0,1.0,0.74,1.09,3.33,3.38,2.15,2.07,1.77,2.36,1.6,True
2083,Premier League (England),2024,2025-05-07 18:00:00,Pre-Team-13,Pre-Team-06,FINISHED,2.0,1.0,0.91,1.16,2.2,3.16,3.52,2.36,1.58,2.88,1.42,True
2084,Premier League (England),2024,2025-05-07 13:00:00,Pre-Team-11,Pre-Team-05,FINISHED,3.0,0.0,1.55,1.13,1.94,3.55,3.88,2.05,1.78,2.25,1.66,True
2085,Premier League (England),2024,2025-05-07 18:00:00,Pre-Team-14,Pre-Team-02,FINISHED,0.0,0.0,1.02,1.23,4.46,2.87,2.06,3.15,1.36,4.0,1.26,True
2086,Premier League (England),2024,2025-05-07 16:00:00,Pre-Team-09,Pre-Team-16,FINISHED,1.0,1.0,0.75,0.98,3.66,2.48,2.6,3.78,1.26,5.7,1.14,True
2087,Premier League (England),2024,2025-05-07 18:00:00,Pre-Team-08,Pre-Team-01,FINISHED,1.0,3.0,1.01,1.45,4.65,3.27,1.84,2.56,1.51,2.9,1.42,True
2088,Premier League (England),2024,2025-05-07 16:00:00,Pre-Team-12,Pre-Team-07,FINISHED,4.0,1.0,2.55,1.37,1.77,4.83,3.49,1.3,3.51,1.27,3.94,True
2089,La Liga (Spain),2024,2025-05-07 16:00:00,La -Team-16,La -Team-04,FINISHED,1.0,1.0,0.67,0.96,3.14,2.88,2.56,2.74,1.46,3.57,1.29,True
2090,La Liga (Spain),2024,2025-05-07 18:00:00,La -Team-12,La -Team-13,FINISHED,2.0,0.0,1.62,0.81,1.55,3.9,6.58,2.52,1.53,2.39,1.59,True
2091,La Liga (Spain),2024,2025-05-07 18:00:00,La -Team-01,La -Team-11,FINISHED,2.0,1.0,0.78,1.08,2.87,3.25,2.51,2.17,1.7,2.58,1.5,True
2092,La Liga (Spain),2024,2025-05-07 18:00:00,La -Team-10,La -Team-03,FINISHED,2.0,4.0,2.58,1.4,1.39,5.5,6.12,1.51,2.6,1.32,3.33,True
2093,La Liga (Spain),2024,2025-05-07 16:00:00,La -Team-14,La -Team-02,FINISHED,3.0,1.0,1.49,0.5,1.61,4.27,4.9,1.81,2.01,1.77,2.07,True
2094,La Liga (Spain),2024,2025-05-07 18:00:00,La -Team-08,La -Team-06,FINISHED,1.0,1.0,0.67,0.67,2.1,3.04,3.82,2.61,1.51,3.18,1.36,True
2095,La Liga (Spain),2024,2025-05-07 16:00:00,La -Team-09,La -Team-15,FINISHED,0.0,1.0,1.45,1.2,2.82,3.84,2.2,1.61,2.31,1.69,2.18,True
2096,La Liga (Spain),2024,2025-05-07 16:00:00,La -Team-05,La -Team-07,FINISHED,1.0,0.0,1.76,0.6,1.45,4.14,7.56,2.53,1.5,2.32,1.62,True
2097,Serie A (Italy),2024,2025-05-07 13:00:00,Ser-Team-12,Ser-Team-07,FINISHED,1.0,0.0,1.65,1.16,1.8,3.76,4.22,1.96,1.86,2.04,1.77,True
2098,Serie A (Italy),2024,2025-05-07 21:00:00,Ser-Team-02,Ser-Team-15,FINISHED,1.0,1.0,1.43,0.83,1.83,3.25,4.95,2.73,1.46,3.07,1.37,True
2099,Serie A (Italy),2024,2025-05-07 21:00:00,Ser-Team-11,Ser-Team-13,FINISHED,0.0,2.0,0.87,0.75,3.15,2.91,2.52,2.65,1.49,3.41,1.32,True
2100,Serie A (Italy),2024,2025-05-07 16:00:00,Ser-Team-04,Ser-Team-14,FINISHED,1.0,1.0,1.16,1.25,2.24,2.87,3.75,2.79,1.43,3.57,1.3,True
2101,Serie A (Italy),2024,2025-05-07 21:00:00,Ser-Team-16,Ser-Team-01,FINISHED,0.0,2.0,0.88,1.7,6.18,4.38,1.51,2.02,1.8,1.88,1.95,True
2102,Serie A (Italy),2024,2025-05-07 18:00:00,Ser-Team-08,Ser-Team-09,FINISHED,1.0,3.0,1.19,2.0,4.18,4.19,1.71,1.66,2.24,1.64,2.26,True
2103,Serie A (Italy),2024,2025-05-07 18:00:00,Ser-Team-06,Ser-Team-10,FINISHED,1.0,2.0,0.49,1.39,6.12,2.92,1.79,3.73,1.28,4.35,1.21,True
2104,Serie A (Italy),2024,2025-05-07 18:00:00,Ser-Team-05,Ser-Team-03,FINISHED,1.0,0.0,1.47,0.58,1.82,3.48,4.52,2.31,1.61,2.54,1.54,True
2105,Bundesliga (Germany),2024,2025-05-07 21:00:00,Bun-Team-05,Bun-Team-15,FINISHED,1.0,0.0,0.96,0.95,3.69,2.91,2.26,2.83,1.44,3.58,1.3,True
2106,Bundesliga (Germany),2024,2025-05-07 21:00:00,Bun-Team-10,Bun-Team-01,FINISHED,0.0,1.0,0.93,0.57,2.57,3.11,2.87,2.3,1.62,2.79,1.44,True
2107,Bundesliga (Germany),2024,2025-05-07 16:00:00,Bun-Team-04,Bun-Team-06,FINISHED,1.0,0.0,1.11,1.88,4.42,4.15,1.68,1.73,2.1,1.72,2.12,True
2108,Bundesliga (Germany),2024,2025-05-07 16:00:00,Bun-Team-16,Bun-Team-14,FINISHED,2.0,2.0,1.3,1.5,2.79,3.87,2.25,1.6,2.34,1.68,2.2,True
2109,Bundesliga (Germany),2024,2025-05-07 16:00:00,Bun-Team-03,Bun-Team-08,FINISHED,1.0,0.0,0.7,0.37,2.57,2.43,3.81,3.98,1.24,6.05,1.13,True
2110,Bundesliga (Germany),2024,2025-05-07 18:00:00,Bun-Team-02,Bun-Team-09,FINISHED,0.0,0.0,0.75,0.85,3.77,2.95,2.2,2.75,1.46,3.47,1.31,True
2111,Bundesliga (Germany),2024,2025-05-07 18:00:00,Bun-Team-11,Bun-Team-13,FINISHED,3.0,4.0,1.37,1.89,2.67,4.06,2.27,1.49,2.65,1.53,2.55,True
2112,Bundesliga (Germany),2024,2025-05-07 21:00:00,Bun-Team-12,Bun-Team-07,FINISHED,0.0,1.0,1.58,0.99,1.78,3.75,4.39,2.01,1.78,2.11,1.71,True
2113,Ligue 1 (France),2024,2025-05-07 18:00:00,Lig-Team-05,Lig-Team-15,FINISHED,2.0,0.0,0.69,1.79,4.64,3.73,1.72,2.08,1.76,2.13,1.72,True
2114,Ligue 1 (France),2024,2025-05-07 18:00:00,Lig-Team-10,Lig-Team-07,FINISHED,0.0,0.0,0.82,1.77,6.5,3.78,1.55,2.57,1.51,2.5,1.52,True
2115,Ligue 1 (France),2024,2025-05-07 16:00:00,Lig-Team-03,Lig-Team-09,FINISHED,0.0,0.0,0.76,0.72,3.49,2.77,2.43,2.99,1.41,3.99,1.26,True
2116,Ligue 1 (France),2024,2025-05-07 13:00:00,Lig-Team-04,Lig-Team-02,FINISHED,0.0,0.0,0.55,0.49,2.07,2.52,5.53,4.47,1.21,6.1,1.13,True
2117,Ligue 1 (France),2024,2025-05-07 21:00:00,Lig-Team-01,Lig-Team-14,FINISHED,3.0,1.0,1.51,1.29,2.15,3.7,3.04,1.73,2.09,1.87,1.96,True
2118,Ligue 1 (France),2024,2025-05-07 13:00:00,Lig-Team-08,Lig-Team-13,FINISHED,1.0,1.0,0.6,0.68,3.34,2.55,2.7,3.54,1.3,5.18,1.17,True
2119,Ligue 1 (France),2024,2025-05-07 18:00:00,Lig-Team-16,Lig-Team-11,FINISHED,2.0,1.0,0.56,1.12,3.35,2.85,2.43,2.84,1.43,3.71,1.29,True
2120,Ligue 1 (France),2024,2025-05-07 13:00:00,Lig-Team-12,Lig-Team-06,FINISHED,1.0,0.0,1.7,1.03,1.73,4.16,4.18,1.68,2.18,1.69,2.21,True
2121,Premier League (England),2024,2025-05-08 21:00:00,Pre-Team-06,Pre-Team-02,FINISHED,1.0,0.0,0.93,1.7,4.33,3.3,1.9,2.41,1.57,2.73,1.46,True
2122,Premier League (England),2024,2025-05-08 18:00:00,Pre-Team-05,Pre-Team-14,FINISHED,1.0,0.0,0.74,0.49,2.22,2.73,4.12,3.31,1.34,4.4,1.21,True
2123,Premier League (England),2024,2025-05-08 16:00:00,Pre-Team-01,Pre-Team-11,FINISHED,2.0,2.0,1.24,1.4,2.48,3.73,2.55,1.65,2.23,1.76,2.08,True
2124,Premier League (England),2024,2025-05-08 16:00:00,Pre-Team-15,Pre-Team-03,FINISHED,1.0,0.0,1.24,0.86,2.59,3.15,2.84,2.23,1.64,2.71,1.45,True
2125,Premier League (England),2024,2025-05-08 13:00:00,Pre-Team-12,Pre-Team-04,FINISHED,0.0,2.0,1.42,2.14,5.66,4.78,1.5,1.68,2.19,1.54,2.48,True
2126,Premier League (England),2024,2025-05-08 21:00:00,Pre-Team-13,Pre-Team-16,FINISHED,1.0,3.0,0.8,0.49,3.26,2.62,2.65,3.32,1.32,4.76,1.2,True
2127,Premier League (England),2024,2025-05-08 13:00:00,Pre-Team-07,Pre-Team-08,FINISHED,1.0,1.0,1.38,1.1,2.04,3.64,3.41,1.86,1.95,2.02,1.82,True
2128,Premier League (England),2024,2025-05-08 21:00:00,Pre-Team-09,Pre-Team-10,FINISHED,1.0,4.0,1.82,0.66,1.79,3.41,4.89,2.46,1.55,2.72,1.46,True
2129,La Liga (Spain),2024,2025-05-08 13:00:00,La -Team-10,La -Team-01,FINISHED,2.0,2.0,1.68,0.99,1.78,4.05,4.0,1.73,2.15,1.73,2.09,True
2130,La Liga (Spain),2024,2025-05-08 16:00:00,La -Team-13,La -Team-12,FINISHED,1.0,1.0,1.14,1.45,4.44,3.38,1.85,2.4,1.59,2.64,1.48,True
2131,La Liga (Spain),2024,2025-05-08 16:00:00,La -Team-04,La -Team-16,FINISHED,2.0,0.0,1.43,0.66,2.03,3.03,4.24,2.79,1.45,3.4,1.33,True
2132,La Liga (Spain),2024,2025-05-08 13:00:00,La -Team-06,La -Team-15,FINISHED,3.0,0.0,1.45,0.95,2.22,3.28,3.3,2.19,1.68,2.57,1.52,True
2133,La Liga (Spain),2024,2025-05-08 16:00:00,La -Team-14,La -Team-07,FINISHED,2.0,0.0,1.56,0.61,1.48,3.85,8.14,3.02,1.39,2.73,1.46,True
2134,La Liga (Spain),2024,2025-05-08 16:00:00,La -Team-05,La -Team-03,FINISHED,6.0,0.0,2.86,1.13,1.26,6.44,8.59,1.59,2.36,1.3,3.54,True
2135,La Liga (Spain),2024,2025-05-08 21:00:00,La -Team-08,La -Team-02,FINISHED,0.0,0.0,1.36,1.27,1.84,3.66,4.02,1.97,1.84,2.12,1.73,True
2136,La Liga (Spain),2024,2025-05-08 18:00:00,La -Team-09,La -Team-11,FINISHED,0.0,1.0,0.8,1.71,3.26,3.63,2.09,1.82,2.01,1.96,1.84,True
2137,Serie A (Italy),2024,2025-05-08 21:00:00,Ser-Team-02,Ser-Team-07,FINISHED,0.0,0.0,1.17,0.64,2.0,3.25,3.92,2.38,1.6,2.75,1.46,True
2138,Serie A (Italy),2024,2025-05-08 16:00:00,Ser-Team-16,Ser-Team-01,FINISHED,1.0,3.0,0.51,1.65,6.19,4.38,1.49,2.03,1.81,1.88,1.93,True
2139,Serie A (Italy),2024,2025-05-08 18:00:00,Ser-Team-03,Ser-Team-14,FINISHED,0.0,1.0,0.83,1.57,2.98,3.28,2.37,2.08,1.75,2.38,1.58,True
2140,Serie A (Italy),2024,2025-05-08 13:00:00,Ser-Team-11,Ser-Team-09,FINISHED,0.0,2.0,0.28,0.9,3.23,3.05,2.36,2.47,1.56,3.05,1.39,True
2141,Serie A (Italy),2024,2025-05-08 18:00:00,Ser-Team-05,Ser-Team-06,FINISHED,0.0,0.0,1.23,0.08,1.74,2.58,10.24,6.96,1.1,7.48,1.11,True
2142,Serie A (Italy),2024,2025-05-08 13:00:00,Ser-Team-12,Ser-Team-04,FINISHED,2.0,3.0,0.92,1.07,2.57,3.16,2.81,2.27,1.63,2.76,1.44,True
2143,Serie A (Italy),2024,2025-05-08 13:00:00,Ser-Team-08,Ser-Team-15,FINISHED,0.0,3.0,1.38,1.79,3.01,3.94,2.13,1.6,2.35,1.67,2.21,True
2144,Serie A (Italy),2024,2025-05-08 18:00:00,Ser-Team-10,Ser-Team-13,FINISHED,0.0,1.0,1.53,0.86,1.97,3.57,3.66,1.97,1.84,2.15,1.71,True
2145,Bundesliga (Germany),2024,2025-05-08 16:00:00,Bun-Team-03,Bun-Team-13,FINISHED,1.0,1.0,1.25,1.22,3.39,3.41,2.13,2.03,1.79,2.29,1.62,True
2146,Bundesliga (Germany),2024,2025-05-08 21:00:00,Bun-Team-02,Bun-Team-15,FINISHED,0.0,2.0,0.8,1.08,4.01,3.15,2.02,2.51,1.54,2.94,1.39,True
2147,Bundesliga (Germany),2024,2025-05-08 16:00:00,Bun-Team-09,Bun-Team-12,FINISHED,1.0,0.0,1.23,0.91,2.34,2.92,3.41,2.72,1.47,3.45,1.32,True
2148,Bundesliga (Germany),2024,2025-05-08 16:00:00,Bun-Team-08,Bun-Team-06,FINISHED,1.0,0.0,0.83,1.68,6.29,3.58,1.6,2.73,1.46,2.79,1.45,True
2149,Bundesliga (Germany),2024,2025-05-08 21:00:00,Bun-Team-11,Bun-Team-10,FINISHED,2.0,0.0,0.99,1.33,3.06,3.48,2.23,1.93,1.88,2.15,1.71,True
2150,Bundesliga (Germany),2024,2025-05-08 18:00:00,Bun-Team-07,Bun-Team-16,FINISHED,4.0,1.0,1.71,0.72,1.72,3.61,4.91,2.29,1.63,2.42,1.57,True
2151,Bundesliga (Germany),2024,2025-05-08 21:00:00,Bun-Team-01,Bun-Team-05,FINISHED,1.0,1.0,0.72,0.83,2.25,3.18,3.36,2.34,1.62,2.76,1.45,True
2152,Bundesliga (Germany),2024,2025-05-08 16:00:00,Bun-Team-14,Bun-Team-04,FINISHED,2.0,2.0,1.83,1.13,1.83,4.38,3.59,1.46,2.77,1.43,2.86,True
2153,Ligue 1 (France),2024,2025-05-08 21:00:00,Lig-Team-05,Lig-Team-08,FINISHED,1.0,0.0,1.08,0.88,2.35,2.67,3.81,3.32,1.34,4.53,1.2,True
2154,Ligue 1 (France),2024,2025-05-08 21:00:00,Lig-Team-09,Lig-Team-16,FINISHED,2.0,2.0,1.33,0.59,1.98,2.89,4.8,3.2,1.36,3.97,1.25,True
2155,Ligue 1 (France),2024,2025-05-08 21:00:00,Lig-Team-07,Lig-Team-04,FINISHED,4.0,0.0,0.77,0.43,2.25,2.63,4.25,3.62,1.29,5.0,1.18,True
2156,Ligue 1 (France),2024,2025-05-08 16:00:00,Lig-Team-06,Lig-Team-12,FINISHED,1.0,0.0,1.47,1.56,2.86,3.78,2.22,1.65,2.24,1.76,2.08,True
2157,Ligue 1 (France),2024,2025-05-08 21:00:00,Lig-Team-15,Lig-Team-02,FINISHED,4.0,0.0,1.73,0.84,1.42,4.18,8.38,2.76,1.46,2.39,1.58,True
2158,Ligue 1 (France),2024,2025-05-08 21:00:00,Lig-Team-01,Lig-Team-13,FINISHED,0.0,2.0,1.14,1.07,2.32,3.17,3.19,2.27,1.65,2.65,1.48,True
2159,Ligue 1 (France),2024,2025-05-08 21:00:00,Lig-Team-03,Lig-Team-11,FINISHED,2.0,2.0,0.9,0.92,3.29,2.94,2.44,2.69,1.48,3.42,1.32,True
2160,Ligue 1 (France),2024,2025-05-08 21:00:00,Lig-Team-14,Lig-Team-10,FINISHED,4.0,3.0,2.06,0.84,1.49,4.39,5.95,1.96,1.85,1.82,2.0,True
2161,Premier League (England),2024,2025-05-14 13:00:00,Pre-Team-11,Pre-Team-02,FINISHED,0.0,0.0,0.99,1.62,2.7,3.41,2.5,1.92,1.87,2.19,1.69,True
2162,Premier League (England),2024,2025-05-14 13:00:00,Pre-Team-13,Pre-Team-09,FINISHED,1.0,1.0,0.89,0.46,2.39,2.8,3.59,2.99,1.4,3.98,1.25,True
2163,Premier League (England),2024,2025-05-14 21:00:00,Pre-Team-14,Pre-Team-05,FINISHED,1.0,0.0,0.34,1.07,3.09,2.63,2.82,3.24,1.35,4.61,1.2,True
2164,Premier League (England),2024,2025-05-14 18:00:00,Pre-Team-06,Pre-Team-15,FINISHED,0.0,2.0,1.09,1.3,2.35,3.15,3.07,2.26,1.65,2.71,1.48,True
2165,Premier League (England),2024,2025-05-14 13:00:00,Pre-Team-08,Pre-Team-16,FINISHED,0.0,1.0,0.57,0.96,5.55,2.66,1.97,4.07,1.25,5.29,1.15,True
2166,Premier League (England),2024,2025-05-14 21:00:00,Pre-Team-01,Pre-Team-10,FINISHED,3.0,2.0,2.24,0.48,1.42,4.82,7.12,1.97,1.84,1.74,2.12,True
2167,Premier League (England),2024,2025-05-14 13:00:00,Pre-Team-07,Pre-Team-03,FINISHED,3.0,2.0,1.63,1.88,3.27,4.11,1.97,1.53,2.48,1.55,2.45,True
2168,Premier League (England),2024,2025-05-14 16:00:00,Pre-Team-04,Pre-Team-12,FINISHED,3.0,0.0,2.3,0.68,1.26,6.2,9.37,1.8,2.06,1.43,2.88,True
2169,La Liga (Spain),2024,2025-05-14 18:00:00,La -Team-11,La -Team-05,FINISHED,1.0,0.0,1.11,0.92,2.91,3.07,2.59,2.42,1.57,2.99,1.4,True
2170,La Liga (Spain),2024,2025-05-14 13:00:00,La -Team-12,La -Team-03,FINISHED,1.0,0.0,2.64,0.87,1.18,7.63,12.25,1.74,2.09,1.32,3.57,True
2171,La Liga (Spain),2024,2025-05-14 21:00:00,La -Team-01,La -Team-07,FINISHED,1.0,0.0,1.23,0.54,1.84,3.54,4.3,2.14,1.71,2.34,1.6,True
2172,La Liga (Spain),2024,2025-05-14 21:00:00,La -Team-06,La -Team-15,FINISHED,0.0,2.0,1.43,0.83,2.22,3.24,3.31,2.2,1.69,2.56,1.51,True
2173,La Liga (Spain),2024,2025-05-14 21:00:00,La -Team-04,La -Team-13,FINISHED,1.0,1.0,0.77,0.64,2.64,2.67,3.21,3.1,1.37,4.28,1.23,True
2174,La Liga (Spain),2024,2025-05-14 18:00:00,La -Team-10,La -Team-14,FINISHED,1.0,1.0,1.47,1.09,2.97,3.26,2.37,2.12,1.74,2.46,1.56,True
2175,La Liga (Spain),2024,2025-05-14 21:00:00,La -Team-02,La -Team-16,FINISHED,0.0,2.0,1.78,0.82,1.54,4.57,5.12,1.69,2.19,1.59,2.41,True
2176,La Liga (Spain),2024,2025-05-14 18:00:00,La -Team-08,La -Team-09,FINISHED,3.0,1.0,1.88,0.54,1.52,4.3,5.75,1.95,1.87,1.83,1.97,True
2177,Serie A (Italy),2024,2025-05-14 18:00:00,Ser-Team-07,Ser-Team-08,FINISHED,2.0,2.0,2.55,0.79,1.42,5.27,6.09,1.56,2.45,1.39,3.03,True
2178,Serie A (Italy),2024,2025-05-14 13:00:00,Ser-Team-14,Ser-Team-02,FINISHED,0.0,2.0,1.03,0.75,2.44,2.88,3.33,2.8,1.45,3.61,1.3,True
2179,Serie A (Italy),2024,2025-05-14 18:00:00,Ser-Team-09,Ser-Team-04,FINISHED,0.0,0.0,0.77,0.81,3.28,2.92,2.44,2.7,1.47,3.45,1.32,True
2180,Serie A (Italy),2024,2025-05-14 21:00:00,Ser-Team-06,Ser-Team-13,FINISHED,0.0,0.0,0.28,0.9,5.62,2.19,2.36,6.03,1.14,9.88,1.05,True
2181,Serie A (Italy),2024,2025-05-14 13:00:00,Ser-Team-11,Ser-Team-15,FINISHED,1.0,0.0,0.66,1.1,2.57,3.03,2.95,2.41,1.57,3.0,1.41,True
2182,Serie A (Italy),2024,2025-05-14 16:00:00,Ser-Team-16,Ser-Team-12,FINISHED,1.0,0.0,1.26,2.36,4.98,4.4,1.57,1.76,2.07,1.7,2.16,True
2183,Serie A (Italy),2024,2025-05-14 13:00:00,Ser-Team-01,Ser-Team-03,FINISHED,5.0,2.0,1.78,1.02,1.61,4.0,5.37,2.07,1.77,2.05,1.78,True
2184,Serie A (Italy),2024,2025-05-14 18:00:00,Ser-Team-05,Ser-Team-10,FINISHED,1.0,2.0,1.19,1.07,2.06,3.41,3.48,2.03,1.8,2.28,1.64,True
2185,Bundesliga (Germany),2024,2025-05-14 18:00:00,Bun-Team-08,Bun-Team-14,FINISHED,0.0,3.0,0.89,1.2,3.54,3.46,2.05,2.09,1.77,2.36,1.6,True
2186,Bundesliga (Germany),2024,2025-05-14 16:00:00,Bun-Team-07,Bun-Team-04,FINISHED,1.0,1.0,1.31,1.39,1.78,3.78,4.27,1.97,1.86,2.06,1.76,True
2187,Bundesliga (Germany),2024,2025-05-14 21:00:00,Bun-Team-16,Bun-Team-06,FINISHED,1.0,0.0,0.96,1.81,5.02,3.96,1.63,2.01,1.8,2.01,1.83,True
2188,Bundesliga (Germany),2024,2025-05-14 16:00:00,Bun-Team-11,Bun-Team-15,FINISHED,0.0,0.0,0.8,1.61,5.36,3.84,1.64,2.23,1.66,2.22,1.65,True
2189,Bundesliga (Germany),2024,2025-05-14 13:00:00,Bun-Team-02,Bun-Team-01,FINISHED,0.0,3.0,1.38,1.3,2.68,3.31,2.63,2.08,1.76,2.4,1.57,True
2190,Bundesliga (Germany),2024,2025-05-14 18:00:00,Bun-Team-12,Bun-Team-13,FINISHED,2.0,3.0,2.17,1.03,1.56,4.44,5.08,1.73,2.1,1.65,2.26,True
2191,Bundesliga (Germany),2024,2025-05-14 13:00:00,Bun-Team-05,Bun-Team-10,FINISHED,0.0,2.0,1.26,0.92,2.37,3.03,3.28,2.51,1.54,3.12,1.36,True
2192,Bundesliga (Germany),2024,2025-05-14 16:00:00,Bun-Team-03,Bun-Team-09,FINISHED,3.0,2.0,0.51,1.28,5.99,2.92,1.82,3.69,1.29,4.28,1.22,True
2193,Ligue 1 (France),2024,2025-05-14 13:00:00,Lig-Team-10,Lig-Team-11,FINISHED,1.0,3.0,0.77,1.85,5.66,3.97,1.59,2.2,1.69,2.13,1.73,True
2194,Ligue 1 (France),2024,2025-05-14 13:00:00,Lig-Team-06,Lig-Team-01,FINISHED,1.0,0.0,1.67,1.71,2.28,3.99,2.73,1.53,2.53,1.58,2.41,True
2195,Ligue 1 (France),2024,2025-05-14 16:00:00,Lig-Team-09,Lig-Team-16,FINISHED,2.0,1.0,1.0,0.65,1.97,2.91,4.82,3.22,1.34,3.98,1.25,True
2196,Ligue 1 (France),2024,2025-05-14 21:00:00,Lig-Team-02,Lig-Team-03,FINISHED,1.0,0.0,0.67,0.58,3.26,2.45,2.9,3.88,1.27,5.88,1.13,True
2197,Ligue 1 (France),2024,2025-05-14 21:00:00,Lig-Team-15,Lig-Team-04,FINISHED,0.0,1.0,1.45,0.65,1.9,3.21,4.69,2.69,1.49,3.06,1.39,True
2198,Ligue 1 (France),2024,2025-05-14 21:00:00,Lig-Team-12,Lig-Team-07,FINISHED,0.0,0.0,1.02,0.79,2.78,3.0,2.74,2.47,1.55,3.12,1.37,True
2199,Ligue 1 (France),2024,2025-05-14 18:00:00,Lig-Team-13,Lig-Team-08,FINISHED,2.0,0.0,0.94,0.74,2.16,2.66,4.47,3.6,1.3,4.88,1.19,True
2200,Ligue 1 (France),2024,2025-05-14 21:00:00,Lig-Team-14,Lig-Team-05,FINISHED,2.0,0.0,1.2,1.39,2.01,3.46,3.59,2.02,1.82,2.26,1.66,True
2201,Premier League (England),2024,2025-05-15 13:00:00,Pre-Team-14,Pre-Team-02,FINISHED,2.0,1.0,0.41,0.61,4.45,2.88,2.06,3.14,1.36,4.01,1.25,True
2202,Premier League (England),2024,2025-05-15 13:00:00,Pre-Team-06,Pre-Team-10,FINISHED,2.0,1.0,2.07,0.91,1.7,3.88,4.73,2.03,1.79,2.05,1.76,True
2203,Premier League (England),2024,2025-05-15 18:00:00,Pre-Team-04,Pre-Team-09,FINISHED,4.0,1.0,1.7,0.57,1.59,3.71,6.36,2.61,1.51,2.57,1.52,True
2204,Premier League (England),2024,2025-05-15 21:00:00,Pre-Team-01,Pre-Team-13,FINISHED,2.0,1.0,1.31,0.55,2.03,3.35,3.71,2.17,1.69,2.51,1.53,True
2205,Premier League (England),2024,2025-05-15 18:00:00,Pre-Team-03,Pre-Team-05,FINISHED,1.0,0.0,0.82,1.17,2.65,2.97,2.87,2.48,1.55,3.14,1.38,True
2206,Premier League (England),2024,2025-05-15 18:00:00,Pre-Team-16,Pre-Team-15,FINISHED,2.0,0.0,1.14,0.67,1.97,2.89,4.91,3.25,1.35,3.99,1.25,True
2207,Premier League (England),2024,2025-05-15 18:00:00,Pre-Team-12,Pre-Team-11,FINISHED,2.0,1.0,1.42,2.38,4.11,4.55,1.67,1.49,2.65,1.43,2.84,True
2208,Premier League (England),2024,2025-05-15 18:00:00,Pre-Team-07,Pre-Team-08,FINISHED,2.0,1.0,1.83,1.51,2.05,3.67,3.36,1.87,1.95,1.99,1.82,True
2209,La Liga (Spain),2024,2025-05-15 13:00:00,La -Team-15,La -Team-01,FINISHED,3.0,1.0,1.41,0.98,2.05,3.57,3.45,1.93,1.89,2.09,1.74,True
2210,La Liga (Spain),2024,2025-05-15 13:00:00,La -Team-09,La -Team-03,FINISHED,5.0,3.0,2.55,1.84,1.79,5.04,3.34,1.21,4.36,1.15,5.23,True
2211,La Liga (Spain),2024,2025-05-15 13:00:00,La -Team-02,La -Team-12,FINISHED,1.0,4.0,1.39,1.51,3.83,4.08,1.81,1.65,2.26,1.64,2.21,True
2212,La Liga (Spain),2024,2025-05-15 21:00:00,La -Team-14,La -Team-06,FINISHED,2.0,1.0,1.87,0.76,1.81,3.41,4.52,2.33,1.62,2.56,1.51,True
2213,La Liga (Spain),2024,2025-05-15 13:00:00,La -Team-13,La -Team-16,FINISHED,3.0,2.0,1.48,0.5,1.87,3.38,4.36,2.34,1.59,2.63,1.5,True
2214,La Liga (Spain),2024,2025-05-15 13:00:00,La -Team-08,La -Team-07,FINISHED,2.0,0.0,1.46,0.36,1.69,3.2,6.61,3.34,1.32,3.57,1.3,True
2215,La Liga (Spain),2024,2025-05-15 21:00:00,La -Team-10,La -Team-11,FINISHED,0.0,1.0,1.19,0.49,2.34,3.11,3.23,2.36,1.59,2.85,1.43,True
2216,La Liga (Spain),2024,2025-05-15 18:00:00,La -Team-05,La -Team-04,FINISHED,1.0,0.0,1.22,0.2,1.75,3.36,5.34,2.74,1.47,2.95,1.41,True
2217,Serie A (Italy),2024,2025-05-15 13:00:00,Ser-Team-07,Ser-Team-15,FINISHED,0.0,1.0,1.5,0.91,2.02,3.38,3.8,2.22,1.68,2.48,1.55,True
2218,Serie A (Italy),2024,2025-05-15 16:00:00,Ser-Team-03,Ser-Team-16,FINISHED,0.0,1.0,2.16,0.95,1.57,4.56,5.0,1.67,2.24,1.57,2.42,True
2219,Serie A (Italy),2024,2025-05-15 21:00:00,Ser-Team-09,Ser-Team-06,FINISHED,0.0,0.0,0.93,0.3,1.86,2.5,7.68,5.73,1.14,7.18,1.1,True
2220,Serie A (Italy),2024,2025-05-15 16:00:00,Ser-Team-13,Ser-Team-10,FINISHED,3.0,1.0,1.4,1.18,2.64,3.42,2.59,1.94,1.88,2.19,1.67,True
2221,Serie A (Italy),2024,2025-05-15 13:00:00,Ser-Team-02,Ser-Team-11,FINISHED,0.0,0.0,1.12,0.8,1.75,3.33,5.35,2.74,1.47,2.98,1.4,True
2222,Serie A (Italy),2024,2025-05-15 16:00:00,Ser-Team-01,Ser-Team-04,FINISHED,0.0,2.0,1.39,0.79,2.33,2.97,3.37,2.66,1.48,3.35,1.32,True
2223,Serie A (Italy),2024,2025-05-15 18:00:00,Ser-Team-14,Ser-Team-05,FINISHED,1.0,0.0,0.95,0.86,2.68,2.78,3.08,2.97,1.4,4.02,1.25,True
2224,Serie A (Italy),2024,2025-05-15 18:00:00,Ser-Team-12,Ser-Team-08,FINISHED,4.0,1.0,2.62,0.73,1.22,7.09,10.34,1.66,2.26,1.28,3.7,True
2225,Bundesliga (Germany),2024,2025-05-15 18:00:00,Bun-Team-04,Bun-Team-12,FINISHED,3.0,1.0,1.04,1.48,4.38,3.79,1.75,1.98,1.84,2.05,1.79,True
2226,Bundesliga (Germany),2024,2025-05-15 13:00:00,Bun-Team-10,Bun-Team-09,FINISHED,1.0,1.0,0.79,1.05,3.6,2.74,2.39,3.07,1.37,4.16,1.24,True
2227,Bundesliga (Germany),2024,2025-05-15 18:00:00,Bun-Team-03,Bun-Team-01,FINISHED,2.0,2.0,0.54,1.35,4.2,3.12,2.01,2.64,1.49,3.13,1.38,True
2228,Bundesliga (Germany),2024,2025-05-15 18:00:00,Bun-Team-14,Bun-Team-13,FINISHED,2.0,4.0,2.03,1.54,2.11,4.54,2.71,1.29,3.62,1.26,3.85,True
2229,Bundesliga (Germany),2024,2025-05-15 16:00:00,Bun-Team-06,Bun-Team-07,FINISHED,2.0,0.0,1.72,0.77,1.7,4.11,4.42,1.8,2.04,1.77,2.04,True
2230,Bundesliga (Germany),2024,2025-05-15 21:00:00,Bun-Team-05,Bun-Team-08,FINISHED,1.0,1.0,1.08,0.41,1.77,2.96,6.27,3.67,1.29,4.26,1.22,True
2231,Bundesliga (Germany),2024,2025-05-15 13:00:00,Bun-Team-16,Bun-Team-02,FINISHED,0.0,0.0,1.39,1.08,3.13,3.17,2.31,2.23,1.65,2.69,1.48,True
2232,Bundesliga (Germany),2024,2025-05-15 21:00:00,Bun-Team-11,Bun-Team-15,FINISHED,0.0,1.0,0.86,1.62,5.31,3.83,1.64,2.2,1.67,2.22,1.66,True
2233,Ligue 1 (France),2024,2025-05-15 13:00:00,Lig-Team-06,Lig-Team-12,FINISHED,2.0,4.0,1.55,1.63,2.87,3.82,2.24,1.65,2.23,1.75,2.09,True
2234,Ligue 1 (France),2024,2025-05-15 13:00:00,Lig-Team-09,Lig-Team-04,FINISHED,1.0,0.0,0.68,0.76,2.35,2.67,3.87,3.28,1.33,4.58,1.2,True
2235,Ligue 1 (France),2024,2025-05-15 13:00:00,Lig-Team-01,Lig-Team-05,FINISHED,0.0,0.0,1.69,0.58,2.03,3.38,3.7,2.14,1.72,2.43,1.56,True
2236,Ligue 1 (France),2024,2025-05-15 13:00:00,Lig-Team-15,Lig-Team-14,FINISHED,2.0,0.0,2.17,0.86,1.46,4.76,5.95,1.75,2.1,1.59,2.37,True
2237,Ligue 1 (France),2024,2025-05-15 18:00:00,Lig-Team-13,Lig-Team-02,FINISHED,0.0,1.0,1.02,0.33,2.13,2.71,4.49,3.48,1.31,4.59,1.2,True
2238,Ligue 1 (France),2024,2025-05-15 21:00:00,Lig-Team-08,Lig-Team-11,FINISHED,0.0,0.0,0.73,1.2,4.19,2.9,2.1,2.94,1.41,3.7,1.29,True
2239,Ligue 1 (France),2024,2025-05-15 13:00:00,Lig-Team-03,Lig-Team-16,FINISHED,1.0,0.0,0.66,0.59,2.71,2.47,3.46,3.83,1.26,5.88,1.13,True
2240,Ligue 1 (France),2024,2025-05-15 21:00:00,Lig-Team-10,Lig-Team-07,FINISHED,0.0,0.0,0.54,1.64,6.54,3.81,1.56,2.57,1.5,2.51,1.53,True
2241,Premier League (England),2024,2025-05-21 21:00:00,Pre-Team-09,Pre-Team-02,FINISHED,0.0,2.0,0.96,0.53,4.32,2.9,2.07,3.03,1.38,3.8,1.28,True
2242,Premier League (England),2024,2025-05-21 21:00:00,Pre-Team-10,Pre-Team-12,FINISHED,4.0,0.0,1.25,1.72,2.66,3.9,2.31,1.57,2.41,1.63,2.26,True
2243,Premier League (England),2024,2025-05-21 21:00:00,Pre-Team-04,Pre-Team-08,FINISHED,2.0,1.0,2.05,0.31,1.3,4.91,11.65,2.95,1.41,2.21,1.69,True
2244,Premier League (England),2024,2025-05-21 13:00:00,Pre-Team-06,Pre-Team-03,FINISHED,1.0,1.0,1.44,1.31,2.56,3.24,2.78,2.13,1.7,2.53,1.53,True
2245,Premier League (England),2024,2025-05-21 16:00:00,Pre-Team-16,Pre-Team-07,FINISHED,3.0,0.0,2.08,0.38,1.42,4.58,7.26,2.16,1.71,1.9,1.92,True
2246,Premier League (England),2024,2025-05-21 13:00:00,Pre-Team-14,Pre-Team-13,FINISHED,1.0,0.0,0.48,0.98,2.8,2.68,2.99,3.11,1.37,4.28,1.23,True
2247,Premier League (England),2024,2025-05-21 21:00:00,Pre-Team-01,Pre-Team-15,FINISHED,1.0,2.0,1.76,0.76,1.87,3.52,4.17,2.12,1.73,2.29,1.63,True
2248,Premier League (England),2024,2025-05-21 21:00:00,Pre-Team-11,Pre-Team-05,FINISHED,2.0,0.0,1.41,0.89,1.92,3.54,3.88,2.04,1.77,2.23,1.66,True
2249,La Liga (Spain),2024,2025-05-21 13:00:00,La -Team-15,La -Team-02,FINISHED,1.0,2.0,1.64,1.13,2.15,3.8,2.98,1.69,2.18,1.81,2.03,True
2250,La Liga (Spain),2024,2025-05-21 21:00:00,La -Team-16,La -Team-03,FINISHED,2.0,0.0,1.7,1.67,2.22,4.03,2.74,1.5,2.58,1.53,2.49,True
2251,La Liga (Spain),2024,2025-05-21 18:00:00,La -Team-08,La -Team-14,FINISHED,1.0,1.0,0.81,1.1,2.86,2.79,2.84,2.87,1.43,3.84,1.26,True
2252,La Liga (Spain),2024,2025-05-21 16:00:00,La -Team-12,La -Team-01,FINISHED,0.0,0.0,1.95,0.7,1.43,4.69,6.9,1.97,1.84,1.75,2.1,True
2253,La Liga (Spain),2024,2025-05-21 16:00:00,La -Team-07,La -Team-05,FINISHED,1.0,2.0,0.59,1.4,5.03,3.5,1.75,2.43,1.55,2.56,1.5,True
2254,La Liga (Spain),2024,2025-05-21 13:00:00,La -Team-11,La -Team-13,FINISHED,2.0,0.0,1.06,0.47,2.11,2.91,4.1,2.89,1.41,3.66,1.29,True
2255,La Liga (Spain),2024,2025-05-21 21:00:00,La -Team-06,La -Team-09,FINISHED,3.0,1.0,2.38,1.13,1.61,4.54,4.51,1.57,2.41,1.5,2.6,True
2256,La Liga (Spain),2024,2025-05-21 16:00:00,La -Team-10,La -Team-04,FINISHED,0.0,0.0,1.29,0.62,1.97,3.16,4.28,2.55,1.52,2.99,1.39,True
2257,Serie A (Italy),2024,2025-05-21 16:00:00,Ser-Team-05,Ser-Team-03,FINISHED,2.0,0.0,1.36,0.57,1.82,3.48,4.52,2.31,1.63,2.53,1.53,True
2258,Serie A (Italy),2024,2025-05-21 21:00:00,Ser-Team-04,Ser-Team-01,FINISHED,1.0,2.0,0.8,0.7,2.58,2.9,3.06,2.63,1.48,3.37,1.34,True
2259,Serie A (Italy),2024,2025-05-21 21:00:00,Ser-Team-14,Ser-Team-09,FINISHED,1.0,0.0,1.31,1.06,2.14,3.06,3.81,2.63,1.48,3.22,1.36,True
2260,Serie A (Italy),2024,2025-05-21 13:00:00,Ser-Team-15,Ser-Team-16,FINISHED,0.0,0.0,1.66,0.52,1.87,3.7,4.01,1.91,1.88,2.03,1.79,True
2261,Serie A (Italy),2024,2025-05-21 18:00:00,Ser-Team-13,Ser-Team-08,FINISHED,0.0,0.0,1.77,1.03,1.47,4.65,6.06,1.84,1.99,1.67,2.23,True
2262,Serie A (Italy),2024,2025-05-21 21:00:00,Ser-Team-06,Ser-Team-11,FINISHED,0.0,1.0,0.07,0.78,4.19,2.2,2.72,5.24,1.17,8.9,1.07,True
2263,Serie A (Italy),2024,2025-05-21 21:00:00,Ser-Team-02,Ser-Team-07,FINISHED,2.0,1.0,1.26,1.0,2.02,3.24,3.99,2.39,1.58,2.71,1.46,True
2264,Serie A (Italy),2024,2025-05-21 13:00:00,Ser-Team-12,Ser-Team-10,FINISHED,2.0,0.0,1.82,1.44,1.98,3.98,3.29,1.63,2.31,1.69,2.21,True
2265,Bundesliga (Germany),2024,2025-05-21 16:00:00,Bun-Team-09,Bun-Team-11,FINISHED,0.0,0.0,1.52,0.84,1.47,4.09,7.37,2.52,1.52,2.31,1.63,True
2266,Bundesliga (Germany),2024,2025-05-21 13:00:00,Bun-Team-03,Bun-Team-08,FINISHED,0.0,0.0,0.75,0.85,2.58,2.46,3.84,3.95,1.25,6.07,1.12,True
2267,Bundesliga (Germany),2024,2025-05-21 13:00:00,Bun-Team-05,Bun-Team-13,FINISHED,0.0,2.0,1.85,1.31,2.03,3.63,3.41,1.87,1.96,2.01,1.82,True
2268,Bundesliga (Germany),2024,2025-05-21 16:00:00,Bun-Team-10,Bun-Team-04,FINISHED,1.0,2.0,1.63,1.03,1.86,3.52,4.25,2.21,1.69,2.4,1.58,True
2269,Bundesliga (Germany),2024,2025-05-21 21:00:00,Bun-Team-16,Bun-Team-07,FINISHED,1.0,0.0,1.3,1.16,3.44,3.25,2.17,2.23,1.67,2.59,1.5,True
2270,Bundesliga (Germany),2024,2025-05-21 13:00:00,Bun-Team-14,Bun-Team-12,FINISHED,3.0,2.0,1.56,2.06,3.58,4.31,1.82,1.48,2.65,1.46,2.74,True
2271,Bundesliga (Germany),2024,2025-05-21 21:00:00,Bun-Team-15,Bun-Team-01,FINISHED,0.0,0.0,1.45,0.58,1.87,3.24,4.74,2.62,1.49,3.0,1.4,True
2272,Bundesliga (Germany),2024,2025-05-21 13:00:00,Bun-Team-06,Bun-Team-02,FINISHED,3.0,0.0,1.83,1.07,1.6,4.23,5.03,1.83,2.01,1.76,2.05,True
2273,Ligue 1 (France),2024,2025-05-21 21:00:00,Lig-Team-06,Lig-Team-14,FINISHED,1.0,2.0,1.5,1.6,2.2,4.14,2.76,1.46,2.72,1.48,2.68,True
2274,Ligue 1 (France),2024,2025-05-21 16:00:00,Lig-Team-07,Lig-Team-10,FINISHED,7.0,0.0,1.99,0.63,1.34,4.66,10.14,2.78,1.45,2.2,1.68,True
2275,Ligue 1 (France),2024,2025-05-21 13:00:00,Lig-Team-16,Lig-Team-09,FINISHED,1.0,1.0,0.72,1.24,3.56,2.75,2.44,3.14,1.37,4.33,1.24,True
2276,Ligue 1 (France),2024,2025-05-21 16:00:00,Lig-Team-04,Lig-Team-02,FINISHED,1.0,0.0,0.93,0.77,2.08,2.52,5.47,4.47,1.21,6.21,1.12,True
2277,Ligue 1 (France),2024,2025-05-21 21:00:00,Lig-Team-05,Lig-Team-15,FINISHED,0.0,1.0,0.89,1.47,4.67,3.77,1.72,2.06,1.77,2.16,1.72,True
2278,Ligue 1 (France),2024,2025-05-21 18:00:00,Lig-Team-13,Lig-Team-01,FINISHED,1.0,2.0,0.84,1.03,2.4,3.16,3.06,2.27,1.65,2.7,1.47,True
2279,Ligue 1 (France),2024,2025-05-21 21:00:00,Lig-Team-03,Lig-Team-11,FINISHED,2.0,1.0,0.84,0.93,3.3,2.91,2.43,2.66,1.49,3.42,1.32,True
2280,Ligue 1 (France),2024,2025-05-21 18:00:00,Lig-Team-12,Lig-Team-08,FINISHED,0.0,2.0,1.4,0.48,1.79,3.09,5.66,3.21,1.36,3.65,1.3,True
2281,Premier League (England),2024,2025-05-22 16:00:00,Pre-Team-14,Pre-Team-02,FINISHED,0.0,1.0,0.57,1.06,4.45,2.84,2.04,3.15,1.36,4.02,1.24,True
2282,Premier League (England),2024,2025-05-22 18:00:00,Pre-Team-05,Pre-Team-07,FINISHED,5.0,0.0,1.63,0.77,1.5,4.55,5.75,1.81,2.0,1.67,2.2,True
2283,Premier League (England),2024,2025-05-22 16:00:00,Pre-Team-15,Pre-Team-13,FINISHED,1.0,0.0,0.78,0.97,2.63,2.99,2.88,2.49,1.54,3.15,1.37,True
2284,Premier League (England),2024,2025-05-22 21:00:00,Pre-Team-08,Pre-Team-12,FINISHED,2.0,0.0,0.72,1.2,2.9,3.28,2.44,2.1,1.73,2.46,1.57,True
2285,Premier League (England),2024,2025-05-22 16:00:00,Pre-Team-01,Pre-Team-16,FINISHED,0.0,0.0,1.04,0.87,2.74,2.87,2.91,2.71,1.47,3.52,1.29,True
2286,Premier League (England),2024,2025-05-22 13:00:00,Pre-Team-06,Pre-Team-03,FINISHED,2.0,2.0,1.28,0.75,2.58,3.21,2.78,2.15,1.72,2.54,1.52,True
2287,Premier League (England),2024,2025-05-22 16:00:00,Pre-Team-09,Pre-Team-10,FINISHED,0.0,1.0,1.38,0.86,1.77,3.38,4.92,2.5,1.55,2.73,1.48,True
2288,Premier League (England),2024,2025-05-22 13:00:00,Pre-Team-11,Pre-Team-04,FINISHED,1.0,0.0,0.92,1.3,2.67,3.8,2.36,1.65,2.25,1.75,2.08,True
2289,La Liga (Spain),2024,2025-05-22 16:00:00,La -Team-07,La -Team-04,FINISHED,1.0,2.0,0.69,0.99,3.23,2.57,2.73,3.31,1.33,4.78,1.19,True
2290,La Liga (Spain),2024,2025-05-22 16:00:00,La -Team-11,La -Team-12,FINISHED,0.0,2.0,0.94,1.02,3.49,3.02,2.26,2.58,1.51,3.23,1.35,True
2291,La Liga (Spain),2024,2025-05-22 16:00:00,La -Team-05,La -Team-06,FINISHED,0.0,3.0,1.79,1.1,1.84,3.68,4.08,2.0,1.82,2.13,1.73,True
2292,La Liga (Spain),2024,2025-05-22 18:00:00,La -Team-09,La -Team-14,FINISHED,0.0,2.0,1.3,1.99,4.72,4.35,1.62,1.74,2.12,1.67,2.23,True
2293,La Liga (Spain),2024,2025-05-22 21:00:00,La -Team-10,La -Team-15,FINISHED,0.0,1.0,1.55,0.91,2.07,3.46,3.5,2.07,1.77,2.32,1.62,True
2294,La Liga (Spain),2024,2025-05-22 21:00:00,La -Team-02,La -Team-08,FINISHED,2.0,5.0,1.22,1.59,2.82,3.4,2.42,1.93,1.87,2.2,1.7,True
2295,La Liga (Spain),2024,2025-05-22 16:00:00,La -Team-01,La -Team-03,FINISHED,3.0,1.0,2.06,1.67,1.63,4.87,4.18,1.39,3.05,1.3,3.49,True
2296,La Liga (Spain),2024,2025-05-22 16:00:00,La -Team-16,La -Team-13,FINISHED,2.0,2.0,0.95,0.9,3.12,3.13,2.36,2.31,1.63,2.8,1.44,True
2297,Serie A (Italy),2024,2025-05-22 13:00:00,Ser-Team-07,Ser-Team-14,FINISHED,0.0,1.0,0.79,1.27,2.95,3.14,2.46,2.25,1.66,2.72,1.47,True
2298,Serie A (Italy),2024,2025-05-22 18:00:00,Ser-Team-13,Ser-Team-11,FINISHED,2.0,1.0,1.07,0.6,1.98,3.1,4.28,2.71,1.46,3.21,1.35,True
2299,Serie A (Italy),2024,2025-05-22 16:00:00,Ser-Team-09,Ser-Team-01,FINISHED,1.0,3.0,0.98,1.06,3.38,3.05,2.29,2.48,1.54,3.08,1.38,True
2300,Serie A (Italy),2024,2025-05-22 21:00:00,Ser-Team-04,Ser-Team-06,FINISHED,0.0,0.0,1.07,-0.01,1.64,2.76,11.05,6.53,1.12,6.32,1.12,True
2301,Serie A (Italy),2024,2025-05-22 16:00:00,Ser-Team-05,Ser-Team-16,FINISHED,3.0,0.0,1.82,0.9,1.41,4.46,7.76,2.37,1.61,2.07,1.77,True
2302,Serie A (Italy),2024,2025-05-22 18:00:00,Ser-Team-15,Ser-Team-08,FINISHED,2.0,0.0,1.89,1.35,1.64,4.37,4.48,1.65,2.27,1.6,2.35,True
2303,Serie A (Italy),2024,2025-05-22 13:00:00,Ser-Team-12,Ser-Team-03,FINISHED,0.0,3.0,2.03,0.94,1.73,4.03,4.38,1.82,2.02,1.83,2.01,True
2304,Serie A (Italy),2024,2025-05-22 16:00:00,Ser-Team-10,Ser-Team-02,FINISHED,1.0,0.0,1.59,1.27,2.31,3.48,2.94,1.92,1.9,2.17,1.71,True
2305,Bundesliga (Germany),2024,2025-05-22 18:00:00,Bun-Team-16,Bun-Team-02,FINISHED,1.0,2.0,1.14,0.99,3.14,3.21,2.31,2.25,1.66,2.68,1.48,True
2306,Bundesliga (Germany),2024,2025-05-22 18:00:00,Bun-Team-07,Bun-Team-05,FINISHED,0.0,0.0,0.94,0.89,2.36,3.2,3.08,2.22,1.66,2.64,1.48,True
2307,Bundesliga (Germany),2024,2025-05-22 21:00:00,Bun-Team-09,Bun-Team-06,FINISHED,1.0,1.0,1.16,0.89,2.26,3.19,3.31,2.33,1.62,2.79,1.44,True
2308,Bundesliga (Germany),2024,2025-05-22 13:00:00,Bun-Team-15,Bun-Team-01,FINISHED,0.0,1.0,1.02,0.68,1.84,3.26,4.71,2.63,1.5,2.97,1.4,True
2309,Bundesliga (Germany),2024,2025-05-22 13:00:00,Bun-Team-10,Bun-Team-14,FINISHED,1.0,1.0,1.71,1.58,1.92,4.04,3.46,1.61,2.33,1.64,2.26,True
2310,Bundesliga (Germany),2024,2025-05-22 13:00:00,Bun-Team-12,Bun-Team-08,FINISHED,1.0,0.0,1.22,0.42,1.44,3.83,9.31,3.4,1.32,2.96,1.39,True
2311,Bundesliga (Germany),2024,2025-05-22 16:00:00,Bun-Team-11,Bun-Team-03,FINISHED,2.0,0.0,1.01,0.87,2.03,3.36,3.7,2.16,1.7,2.41,1.58,True
2312,Bundesliga (Germany),2024,2025-05-22 16:00:00,Bun-Team-13,Bun-Team-04,FINISHED,1.0,0.0,2.01,0.98,1.83,4.06,3.75,1.66,2.27,1.66,2.22,True
2313,Ligue 1 (France),2024,2025-05-22 16:00:00,Lig-Team-05,Lig-Team-11,FINISHED,0.0,2.0,0.88,1.39,3.5,3.23,2.18,2.25,1.63,2.65,1.49,True
2314,Ligue 1 (France),2024,2025-05-22 13:00:00,Lig-Team-16,Lig-Team-10,FINISHED,2.0,0.0,1.12,0.49,1.8,3.19,5.4,2.98,1.4,3.38,1.33,True
2315,Ligue 1 (France),2024,2025-05-22 16:00:00,Lig-Team-03,Lig-Team-14,FINISHED,0.0,1.0,0.97,0.77,2.52,3.11,2.96,2.35,1.61,2.87,1.44,True
2316,Ligue 1 (France),2024,2025-05-22 21:00:00,Lig-Team-12,Lig-Team-07,FINISHED,0.0,1.0,1.26,0.97,2.77,3.02,2.73,2.48,1.55,3.09,1.37,True
2317,Ligue 1 (France),2024,2025-05-22 16:00:00,Lig-Team-06,Lig-Team-15,FINISHED,0.0,0.0,1.02,1.96,4.12,4.56,1.68,1.49,2.62,1.43,2.81,True
2318,Ligue 1 (France),2024,2025-05-22 21:00:00,Lig-Team-04,Lig-Team-13,FINISHED,1.0,0.0,0.69,0.61,2.36,2.59,4.0,3.65,1.29,5.18,1.17,True
2319,Ligue 1 (France),2024,2025-05-22 16:00:00,Lig-Team-02,Lig-Team-09,FINISHED,1.0,3.0,0.61,1.27,4.42,2.84,2.1,3.2,1.36,4.13,1.24,True
2320,Ligue 1 (France),2024,2025-05-22 13:00:00,Lig-Team-08,Lig-Team-01,FINISHED,0.0,1.0,0.85,1.24,3.22,2.91,2.49,2.74,1.47,3.55,1.3,True
2321,Premier League (England),2024,2025-05-28 18:00:00,Pre-Team-05,Pre-Team-13,FINISHED,2.0,0.0,1.44,0.53,2.29,2.88,3.57,2.78,1.46,3.55,1.3,True
2322,Premier League (England),2024,2025-05-28 18:00:00,Pre-Team-06,Pre-Team-12,FINISHED,2.0,2.0,1.72,1.3,1.92,3.88,3.55,1.72,2.12,1.79,2.04,True
2323,Premier League (England),2024,2025-05-28 16:00:00,Pre-Team-02,Pre-Team-09,FINISHED,1.0,1.0,0.99,0.53,1.71,3.22,6.08,3.14,1.36,3.42,1.32,True
2324,Premier League (England),2024,2025-05-28 18:00:00,Pre-Team-15,Pre-Team-11,FINISHED,1.0,1.0,0.92,1.66,3.43,3.62,2.03,1.88,1.96,2.02,1.81,True
2325,Premier League (England),2024,2025-05-28 16:00:00,Pre-Team-14,Pre-Team-04,FINISHED,0.0,2.0,0.83,1.47,4.52,3.23,1.9,2.56,1.51,2.97,1.39,True
2326,Premier League (England),2024,2025-05-28 13:00:00,Pre-Team-03,Pre-Team-07,FINISHED,1.0,2.0,2.15,0.95,1.55,4.71,5.0,1.58,2.37,1.49,2.66,True
2327,Premier League (England),2024,2025-05-28 13:00:00,Pre-Team-01,Pre-Team-08,FINISHED,0.0,0.0,1.57,0.61,1.53,3.79,6.88,2.68,1.47,2.61,1.49,True
2328,Premier League (England),2024,2025-05-28 18:00:00,Pre-Team-10,Pre-Team-16,FINISHED,0.0,1.0,0.75,1.42,5.24,3.29,1.77,2.78,1.45,3.05,1.39,True
2329,La Liga (Spain),2024,2025-05-28 13:00:00,La -Team-12,La -Team-01,FINISHED,1.0,1.0,2.2,0.88,1.43,4.71,6.87,1.98,1.83,1.75,2.1,True
2330,La Liga (Spain),2024,2025-05-28 21:00:00,La -Team-11,La -Team-09,FINISHED,2.0,0.0,1.38,0.7,1.65,4.06,4.8,1.88,1.95,1.86,1.96,True
2331,La Liga (Spain),2024,2025-05-28 21:00:00,La -Team-15,La -Team-16,FINISHED,0.0,0.0,1.6,0.94,1.71,3.62,5.05,2.31,1.62,2.4,1.57,True
2332,La Liga (Spain),2024,2025-05-28 16:00:00,La -Team-10,La -Team-04,FINISHED,0.0,1.0,1.18,0.66,1.97,3.18,4.28,2.57,1.51,3.02,1.39,True
2333,La Liga (Spain),2024,2025-05-28 21:00:00,La -Team-06,La -Team-03,FINISHED,3.0,1.0,2.42,1.34,1.5,4.88,5.3,1.57,2.45,1.43,2.82,True
2334,La Liga (Spain),2024,2025-05-28 21:00:00,La -Team-07,La -Team-13,FINISHED,0.0,2.0,0.71,1.01,3.21,2.87,2.54,2.76,1.46,3.58,1.3,True
2335,La Liga (Spain),2024,2025-05-28 18:00:00,La -Team-08,La -Team-14,FINISHED,2.0,0.0,0.91,0.93,2.85,2.76,2.86,2.89,1.42,3.88,1.26,True
2336,La Liga (Spain),2024,2025-05-28 13:00:00,La -Team-02,La -Team-05,FINISHED,0.0,0.0,1.88,1.78,3.02,4.04,2.09,1.55,2.46,1.6,2.37,True
2337,Serie A (Italy),2024,2025-05-28 13:00:00,Ser-Team-08,Ser-Team-02,FINISHED,1.0,1.0,0.99,1.91,5.12,4.38,1.57,1.78,2.06,1.7,2.16,True
2338,Serie A (Italy),2024,2025-05-28 21:00:00,Ser-Team-10,Ser-Team-11,FINISHED,1.0,0.0,1.75,1.04,1.57,4.3,5.27,1.86,1.96,1.81,2.02,True
2339,Serie A (Italy),2024,2025-05-28 21:00:00,Ser-Team-09,Ser-Team-01,FINISHED,1.0,1.0,0.87,1.17,3.37,3.07,2.27,2.48,1.55,3.06,1.38,True
2340,Serie A (Italy),2024,2025-05-28 21:00:00,Ser-Team-05,Ser-Team-03,FINISHED,2.0,1.0,1.2,0.6,1.82,3.46,4.51,2.31,1.61,2.51,1.54,True
2341,Serie A (Italy),2024,2025-05-28 13:00:00,Ser-Team-15,Ser-Team-07,FINISHED,1.0,3.0,1.16,1.3,2.75,3.2,2.58,2.16,1.69,2.56,1.52,True
2342,Serie A (Italy),2024,2025-05-28 21:00:00,Ser-Team-06,Ser-Team-13,FINISHED,0.0,1.0,0.2,0.68,5.58,2.2,2.35,6.03,1.13,9.83,1.06,True
2343,Serie A (Italy),2024,2025-05-28 21:00:00,Ser-Team-04,Ser-Team-16,FINISHED,5.0,0.0,2.14,0.91,1.34,4.94,8.93,2.29,1.63,1.85,1.96,True
2344,Serie A (Italy),2024,2025-05-28 16:00:00,Ser-Team-12,Ser-Team-14,FINISHED,3.0,1.0,1.17,0.86,2.27,3.21,3.22,2.24,1.66,2.65,1.49,True
2345,Bundesliga (Germany),2024,2025-05-28 16:00:00,Bun-Team-10,Bun-Team-11,FINISHED,3.0,1.0,1.47,0.9,1.77,3.78,4.36,1.98,1.83,2.05,1.79,True
2346,Bundesliga (Germany),2024,2025-05-28 21:00:00,Bun-Team-08,Bun-Team-05,FINISHED,0.0,2.0,0.45,0.6,4.51,2.68,2.12,3.53,1.3,4.8,1.19,True
2347,Bundesliga (Germany),2024,2025-05-28 13:00:00,Bun-Team-14,Bun-Team-02,FINISHED,1.0,3.0,1.71,1.79,2.24,4.06,2.7,1.47,2.7,1.51,2.58,True
2348,Bundesliga (Germany),2024,2025-05-28 21:00:00,Bun-Team-15,Bun-Team-06,FINISHED,3.0,5.0,1.45,1.06,2.1,3.39,3.52,2.12,1.73,2.4,1.58,True
2349,Bundesliga (Germany),2024,2025-05-28 21:00:00,Bun-Team-16,Bun-Team-04,FINISHED,2.0,1.0,1.03,1.25,2.54,3.22,2.77,2.14,1.71,2.53,1.53,True
2350,Bundesliga (Germany),2024,2025-05-28 16:00:00,Bun-Team-07,Bun-Team-12,FINISHED,2.0,1.0,1.2,1.6,3.1,3.42,2.24,1.99,1.85,2.23,1.67,True
2351,Bundesliga (Germany),2024,2025-05-28 21:00:00,Bun-Team-01,Bun-Team-13,FINISHED,1.0,0.0,1.83,1.01,1.88,3.9,3.69,1.76,2.09,1.79,2.03,True
2352,Bundesliga (Germany),2024,2025-05-28 16:00:00,Bun-Team-09,Bun-Team-03,FINISHED,1.0,1.0,1.38,0.6,1.53,3.39,8.76,3.89,1.27,3.65,1.28,True
2353,Ligue 1 (France),2024,2025-05-28 13:00:00,Lig-Team-09,Lig-Team-14,FINISHED,1.0,4.0,1.64,0.77,1.77,3.69,4.34,2.03,1.77,2.12,1.72,True
2354,Ligue 1 (France),2024,2025-05-28 18:00:00,Lig-Team-10,Lig-Team-04,FINISHED,1.0,3.0,0.87,1.31,4.87,3.01,1.91,3.08,1.38,3.77,1.27,True
2355,Ligue 1 (France),2024,2025-05-28 13:00:00,Lig-Team-03,Lig-Team-13,FINISHED,0.0,0.0,0.81,0.74,2.71,2.65,3.17,3.22,1.35,4.53,1.2,True
2356,Ligue 1 (France),2024,2025-05-28 18:00:00,Lig-Team-05,Lig-Team-06,FINISHED,2.0,3.0,1.54,1.06,2.39,3.66,2.69,1.74,2.12,1.89,1.92,True
2357,Ligue 1 (France),2024,2025-05-28 13:00:00,Lig-Team-07,Lig-Team-02,FINISHED,0.0,0.0,0.91,0.39,1.7,3.15,6.9,3.62,1.29,3.9,1.25,True
2358,Ligue 1 (France),2024,2025-05-28 13:00:00,Lig-Team-01,Lig-Team-15,FINISHED,1.0,3.0,1.12,1.46,3.77,3.88,1.86,1.74,2.09,1.81,2.02,True
2359,Ligue 1 (France),2024,2025-05-28 21:00:00,Lig-Team-16,Lig-Team-08,FINISHED,0.0,0.0,1.23,0.42,2.38,2.41,4.35,4.29,1.22,6.46,1.12,True
2360,Ligue 1 (France),2024,2025-05-28 18:00:00,Lig-Team-11,Lig-Team-12,FINISHED,0.0,2.0,1.4,1.0,2.22,3.33,3.24,2.11,1.71,2.46,1.55,True
2361,Premier League (England),2024,2025-05-29 16:00:00,Pre-Team-08,Pre-Team-05,FINISHED,1.0,2.0,0.57,1.18,4.49,2.76,2.12,3.3,1.34,4.23,1.24,True
2362,Premier League (England),2024,2025-05-29 16:00:00,Pre-Team-12,Pre-Team-14,FINISHED,0.0,0.0,1.13,1.03,2.66,3.27,2.67,2.12,1.72,2.48,1.55,True
2363,Premier League (England),2024,2025-05-29 18:00:00,Pre-Team-07,Pre-Team-11,FINISHED,3.0,6.0,1.75,2.35,5.25,5.46,1.46,1.38,3.05,1.26,3.93,True
2364,Premier League (England),2024,2025-05-29 18:00:00,Pre-Team-16,Pre-Team-04,FINISHED,1.0,1.0,1.06,0.82,3.03,2.91,2.62,2.68,1.47,3.5,1.3,True
2365,Premier League (England),2024,2025-05-29 18:00:00,Pre-Team-02,Pre-Team-09,FINISHED,1.0,1.0,1.4,0.67,1.7,3.23,6.05,3.13,1.36,3.43,1.31,True
2366,Premier League (England),2024,2025-05-29 21:00:00,Pre-Team-03,Pre-Team-13,FINISHED,0.0,2.0,0.95,1.1,2.37,3.09,3.12,2.4,1.58,2.91,1.42,True
2367,Premier League (England),2024,2025-05-29 18:00:00,Pre-Team-06,Pre-Team-01,FINISHED,0.0,1.0,1.09,1.3,2.95,3.4,2.32,1.98,1.85,2.24,1.64,True
2368,Premier League (England),2024,2025-05-29 13:00:00,Pre-Team-10,Pre-Team-15,FINISHED,1.0,1.0,1.14,1.38,3.32,3.4,2.15,2.05,1.78,2.35,1.61,True
2369,La Liga (Spain),2024,2025-05-29 13:00:00,La -Team-01,La -Team-04,FINISHED,1.0,1.0,0.78,1.19,2.31,3.12,3.29,2.35,1.6,2.83,1.44,True
2370,La Liga (Spain),2024,2025-05-29 16:00:00,La -Team-10,La -Team-16,FINISHED,3.0,0.0,1.89,0.65,1.51,4.24,6.01,2.05,1.77,1.92,1.88,True
2371,La Liga (Spain),2024,2025-05-29 21:00:00,La -Team-07,La -Team-05,FINISHED,0.0,0.0,0.57,1.22,5.01,3.53,1.74,2.42,1.58,2.58,1.53,True
2372,La Liga (Spain),2024,2025-05-29 13:00:00,La -Team-14,La -Team-12,FINISHED,3.0,2.0,1.06,0.84,2.63,3.12,2.78,2.32,1.62,2.81,1.44,True
2373,La Liga (Spain),2024,2025-05-29 13:00:00,La -Team-02,La -Team-11,FINISHED,1.0,1.0,1.19,1.34,2.51,3.45,2.71,1.91,1.9,2.13,1.7,True
2374,La Liga (Spain),2024,2025-05-29 21:00:00,La -Team-09,La -Team-13,FINISHED,0.0,5.0,1.49,1.21,2.55,3.78,2.54,1.68,2.22,1.78,2.05,True
2375,La Liga (Spain),2024,2025-05-29 16:00:00,La -Team-08,La -Team-15,FINISHED,0.0,0.0,0.84,0.94,2.08,2.96,4.08,2.81,1.44,3.48,1.3,True
2376,La Liga (Spain),2024,2025-05-29 18:00:00,La -Team-06,La -Team-03,FINISHED,4.0,1.0,2.15,0.7,1.49,4.93,5.31,1.57,2.44,1.45,2.83,True
2377,Serie A (Italy),2024,2025-05-29 21:00:00,Ser-Team-10,Ser-Team-07,FINISHED,3.0,1.0,2.09,1.03,1.82,4.06,3.76,1.66,2.22,1.7,2.2,True
2378,Serie A (Italy),2024,2025-05-29 18:00:00,Ser-Team-12,Ser-Team-09,FINISHED,2.0,0.0,1.21,0.89,1.97,3.41,3.92,2.21,1.67,2.48,1.55,True
2379,Serie A (Italy),2024,2025-05-29 21:00:00,Ser-Team-01,Ser-Team-06,FINISHED,0.0,0.0,1.4,0.53,1.56,3.05,11.94,5.99,1.13,5.31,1.17,True
2380,Serie A (Italy),2024,2025-05-29 21:00:00,Ser-Team-13,Ser-Team-04,FINISHED,0.0,1.0,0.72,0.83,3.45,2.83,2.42,2.88,1.41,3.83,1.26,True
2381,Serie A (Italy),2024,2025-05-29 13:00:00,Ser-Team-11,Ser-Team-08,FINISHED,1.0,1.0,1.99,1.32,1.74,4.25,4.04,1.61,2.3,1.6,2.34,True
2382,Serie A (Italy),2024,2025-05-29 18:00:00,Ser-Team-14,Ser-Team-15,FINISHED,3.0,3.0,1.66,0.65,1.77,3.33,5.14,2.65,1.49,2.94,1.41,True
2383,Serie A (Italy),2024,2025-05-29 16:00:00,Ser-Team-05,Ser-Team-16,FINISHED,3.0,0.0,2.08,0.74,1.41,4.5,7.78,2.38,1.6,2.06,1.77,True
2384,Serie A (Italy),2024,2025-05-29 13:00:00,Ser-Team-02,Ser-Team-03,FINISHED,0.0,0.0,1.64,1.19,1.9,3.46,4.03,2.16,1.7,2.4,1.59,True
2385,Bundesliga (Germany),2024,2025-05-29 21:00:00,Bun-Team-16,Bun-Team-02,FINISHED,0.0,2.0,1.03,1.28,3.17,3.18,2.33,2.23,1.66,2.67,1.49,True
2386,Bundesliga (Germany),2024,2025-05-29 18:00:00,Bun-Team-05,Bun-Team-15,FINISHED,0.0,0.0,0.74,1.46,3.67,2.91,2.24,2.82,1.44,3.61,1.3,True
2387,Bundesliga (Germany),2024,2025-05-29 16:00:00,Bun-Team-03,Bun-Team-12,FINISHED,1.0,1.0,0.86,1.54,5.58,3.48,1.69,2.62,1.52,2.74,1.46,True
2388,Bundesliga (Germany),2024,2025-05-29 18:00:00,Bun-Team-08,Bun-Team-10,FINISHED,2.0,0.0,0.95,1.33,4.36,2.68,2.18,3.49,1.3,4.69,1.19,True
2389,Bundesliga (Germany),2024,2025-05-29 16:00:00,Bun-Team-07,Bun-Team-06,FINISHED,2.0,2.0,1.43,1.63,3.05,3.74,2.15,1.73,2.1,1.86,1.95,True
2390,Bundesliga (Germany),2024,2025-05-29 18:00:00,Bun-Team-11,Bun-Team-09,FINISHED,1.0,1.0,0.73,1.82,4.93,3.46,1.75,2.39,1.57,2.55,1.51,True
2391,Bundesliga (Germany),2024,2025-05-29 16:00:00,Bun-Team-04,Bun-Team-13,FINISHED,2.0,1.0,1.07,1.35,2.64,3.81,2.41,1.62,2.32,1.71,2.18,True
2392,Bundesliga (Germany),2024,2025-05-29 21:00:00,Bun-Team-14,Bun-Team-01,FINISHED,3.0,2.0,1.33,1.85,2.66,4.04,2.31,1.51,2.59,1.55,2.46,True
2393,Ligue 1 (France),2024,2025-05-29 16:00:00,Lig-Team-11,Lig-Team-04,FINISHED,2.0,0.0,0.71,0.57,2.34,2.78,3.65,2.99,1.41,3.94,1.26,True
2394,Ligue 1 (France),2024,2025-05-29 16:00:00,Lig-Team-14,Lig-Team-09,FINISHED,1.0,0.0,0.74,1.13,3.09,3.42,2.27,2.0,1.81,2.25,1.64,True
2395,Ligue 1 (France),2024,2025-05-29 16:00:00,Lig-Team-07,Lig-Team-02,FINISHED,2.0,0.0,1.1,0.71,1.67,3.12,6.87,3.62,1.3,3.89,1.27,True
2396,Ligue 1 (France),2024,2025-05-29 13:00:00,Lig-Team-10,Lig-Team-16,FINISHED,1.0,4.0,0.53,1.01,3.89,2.89,2.22,2.89,1.43,3.7,1.3,True
2397,Ligue 1 (France),2024,2025-05-29 13:00:00,Lig-Team-08,Lig-Team-15,FINISHED,3.0,2.0,0.87,1.41,5.54,3.45,1.7,2.67,1.46,2.84,1.42,True
2398,Ligue 1 (France),2024,2025-05-29 18:00:00,Lig-Team-06,Lig-Team-03,FINISHED,1.0,1.0,0.94,1.14,2.27,3.39,3.1,2.01,1.83,2.27,1.63,True
2399,Ligue 1 (France),2024,2025-05-29 16:00:00,Lig-Team-01,Lig-Team-13,FINISHED,2.0,0.0,1.25,0.81,2.31,3.18,3.15,2.26,1.64,2.7,1.47,True
2400,Ligue 1 (France),2024,2025-05-29 21:00:00,Lig-Team-05,Lig-Team-12,FINISHED,1.0,0.0,1.22,0.94,3.37,3.13,2.25,2.36,1.59,2.83,1.43,True
2401,Premier League (England),2024,2025-06-04 13:00:00,Pre-Team-11,Pre-Team-12,FINISHED,2.0,0.0,2.51,1.01,1.37,5.68,6.74,1.56,2.43,1.37,3.19,True
2402,Premier League (England),2024,2025-06-04 13:00:00,Pre-Team-07,Pre-Team-02,FINISHED,0.0,2.0,0.59,2.63,6.65,5.04,1.41,1.77,2.06,1.57,2.44,True
2403,Premier League (England),2024,2025-06-04 21:00:00,Pre-Team-05,Pre-Team-13,FINISHED,0.0,0.0,0.99,0.31,2.29,2.9,3.59,2.8,1.45,3.58,1.29,True
2404,Premier League (England),2024,2025-06-04 21:00:00,Pre-Team-08,Pre-Team-14,FINISHED,1.0,1.0,1.03,0.48,3.7,2.52,2.52,3.65,1.28,5.27,1.16,True
2405,Premier League (England),2024,2025-06-04 16:00:00,Pre-Team-10,Pre-Team-15,FINISHED,0.0,0.0,1.2,1.03,3.3,3.39,2.16,2.07,1.78,2.33,1.61,True
2406,Premier League (England),2024,2025-06-04 21:00:00,Pre-Team-01,Pre-Team-16,FINISHED,0.0,0.0,1.03,1.12,2.71,2.87,2.92,2.71,1.47,3.53,1.31,True
2407,Premier League (England),2024,2025-06-04 18:00:00,Pre-Team-04,Pre-Team-03,FINISHED,0.0,2.0,1.95,0.88,1.55,4.08,5.81,2.09,1.73,2.02,1.8,True
2408,Premier League (England),2024,2025-06-04 16:00:00,Pre-Team-06,Pre-Team-09,FINISHED,1.0,1.0,1.11,0.99,2.5,2.93,3.12,2.67,1.49,3.45,1.33,True
2409,La Liga (Spain),2024,2025-06-04 21:00:00,La -Team-03,La -Team-16,FINISHED,0.0,3.0,1.76,1.02,2.01,4.14,3.12,1.51,2.57,1.53,2.56,True
2410,La Liga (Spain),2024,2025-06-04 13:00:00,La -Team-15,La -Team-04,FINISHED,1.0,2.0,1.45,0.56,2.27,2.85,3.79,3.01,1.4,3.89,1.27,True
2411,La Liga (Spain),2024,2025-06-04 16:00:00,La -Team-02,La -Team-13,FINISHED,1.0,3.0,1.58,0.62,1.99,3.79,3.42,1.78,2.08,1.87,1.92,True
2412,La Liga (Spain),2024,2025-06-04 13:00:00,La -Team-07,La -Team-10,FINISHED,1.0,0.0,0.67,1.31,3.98,3.34,1.96,2.29,1.63,2.6,1.5,True
2413,La Liga (Spain),2024,2025-06-04 18:00:00,La -Team-08,La -Team-05,FINISHED,1.0,0.0,0.91,0.63,2.59,3.01,2.93,2.43,1.56,3.08,1.38,True
2414,La Liga (Spain),2024,2025-06-04 13:00:00,La -Team-11,La -Team-06,FINISHED,1.0,1.0,1.37,0.97,2.32,3.0,3.36,2.53,1.52,3.15,1.36,True
2415,La Liga (Spain),2024,2025-06-04 21:00:00,La -Team-14,La -Team-09,FINISHED,5.0,0.0,2.2,0.75,1.35,5.34,7.54,1.81,2.02,1.53,2.51,True
2416,La Liga (Spain),2024,2025-06-04 16:00:00,La -Team-12,La -Team-01,FINISHED,0.0,0.0,2.16,1.06,1.42,4.73,6.92,1.98,1.85,1.75,2.08,True
2417,Serie A (Italy),2024,2025-06-04 13:00:00,Ser-Team-13,Ser-Team-05,FINISHED,0.0,2.0,0.84,0.52,3.27,2.71,2.63,3.11,1.38,4.26,1.22,True
2418,Serie A (Italy),2024,2025-06-04 21:00:00,Ser-Team-08,Ser-Team-12,FINISHED,3.0,4.0,1.37,2.62,5.88,5.26,1.43,1.54,2.51,1.37,3.08,True
2419,Serie A (Italy),2024,2025-06-04 16:00:00,Ser-Team-14,Ser-Team-03,FINISHED,0.0,0.0,1.79,0.74,1.85,3.54,4.2,2.14,1.73,2.3,1.61,True
2420,Serie A (Italy),2024,2025-06-04 21:00:00,Ser-Team-07,Ser-Team-11,FINISHED,1.0,0.0,1.26,1.16,1.9,3.47,4.08,2.17,1.67,2.41,1.57,True
2421,Serie A (Italy),2024,2025-06-04 18:00:00,Ser-Team-09,Ser-Team-04,FINISHED,1.0,0.0,0.7,1.04,3.26,2.9,2.43,2.7,1.49,3.48,1.3,True
2422,Serie A (Italy),2024,2025-06-04 13:00:00,Ser-Team-10,Ser-Team-01,FINISHED,0.0,1.0,1.47,1.65,2.84,3.6,2.33,1.81,2.01,1.97,1.84,True
2423,Serie A (Italy),2024,2025-06-04 18:00:00,Ser-Team-16,Ser-Team-02,FINISHED,0.0,0.0,1.06,1.47,4.51,3.67,1.76,2.08,1.74,2.21,1.67,True
2424,Serie A (Italy),2024,2025-06-04 21:00:00,Ser-Team-06,Ser-Team-15,FINISHED,1.0,1.0,0.32,0.57,4.47,2.2,2.62,5.29,1.15,8.95,1.07,True
2425,Bundesliga (Germany),2024,2025-06-04 16:00:00,Bun-Team-02,Bun-Team-09,FINISHED,2.0,3.0,0.5,1.08,3.78,2.94,2.18,2.78,1.46,3.46,1.31,True
2426,Bundesliga (Germany),2024,2025-06-04 21:00:00,Bun-Team-08,Bun-Team-04,FINISHED,0.0,2.0,0.45,1.0,3.22,2.77,2.56,2.91,1.41,3.94,1.25,True
2427,Bundesliga (Germany),2024,2025-06-04 21:00:00,Bun-Team-10,Bun-Team-11,FINISHED,3.0,2.0,1.88,0.93,1.76,3.77,4.39,1.99,1.87,2.05,1.78,True
2428,Bundesliga (Germany),2024,2025-06-04 21:00:00,Bun-Team-03,Bun-Team-16,FINISHED,0.0,0.0,1.01,1.03,2.68,2.8,3.03,2.82,1.44,3.72,1.28,True
2429,Bundesliga (Germany),2024,2025-06-04 18:00:00,Bun-Team-01,Bun-Team-15,FINISHED,1.0,1.0,0.92,0.82,3.38,3.01,2.33,2.54,1.52,3.21,1.37,True
2430,Bundesliga (Germany),2024,2025-06-04 16:00:00,Bun-Team-13,Bun-Team-06,FINISHED,1.0,0.0,1.31,1.66,3.36,4.22,1.87,1.49,2.64,1.5,2.63,True
2431,Bundesliga (Germany),2024,2025-06-04 21:00:00,Bun-Team-07,Bun-Team-14,FINISHED,2.0,2.0,1.92,1.73,1.84,4.32,3.54,1.48,2.64,1.46,2.71,True
2432,Bundesliga (Germany),2024,2025-06-04 21:00:00,Bun-Team-12,Bun-Team-05,FINISHED,2.0,0.0,1.36,0.97,1.85,3.44,4.35,2.29,1.64,2.51,1.54,True
2433,Ligue 1 (France),2024,2025-06-04 13:00:00,Lig-Team-13,Lig-Team-12,FINISHED,1.0,1.0,0.88,1.31,2.95,2.98,2.6,2.5,1.54,3.12,1.36,True
2434,Ligue 1 (France),2024,2025-06-04 13:00:00,Lig-Team-06,Lig-Team-01,FINISHED,0.0,3.0,1.46,1.86,2.24,4.01,2.74,1.53,2.52,1.57,2.43,True
2435,Ligue 1 (France),2024,2025-06-04 21:00:00,Lig-Team-11,Lig-Team-09,FINISHED,3.0,1.0,1.04,0.59,2.44,3.17,3.0,2.23,1.66,2.67,1.49,True
2436,Ligue 1 (France),2024,2025-06-04 18:00:00,Lig-Team-07,Lig-Team-08,FINISHED,1.0,1.0,1.33,0.48,1.7,3.09,6.82,3.72,1.27,4.12,1.25,True
2437,Ligue 1 (France),2024,2025-06-04 21:00:00,Lig-Team-16,Lig-Team-04,FINISHED,0.0,1.0,0.65,0.58,3.36,2.32,2.99,4.32,1.23,7.01,1.1,True
2438,Ligue 1 (France),2024,2025-06-04 16:00:00,Lig-Team-03,Lig-Team-02,FINISHED,0.0,0.0,0.83,0.63,2.3,2.55,4.31,3.88,1.27,5.59,1.14,True
2439,Ligue 1 (France),2024,2025-06-04 21:00:00,Lig-Team-15,Lig-Team-10,FINISHED,4.0,2.0,2.55,0.73,1.18,7.04,14.53,2.22,1.66,1.51,2.56,True
2440,Ligue 1 (France),2024,2025-06-04 16:00:00,Lig-Team-14,Lig-Team-05,FINISHED,3.0,0.0,1.3,0.93,2.02,3.51,3.57,2.02,1.8,2.25,1.65,True
2441,Premier League (England),2024,2025-06-05 16:00:00,Pre-Team-11,Pre-Team-02,FINISHED,1.0,2.0,1.08,1.12,2.67,3.45,2.53,1.96,1.88,2.18,1.68,True
2442,Premier League (England),2024,2025-06-05 13:00:00,Pre-Team-06,Pre-Team-04,FINISHED,0.0,2.0,0.99,1.71,4.45,3.75,1.76,2.05,1.78,2.13,1.73,True
2443,Premier League (England),2024,2025-06-05 13:00:00,Pre-Team-15,Pre-Team-10,FINISHED,3.0,0.0,1.36,0.57,1.72,3.74,4.77,2.12,1.74,2.2,1.67,True
2444,Premier League (England),2024,2025-06-05 16:00:00,Pre-Team-13,Pre-Team-12,FINISHED,4.0,0.0,1.68,0.79,1.83,3.78,4.07,1.9,1.92,1.99,1.84,True
2445,Premier League (England),2024,2025-06-05 18:00:00,Pre-Team-01,Pre-Team-08,FINISHED,2.0,0.0,1.37,0.51,1.54,3.77,6.85,2.7,1.48,2.61,1.51,True
2446,Premier League (England),2024,2025-06-05 18:00:00,Pre-Team-09,Pre-Team-05,FINISHED,3.0,2.0,0.93,0.86,2.97,2.66,2.83,3.13,1.38,4.36,1.22,True
2447,Premier League (England),2024,2025-06-05 21:00:00,Pre-Team-16,Pre-Team-14,FINISHED,1.0,0.0,1.2,0.63,2.1,2.57,5.13,4.08,1.26,5.56,1.15,True
2448,Premier League (England),2024,2025-06-05 13:00:00,Pre-Team-03,Pre-Team-07,FINISHED,2.0,0.0,2.39,1.28,1.55,4.67,5.01,1.6,2.37,1.47,2.63,True
2449,La Liga (Spain),2024,2025-06-05 21:00:00,La -Team-05,La -Team-13,FINISHED,2.0,1.0,1.48,0.88,1.69,3.67,5.14,2.26,1.62,2.39,1.59,True
2450,La Liga (Spain),2024,2025-06-05 21:00:00,La -Team-06,La -Team-09,FINISHED,1.0,1.0,1.77,1.19,1.61,4.52,4.51,1.57,2.42,1.5,2.57,True
2451,La Liga (Spain),2024,2025-06-05 18:00:00,La -Team-16,La -Team-14,FINISHED,0.0,1.0,0.52,1.42,5.62,3.67,1.64,2.39,1.59,2.45,1.56,True
2452,La Liga (Spain),2024,2025-06-05 21:00:00,La -Team-15,La -Team-02,FINISHED,2.0,0.0,1.75,1.24,2.17,3.75,2.98,1.7,2.17,1.82,2.0,True
2453,La Liga (Spain),2024,2025-06-05 13:00:00,La -Team-01,La -Team-04,FINISHED,0.0,0.0,1.04,0.87,2.34,3.13,3.25,2.35,1.6,2.83,1.44,True
2454,La Liga (Spain),2024,2025-06-05 18:00:00,La -Team-11,La -Team-12,FINISHED,1.0,1.0,0.92,1.16,3.51,2.98,2.27,2.57,1.5,3.22,1.36,True
2455,La Liga (Spain),2024,2025-06-05 13:00:00,La -Team-08,La -Team-03,FINISHED,0.0,0.0,2.04,0.75,1.42,4.72,6.76,1.94,1.88,1.71,2.14,True
2456,La Liga (Spain),2024,2025-06-05 18:00:00,La -Team-07,La -Team-10,FINISHED,1.0,2.0,0.93,1.22,4.0,3.32,1.99,2.29,1.63,2.58,1.51,True
2457,Serie A (Italy),2024,2025-06-05 13:00:00,Ser-Team-07,Ser-Team-02,FINISHED,3.0,2.0,1.03,1.06,2.9,3.11,2.55,2.32,1.6,2.85,1.43,True
2458,Serie A (Italy),2024,2025-06-05 18:00:00,Ser-Team-05,Ser-Team-04,FINISHED,1.0,0.0,0.81,0.89,2.72,2.7,3.1,3.09,1.41,4.21,1.24,True
2459,Serie A (Italy),2024,2025-06-05 18:00:00,Ser-Team-09,Ser-Team-11,FINISHED,1.0,0.0,1.5,0.89,1.9,3.27,4.5,2.54,1.53,2.84,1.42,True
2460,Serie A (Italy),2024,2025-06-05 13:00:00,Ser-Team-14,Ser-Team-15,FINISHED,4.0,2.0,1.36,1.1,1.78,3.3,5.11,2.66,1.49,2.91,1.4,True
2461,Serie A (Italy),2024,2025-06-05 16:00:00,Ser-Team-12,Ser-Team-13,FINISHED,0.0,3.0,1.39,0.58,1.93,3.28,4.09,2.37,1.59,2.67,1.48,True
2462,Serie A (Italy),2024,2025-06-05 16:00:00,Ser-Team-08,Ser-Team-16,FINISHED,2.0,3.0,1.85,1.72,2.23,4.35,2.59,1.34,3.35,1.34,3.38,True
2463,Serie A (Italy),2024,2025-06-05 13:00:00,Ser-Team-03,Ser-Team-01,FINISHED,0.0,0.0,1.41,1.42,3.7,3.53,2.0,2.01,1.81,2.19,1.67,True
2464,Serie A (Italy),2024,2025-06-05 16:00:00,Ser-Team-10,Ser-Team-06,FINISHED,0.0,0.0,1.38,0.58,1.53,3.39,8.85,3.93,1.26,3.68,1.28,True
2465,Bundesliga (Germany),2024,2025-06-05 18:00:00,Bun-Team-13,Bun-Team-04,FINISHED,1.0,0.0,1.49,1.01,1.82,4.07,3.76,1.65,2.27,1.66,2.25,True
2466,Bundesliga (Germany),2024,2025-06-05 21:00:00,Bun-Team-03,Bun-Team-08,FINISHED,0.0,1.0,1.1,0.81,2.55,2.45,3.78,3.99,1.24,6.02,1.13,True
2467,Bundesliga (Germany),2024,2025-06-05 21:00:00,Bun-Team-01,Bun-Team-09,FINISHED,1.0,0.0,0.56,0.85,3.23,2.85,2.53,2.84,1.44,3.68,1.29,True
2468,Bundesliga (Germany),2024,2025-06-05 18:00:00,Bun-Team-07,Bun-Team-10,FINISHED,1.0,1.0,1.18,1.31,2.32,3.22,3.14,2.21,1.68,2.6,1.5,True
2469,Bundesliga (Germany),2024,2025-06-05 16:00:00,Bun-Team-02,Bun-Team-15,FINISHED,0.0,0.0,0.73,0.99,3.98,3.15,2.04,2.5,1.55,2.95,1.41,True
2470,Bundesliga (Germany),2024,2025-06-05 13:00:00,Bun-Team-12,Bun-Team-05,FINISHED,3.0,1.0,1.6,0.68,1.84,3.42,4.41,2.28,1.63,2.51,1.53,True
2471,Bundesliga (Germany),2024,2025-06-05 16:00:00,Bun-Team-16,Bun-Team-06,FINISHED,2.0,4.0,1.04,1.85,5.05,4.0,1.64,2.01,1.82,2.01,1.81,True
2472,Bundesliga (Germany),2024,2025-06-05 16:00:00,Bun-Team-14,Bun-Team-11,FINISHED,3.0,1.0,2.17,1.47,1.72,4.76,3.73,1.37,3.22,1.31,3.57,True
2473,Ligue 1 (France),2024,2025-06-05 21:00:00,Lig-Team-16,Lig-Team-03,FINISHED,0.0,2.0,0.72,0.61,2.75,2.44,3.46,3.82,1.27,5.87,1.15,True
2474,Ligue 1 (France),2024,2025-06-05 18:00:00,Lig-Team-06,Lig-Team-05,FINISHED,2.0,2.0,1.56,1.27,2.01,3.77,3.34,1.75,2.09,1.86,1.94,True
2475,Ligue 1 (France),2024,2025-06-05 18:00:00,Lig-Team-01,Lig-Team-07,FINISHED,0.0,2.0,1.09,1.3,3.36,3.22,2.23,2.24,1.66,2.64,1.5,True
2476,Ligue 1 (France),2024,2025-06-05 18:00:00,Lig-Team-15,Lig-Team-02,FINISHED,2.0,0.0,1.6,0.45,1.42,4.16,8.34,2.75,1.46,2.41,1.58,True
2477,Ligue 1 (France),2024,2025-06-05 16:00:00,Lig-Team-11,Lig-Team-12,FINISHED,0.0,1.0,1.02,0.85,2.24,3.28,3.21,2.12,1.73,2.44,1.54,True
2478,Ligue 1 (France),2024,2025-06-05 21:00:00,Lig-Team-10,Lig-Team-09,FINISHED,0.0,2.0,0.95,1.76,5.83,3.75,1.6,2.41,1.58,2.37,1.59,True
2479,Ligue 1 (France),2024,2025-06-05 18:00:00,Lig-Team-13,Lig-Team-04,FINISHED,1.0,1.0,0.59,0.79,3.06,2.52,3.0,3.59,1.3,5.39,1.16,True
2480,Ligue 1 (France),2024,2025-06-05 16:00:00,Lig-Team-14,Lig-Team-08,FINISHED,2.0,1.0,1.45,1.17,1.96,3.17,4.29,2.59,1.51,3.05,1.39,True
2481,Premier League (England),2024,2025-06-11 13:00:00,Pre-Team-16,Pre-Team-09,FINISHED,1.0,0.0,0.86,0.8,2.1,2.62,4.85,3.88,1.26,5.3,1.16,True
2482,Premier League (England),2024,2025-06-11 13:00:00,Pre-Team-08,Pre-Team-15,FINISHED,0.0,1.0,0.97,0.92,3.61,2.81,2.34,2.9,1.42,3.85,1.27,True
2483,Premier League (England),2024,2025-06-11 21:00:00,Pre-Team-06,Pre-Team-07,FINISHED,2.0,3.0,2.12,1.16,1.67,4.41,4.26,1.56,2.42,1.52,2.56,True
2484,Premier League (England),2024,2025-06-11 21:00:00,Pre-Team-13,Pre-Team-05,FINISHED,1.0,1.0,0.7,1.13,2.69,2.85,2.98,2.79,1.46,3.64,1.29,True
2485,Premier League (England),2024,2025-06-11 13:00:00,Pre-Team-14,Pre-Team-11,FINISHED,1.0,0.0,0.66,1.61,3.49,3.27,2.13,2.26,1.66,2.62,1.5,True
2486,Premier League (England),2024,2025-06-11 16:00:00,Pre-Team-03,Pre-Team-04,FINISHED,0.0,0.0,1.02,1.24,3.9,3.61,1.9,2.02,1.82,2.17,1.68,True
2487,Premier League (England),2024,2025-06-11 13:00:00,Pre-Team-02,Pre-Team-12,FINISHED,2.0,1.0,2.73,1.02,1.34,5.14,8.25,2.06,1.77,1.72,2.15,True
2488,Premier League (England),2024,2025-06-11 13:00:00,Pre-Team-01,Pre-Team-10,FINISHED,2.0,1.0,2.17,0.47,1.41,4.82,7.12,1.97,1.84,1.72,2.12,True
2489,La Liga (Spain),2024,2025-06-11 16:00:00,La -Team-04,La -Team-06,FINISHED,0.0,0.0,0.82,0.91,2.95,2.87,2.68,2.73,1.45,3.57,1.3,True
2490,La Liga (Spain),2024,2025-06-11 18:00:00,La -Team-03,La -Team-15,FINISHED,0.0,2.0,1.43,1.8,3.19,3.99,2.0,1.57,2.41,1.65,2.28,True
2491,La Liga (Spain),2024,2025-06-11 13:00:00,La -Team-10,La -Team-09,FINISHED,2.0,1.0,1.97,1.28,1.51,4.95,5.11,1.51,2.58,1.4,3.02,True
2492,La Liga (Spain),2024,2025-06-11 13:00:00,La -Team-07,La -Team-11,FINISHED,0.0,1.0,0.72,1.12,4.08,2.81,2.21,3.09,1.36,4.04,1.24,True
2493,La Liga (Spain),2024,2025-06-11 16:00:00,La -Team-12,La -Team-13,FINISHED,0.0,3.0,1.46,0.5,1.53,3.92,6.58,2.49,1.55,2.39,1.57,True
2494,La Liga (Spain),2024,2025-06-11 18:00:00,La -Team-14,La -Team-01,FINISHED,0.0,1.0,1.81,1.03,1.55,4.07,5.7,2.08,1.75,2.03,1.79,True
2495,La Liga (Spain),2024,2025-06-11 18:00:00,La -Team-05,La -Team-16,FINISHED,2.0,0.0,2.11,0.64,1.38,4.83,8.1,2.21,1.68,1.86,1.95,True
2496,La Liga (Spain),2024,2025-06-11 18:00:00,La -Team-08,La -Team-02,FINISHED,1.0,1.0,1.2,0.94,1.88,3.69,3.97,1.99,1.85,2.1,1.73,True
2497,Serie A (Italy),2024,2025-06-11 18:00:00,Ser-Team-11,Ser-Team-16,FINISHED,3.0,1.0,1.79,0.7,1.95,3.64,3.66,1.91,1.9,2.03,1.77,True
2498,Serie A (Italy),2024,2025-06-11 16:00:00,Ser-Team-03,Ser-Team-08,FINISHED,2.0,1.0,2.59,1.18,1.4,5.5,5.98,1.47,2.73,1.3,3.62,True
2499,Serie A (Italy),2024,2025-06-11 13:00:00,Ser-Team-07,Ser-Team-05,FINISHED,0.0,0.0,0.78,1.08,3.21,3.02,2.41,2.47,1.55,3.07,1.39,True
2500,Serie A (Italy),2024,2025-06-11 13:00:00,Ser-Team-01,Ser-Team-02,FINISHED,2.0,1.0,1.04,0.78,2.06,3.08,4.06,2.67,1.48,3.25,1.35,True
2501,Serie A (Italy),2024,2025-06-11 16:00:00,Ser-Team-15,Ser-Team-04,FINISHED,1.0,1.0,1.09,1.06,4.26,3.09,2.0,2.71,1.48,3.19,1.36,True
2502,Serie A (Italy),2024,2025-06-11 21:00:00,Ser-Team-10,Ser-Team-12,FINISHED,2.0,0.0,1.5,1.48,2.35,3.85,2.67,1.61,2.33,1.7,2.17,True
2503,Serie A (Italy),2024,2025-06-11 18:00:00,Ser-Team-13,Ser-Team-09,FINISHED,2.0,1.0,0.94,1.12,2.55,2.87,3.14,2.72,1.46,3.57,1.3,True
2504,Serie A (Italy),2024,2025-06-11 16:00:00,Ser-Team-14,Ser-Team-06,FINISHED,2.0,1.0,1.13,0.33,1.72,2.64,9.49,6.09,1.13,6.71,1.12,True
2505,Bundesliga (Germany),2024,2025-06-11 16:00:00,Bun-Team-05,Bun-Team-10,FINISHED,2.0,2.0,0.66,1.15,2.36,3.03,3.26,2.5,1.54,3.13,1.37,True
2506,Bundesliga (Germany),2024,2025-06-11 21:00:00,Bun-Team-14,Bun-Team-12,FINISHED,0.0,0.0,1.1,2.14,3.55,4.35,1.83,1.48,2.66,1.47,2.71,True
2507,Bundesliga (Germany),2024,2025-06-11 18:00:00,Bun-Team-13,Bun-Team-01,FINISHED,3.0,3.0,1.32,1.52,2.6,3.71,2.49,1.72,2.15,1.84,1.96,True
2508,Bundesliga (Germany),2024,2025-06-11 18:00:00,Bun-Team-08,Bun-Team-09,FINISHED,0.0,3.0,0.65,1.07,6.86,2.68,1.85,4.66,1.2,5.6,1.14,True
2509,Bundesliga (Germany),2024,2025-06-11 13:00:00,Bun-Team-04,Bun-Team-16,FINISHED,1.0,1.0,0.96,1.07,2.13,3.31,3.47,2.18,1.7,2.49,1.54,True
2510,Bundesliga (Germany),2024,2025-06-11 13:00:00,Bun-Team-07,Bun-Team-06,FINISHED,2.0,2.0,0.98,1.64,3.05,3.7,2.15,1.73,2.11,1.87,1.95,True
2511,Bundesliga (Germany),2024,2025-06-11 18:00:00,Bun-Team-03,Bun-Team-02,FINISHED,0.0,2.0,0.59,0.85,3.54,3.07,2.23,2.52,1.52,3.11,1.37,True
2512,Bundesliga (Germany),2024,2025-06-11 21:00:00,Bun-Team-11,Bun-Team-15,FINISHED,1.0,1.0,0.62,1.65,5.36,3.78,1.64,2.19,1.68,2.25,1.65,True
2513,Ligue 1 (France),2024,2025-06-11 16:00:00,Lig-Team-06,Lig-Team-12,FINISHED,1.0,1.0,1.42,1.51,2.87,3.8,2.23,1.65,2.25,1.75,2.1,True
2514,Ligue 1 (France),2024,2025-06-11 13:00:00,Lig-Team-11,Lig-Team-01,FINISHED,0.0,1.0,1.2,0.94,1.84,3.71,4.04,1.96,1.85,2.08,1.75,True
2515,Ligue 1 (France),2024,2025-06-11 21:00:00,Lig-Team-02,Lig-Team-09,FINISHED,0.0,1.0,0.82,0.93,4.41,2.86,2.07,3.18,1.35,4.12,1.24,True
2516,Ligue 1 (France),2024,2025-06-11 13:00:00,Lig-Team-03,Lig-Team-15,FINISHED,1.0,2.0,0.84,1.48,4.19,3.31,1.93,2.38,1.58,2.71,1.48,True
2517,Ligue 1 (France),2024,2025-06-11 21:00:00,Lig-Team-16,Lig-Team-13,FINISHED,0.0,1.0,0.62,0.92,2.74,2.58,3.23,3.41,1.32,4.92,1.18,True
2518,Ligue 1 (France),2024,2025-06-11 21:00:00,Lig-Team-14,Lig-Team-10,FINISHED,3.0,0.0,1.48,0.75,1.5,4.38,5.92,1.97,1.84,1.83,2.0,True
2519,Ligue 1 (France),2024,2025-06-11 13:00:00,Lig-Team-08,Lig-Team-05,FINISHED,0.0,1.0,0.74,0.76,2.91,2.59,2.99,3.29,1.34,4.65,1.2,True
2520,Ligue 1 (France),2024,2025-06-11 13:00:00,Lig-Team-07,Lig-Team-04,FINISHED,1.0,2.0,0.83,0.19,2.27,2.63,4.23,3.63,1.29,4.99,1.19,True
2521,Premier League (England),2024,2025-06-12 21:00:00,Pre-Team-16,Pre-Team-08,FINISHED,1.0,0.0,1.04,0.01,1.69,3.01,7.84,4.24,1.23,4.5,1.2,True
2522,Premier League (England),2024,2025-06-12 21:00:00,Pre-Team-01,Pre-Team-04,FINISHED,0.0,0.0,1.31,1.76,3.17,3.63,2.14,1.82,1.97,2.0,1.81,True
2523,Premier League (England),2024,2025-06-12 18:00:00,Pre-Team-14,Pre-Team-13,FINISHED,1.0,0.0,0.77,0.56,2.8,2.71,3.02,3.1,1.37,4.29,1.22,True
2524,Premier League (England),2024,2025-06-12 18:00:00,Pre-Team-09,Pre-Team-06,FINISHED,0.0,1.0,0.67,0.82,2.4,2.92,3.33,2.67,1.47,3.44,1.32,True
2525,Premier League (England),2024,2025-06-12 21:00:00,Pre-Team-11,Pre-Team-03,FINISHED,1.0,0.0,1.54,1.15,1.72,3.98,4.34,1.82,1.99,1.84,1.95,True
2526,Premier League (England),2024,2025-06-12 18:00:00,Pre-Team-02,Pre-Team-10,FINISHED,2.0,0.0,2.32,0.4,1.27,5.45,11.37,2.5,1.54,1.88,1.92,True
2527,Premier League (England),2024,2025-06-12 21:00:00,Pre-Team-12,Pre-Team-15,FINISHED,0.0,1.0,1.24,1.41,2.57,3.58,2.55,1.79,2.06,1.94,1.86,True
2528,Premier League (England),2024,2025-06-12 21:00:00,Pre-Team-07,Pre-Team-05,FINISHED,0.0,2.0,1.0,2.1,3.76,3.93,1.86,1.72,2.11,1.77,2.04,True
2529,La Liga (Spain),2024,2025-06-12 13:00:00,La -Team-15,La -Team-13,FINISHED,3.0,0.0,0.92,0.5,2.2,3.13,3.55,2.47,1.53,3.01,1.39,True
2530,La Liga (Spain),2024,2025-06-12 21:00:00,La -Team-07,La -Team-01,FINISHED,2.0,1.0,1.02,1.48,3.02,3.3,2.34,2.12,1.73,2.47,1.56,True
2531,La Liga (Spain),2024,2025-06-12 13:00:00,La -Team-06,La -Team-10,FINISHED,1.0,0.0,1.41,1.0,2.39,3.47,2.83,1.9,1.91,2.14,1.7,True
2532,La Liga (Spain),2024,2025-06-12 16:00:00,La -Team-04,La -Team-12,FINISHED,0.0,1.0,0.68,0.97,4.68,3.09,1.91,2.83,1.43,3.37,1.33,True
2533,La Liga (Spain),2024,2025-06-12 21:00:00,La -Team-14,La -Team-11,FINISHED,1.0,1.0,1.02,0.48,2.03,3.0,4.32,2.91,1.42,3.56,1.29,True
2534,La Liga (Spain),2024,2025-06-12 18:00:00,La -Team-02,La -Team-08,FINISHED,1.0,0.0,1.3,1.43,2.84,3.43,2.4,1.92,1.85,2.18,1.69,True
2535,La Liga (Spain),2024,2025-06-12 16:00:00,La -Team-03,La -Team-05,FINISHED,0.0,2.0,1.16,2.61,5.05,4.96,1.52,1.51,2.59,1.41,3.02,True
2536,La Liga (Spain),2024,2025-06-12 18:00:00,La -Team-09,La -Team-16,FINISHED,1.0,1.0,1.68,0.86,1.86,4.19,3.53,1.57,2.46,1.56,2.45,True
2537,Serie A (Italy),2024,2025-06-12 13:00:00,Ser-Team-01,Ser-Team-14,FINISHED,1.0,1.0,1.41,0.98,2.08,3.08,3.9,2.58,1.5,3.19,1.36,True
2538,Serie A (Italy),2024,2025-06-12 13:00:00,Ser-Team-10,Ser-Team-03,FINISHED,2.0,1.0,2.17,1.11,1.75,4.27,3.94,1.55,2.46,1.54,2.53,True
2539,Serie A (Italy),2024,2025-06-12 21:00:00,Ser-Team-07,Ser-Team-12,FINISHED,0.0,4.0,0.75,1.45,2.96,3.48,2.3,1.9,1.9,2.13,1.73,True
2540,Serie A (Italy),2024,2025-06-12 13:00:00,Ser-Team-06,Ser-Team-05,FINISHED,1.0,0.0,0.12,1.12,7.4,2.29,2.05,6.63,1.11,9.26,1.06,True
2541,Serie A (Italy),2024,2025-06-12 21:00:00,Ser-Team-16,Ser-Team-15,FINISHED,0.0,2.0,1.13,1.28,2.8,3.46,2.39,1.88,1.94,2.1,1.73,True
2542,Serie A (Italy),2024,2025-06-12 21:00:00,Ser-Team-08,Ser-Team-09,FINISHED,0.0,1.0,1.11,1.66,4.17,4.19,1.72,1.67,2.23,1.63,2.26,True
2543,Serie A (Italy),2024,2025-06-12 18:00:00,Ser-Team-11,Ser-Team-02,FINISHED,2.0,0.0,0.52,1.15,3.79,3.02,2.14,2.65,1.49,3.25,1.35,True
2544,Serie A (Italy),2024,2025-06-12 21:00:00,Ser-Team-13,Ser-Team-04,FINISHED,2.0,0.0,0.77,0.58,3.46,2.8,2.42,2.91,1.41,3.85,1.26,True
2545,Bundesliga (Germany),2024,2025-06-12 21:00:00,Bun-Team-10,Bun-Team-13,FINISHED,2.0,0.0,1.23,0.95,2.08,3.63,3.31,1.85,1.97,1.98,1.83,True
2546,Bundesliga (Germany),2024,2025-06-12 21:00:00,Bun-Team-06,Bun-Team-07,FINISHED,2.0,1.0,1.91,0.89,1.7,4.09,4.43,1.79,2.04,1.78,2.04,True
2547,Bundesliga (Germany),2024,2025-06-12 21:00:00,Bun-Team-11,Bun-Team-02,FINISHED,3.0,1.0,1.19,1.5,2.8,3.66,2.32,1.75,2.08,1.88,1.9,True
2548,Bundesliga (Germany),2024,2025-06-12 16:00:00,Bun-Team-04,Bun-Team-16,FINISHED,0.0,1.0,1.41,1.01,2.13,3.35,3.44,2.14,1.7,2.49,1.54,True
2549,Bundesliga (Germany),2024,2025-06-12 13:00:00,Bun-Team-12,Bun-Team-05,FINISHED,1.0,1.0,1.37,0.65,1.85,3.44,4.38,2.28,1.64,2.51,1.53,True
2550,Bundesliga (Germany),2024,2025-06-12 21:00:00,Bun-Team-09,Bun-Team-03,FINISHED,0.0,2.0,1.54,0.21,1.54,3.36,8.8,3.87,1.26,3.7,1.28,True
2551,Bundesliga (Germany),2024,2025-06-12 18:00:00,Bun-Team-14,Bun-Team-01,FINISHED,1.0,0.0,1.17,1.56,2.68,3.99,2.27,1.5,2.58,1.54,2.47,True
2552,Bundesliga (Germany),2024,2025-06-12 21:00:00,Bun-Team-08,Bun-Team-15,FINISHED,0.0,0.0,0.56,1.11,7.27,2.95,1.71,4.17,1.23,4.61,1.2,True
2553,Ligue 1 (France),2024,2025-06-12 21:00:00,Lig-Team-04,Lig-Team-07,FINISHED,0.0,0.0,0.88,0.56,3.18,2.55,2.84,3.57,1.3,5.28,1.15,True
2554,Ligue 1 (France),2024,2025-06-12 13:00:00,Lig-Team-12,Lig-Team-08,FINISHED,1.0,0.0,1.53,0.74,1.81,3.07,5.65,3.2,1.36,3.63,1.3,True
2555,Ligue 1 (France),2024,2025-06-12 21:00:00,Lig-Team-14,Lig-Team-03,FINISHED,1.0,1.0,1.56,0.86,2.26,3.13,3.37,2.35,1.59,2.86,1.44,True
2556,Ligue 1 (France),2024,2025-06-12 18:00:00,Lig-Team-02,Lig-Team-09,FINISHED,0.0,0.0,0.27,0.94,4.41,2.82,2.07,3.18,1.37,4.1,1.26,True
2557,Ligue 1 (France),2024,2025-06-12 18:00:00,Lig-Team-15,Lig-Team-01,FINISHED,1.0,2.0,1.87,1.09,1.51,4.51,5.79,1.82,1.98,1.7,2.18,True
2558,Ligue 1 (France),2024,2025-06-12 21:00:00,Lig-Team-16,Lig-Team-05,FINISHED,2.0,1.0,1.43,0.7,2.41,2.71,3.62,3.16,1.36,4.36,1.22,True
2559,Ligue 1 (France),2024,2025-06-12 18:00:00,Lig-Team-06,Lig-Team-11,FINISHED,1.0,1.0,1.29,1.83,2.98,3.92,2.15,1.61,2.35,1.65,2.21,True
2560,Ligue 1 (France),2024,2025-06-12 13:00:00,Lig-Team-10,Lig-Team-13,FINISHED,1.0,1.0,0.9,0.98,4.03,3.18,2.02,2.47,1.55,2.88,1.43,True
2561,Premier League (England),2024,2025-06-18 13:00:00,Pre-Team-14,Pre-Team-16,FINISHED,1.0,3.0,0.65,0.66,3.81,2.42,2.61,3.96,1.24,6.05,1.13,True
2562,Premier League (England),2024,2025-06-18 21:00:00,Pre-Team-06,Pre-Team-07,FINISHED,3.0,0.0,1.98,0.98,1.64,4.43,4.28,1.57,2.42,1.51,2.53,True
2563,Premier League (England),2024,2025-06-18 21:00:00,Pre-Team-09,Pre-Team-03,FINISHED,1.0,0.0,0.99,0.85,2.6,2.9,2.99,2.66,1.48,3.49,1.32,True
2564,Premier League (England),2024,2025-06-18 21:00:00,Pre-Team-01,Pre-Team-12,FINISHED,2.0,0.0,2.36,1.02,1.53,4.63,5.13,1.68,2.23,1.57,2.43,True
2565,Premier League (England),2024,2025-06-18 18:00:00,Pre-Team-13,Pre-Team-02,FINISHED,2.0,3.0,1.26,1.46,3.88,3.03,2.12,2.66,1.48,3.26,1.35,True
2566,Premier League (England),2024,2025-06-18 13:00:00,Pre-Team-10,Pre-Team-05,FINISHED,0.0,0.0,1.08,1.32,4.22,3.39,1.9,2.28,1.63,2.58,1.52,True
2567,Premier League (England),2024,2025-06-18 21:00:00,Pre-Team-11,Pre-Team-15,FINISHED,2.0,1.0,1.93,1.01,1.63,4.03,5.01,1.95,1.86,1.91,1.9,True
2568,Premier League (England),2024,2025-06-18 13:00:00,Pre-Team-04,Pre-Team-08,FINISHED,2.0,0.0,1.88,0.29,1.29,4.95,11.58,2.94,1.42,2.19,1.69,True
2569,La Liga (Spain),2024,2025-06-18 16:00:00,La -Team-01,La -Team-04,FINISHED,1.0,0.0,1.03,0.77,2.3,3.15,3.29,2.35,1.6,2.81,1.44,True
2570,La Liga (Spain),2024,2025-06-18 18:00:00,La -Team-05,La -Team-03,FINISHED,3.0,0.0,3.25,0.77,1.27,6.43,8.64,1.6,2.34,1.3,3.53,True
2571,La Liga (Spain),2024,2025-06-18 18:00:00,La -Team-09,La -Team-13,FINISHED,1.0,2.0,1.05,1.84,2.52,3.75,2.51,1.67,2.23,1.78,2.04,True
2572,La Liga (Spain),2024,2025-06-18 21:00:00,La -Team-12,La -Team-16,FINISHED,1.0,0.0,2.02,0.31,1.29,5.39,10.75,2.42,1.56,1.84,1.98,True
2573,La Liga (Spain),2024,2025-06-18 16:00:00,La -Team-08,La -Team-02,FINISHED,0.0,1.0,1.48,0.94,1.86,3.7,4.03,1.99,1.83,2.13,1.75,True
2574,La Liga (Spain),2024,2025-06-18 21:00:00,La -Team-14,La -Team-06,FINISHED,0.0,0.0,1.38,0.72,1.83,3.44,4.57,2.33,1.6,2.55,1.53,True
2575,La Liga (Spain),2024,2025-06-18 13:00:00,La -Team-15,La -Team-10,FINISHED,1.0,4.0,1.02,1.29,2.58,3.34,2.71,2.03,1.78,2.37,1.6,True
2576,La Liga (Spain),2024,2025-06-18 16:00:00,La -Team-07,La -Team-11,FINISHED,0.0,1.0,0.6,0.83,4.07,2.81,2.18,3.11,1.37,4.01,1.23,True
2577,Serie A (Italy),2024,2025-06-18 21:00:00,Ser-Team-12,Ser-Team-08,FINISHED,4.0,1.0,2.79,0.57,1.22,7.15,10.33,1.65,2.25,1.3,3.69,True
2578,Serie A (Italy),2024,2025-06-18 16:00:00,Ser-Team-11,Ser-Team-14,FINISHED,4.0,2.0,0.67,0.97,3.86,3.1,2.09,2.58,1.52,3.08,1.37,True
2579,Serie A (Italy),2024,2025-06-18 18:00:00,Ser-Team-06,Ser-Team-03,FINISHED,0.0,1.0,0.58,0.77,4.88,2.55,2.15,4.1,1.24,5.71,1.15,True
2580,Serie A (Italy),2024,2025-06-18 13:00:00,Ser-Team-13,Ser-Team-09,FINISHED,0.0,0.0,0.82,0.8,2.55,2.89,3.1,2.73,1.47,3.56,1.31,True
2581,Serie A (Italy),2024,2025-06-18 18:00:00,Ser-Team-02,Ser-Team-04,FINISHED,1.0,2.0,0.88,1.19,2.9,2.77,2.77,2.82,1.44,3.85,1.27,True
2582,Serie A (Italy),2024,2025-06-18 18:00:00,Ser-Team-07,Ser-Team-16,FINISHED,1.0,0.0,1.43,1.0,1.57,4.36,5.12,1.79,2.04,1.72,2.15,True
2583,Serie A (Italy),2024,2025-06-18 21:00:00,Ser-Team-15,Ser-Team-01,FINISHED,0.0,3.0,0.3,1.54,4.48,3.27,1.87,2.49,1.54,2.83,1.44,True
2584,Serie A (Italy),2024,2025-06-18 18:00:00,Ser-Team-05,Ser-Team-10,FINISHED,1.0,1.0,1.63,0.53,2.06,3.43,3.49,2.03,1.79,2.26,1.64,True
2585,Bundesliga (Germany),2024,2025-06-18 16:00:00,Bun-Team-14,Bun-Team-04,FINISHED,1.0,1.0,2.17,1.5,1.82,4.42,3.56,1.45,2.78,1.42,2.86,True
2586,Bundesliga (Germany),2024,2025-06-18 21:00:00,Bun-Team-12,Bun-Team-02,FINISHED,2.0,0.0,1.76,0.7,1.68,3.84,4.91,2.07,1.76,2.11,1.73,True
2587,Bundesliga (Germany),2024,2025-06-18 18:00:00,Bun-Team-13,Bun-Team-06,FINISHED,1.0,1.0,1.0,1.64,3.39,4.23,1.92,1.51,2.66,1.5,2.61,True
2588,Bundesliga (Germany),2024,2025-06-18 21:00:00,Bun-Team-01,Bun-Team-03,FINISHED,1.0,1.0,1.35,0.62,1.64,3.5,6.05,2.76,1.47,2.8,1.43,True
2589,Bundesliga (Germany),2024,2025-06-18 13:00:00,Bun-Team-11,Bun-Team-08,FINISHED,1.0,0.0,0.81,0.54,2.0,3.12,4.13,2.61,1.5,3.12,1.37,True
2590,Bundesliga (Germany),2024,2025-06-18 16:00:00,Bun-Team-09,Bun-Team-10,FINISHED,2.0,1.0,1.13,0.79,1.94,2.97,4.95,3.14,1.36,3.84,1.27,True
2591,Bundesliga (Germany),2024,2025-06-18 18:00:00,Bun-Team-05,Bun-Team-15,FINISHED,1.0,2.0,0.44,1.17,3.66,2.89,2.27,2.79,1.44,3.61,1.3,True
2592,Bundesliga (Germany),2024,2025-06-18 21:00:00,Bun-Team-16,Bun-Team-07,FINISHED,1.0,1.0,0.9,0.97,3.42,3.24,2.18,2.24,1.67,2.6,1.5,True
2593,Ligue 1 (France),2024,2025-06-18 16:00:00,Lig-Team-08,Lig-Team-14,FINISHED,0.0,1.0,0.95,1.04,3.13,2.97,2.49,2.55,1.52,3.23,1.36,True
2594,Ligue 1 (France),2024,2025-06-18 18:00:00,Lig-Team-13,Lig-Team-15,FINISHED,0.0,2.0,0.89,1.58,3.89,3.42,1.95,2.17,1.7,2.4,1.59,True
2595,Ligue 1 (France),2024,2025-06-18 16:00:00,Lig-Team-02,Lig-Team-01,FINISHED,3.0,2.0,0.68,1.33,3.19,2.94,2.47,2.65,1.49,3.37,1.33,True
2596,Ligue 1 (France),2024,2025-06-18 21:00:00,Lig-Team-09,Lig-Team-06,FINISHED,4.0,0.0,1.86,0.83,1.65,4.21,4.62,1.78,2.05,1.75,2.08,True
2597,Ligue 1 (France),2024,2025-06-18 16:00:00,Lig-Team-10,Lig-Team-07,FINISHED,0.0,3.0,0.8,1.33,6.53,3.78,1.55,2.58,1.51,2.51,1.54,True
2598,Ligue 1 (France),2024,2025-06-18 13:00:00,Lig-Team-16,Lig-Team-11,FINISHED,0.0,1.0,0.65,1.08,3.36,2.87,2.45,2.8,1.44,3.7,1.28,True
2599,Ligue 1 (France),2024,2025-06-18 16:00:00,Lig-Team-12,Lig-Team-03,FINISHED,0.0,2.0,1.41,0.43,2.01,2.99,4.33,2.84,1.42,3.47,1.3,True
2600,Ligue 1 (France),2024,2025-06-18 16:00:00,Lig-Team-04,Lig-Team-05,FINISHED,1.0,0.0,0.83,0.72,2.07,2.76,4.53,3.43,1.32,4.47,1.21,True
2601,Premier League (England),2024,2025-06-19 13:00:00,Pre-Team-03,Pre-Team-11,FINISHED,1.0,1.0,1.44,1.54,3.04,3.62,2.18,1.78,2.04,1.94,1.88,True
2602,Premier League (England),2024,2025-06-19 18:00:00,Pre-Team-15,Pre-Team-14,FINISHED,1.0,2.0,0.64,0.52,2.51,2.78,3.31,2.95,1.41,3.9,1.26,True
2603,Premier League (England),2024,2025-06-19 18:00:00,Pre-Team-02,Pre-Team-16,FINISHED,1.0,2.0,0.99,0.65,2.2,2.69,4.17,3.35,1.33,4.57,1.21,True
2604,Premier League (England),2024,2025-06-19 16:00:00,Pre-Team-06,Pre-Team-10,FINISHED,1.0,1.0,2.17,1.25,1.71,3.81,4.71,2.03,1.81,2.07,1.75,True
2605,Premier League (England),2024,2025-06-19 13:00:00,Pre-Team-07,Pre-Team-09,FINISHED,2.0,0.0,0.77,1.5,3.06,3.63,2.21,1.81,1.99,1.98,1.85,True
2606,Premier League (England),2024,2025-06-19 21:00:00,Pre-Team-12,Pre-Team-08,FINISHED,2.0,1.0,1.61,0.86,1.92,3.5,4.01,2.15,1.71,2.35,1.62,True
2607,Premier League (England),2024,2025-06-19 13:00:00,Pre-Team-05,Pre-Team-13,FINISHED,0.0,1.0,0.85,0.95,2.31,2.91,3.57,2.79,1.45,3.58,1.31,True
2608,Premier League (England),2024,2025-06-19 13:00:00,Pre-Team-04,Pre-Team-01,FINISHED,4.0,2.0,1.56,0.97,1.68,4.03,4.63,1.9,1.91,1.9,1.91,True
2609,La Liga (Spain),2024,2025-06-19 18:00:00,La -Team-04,La -Team-16,FINISHED,1.0,1.0,1.26,0.59,2.03,3.02,4.26,2.81,1.43,3.43,1.31,True
2610,La Liga (Spain),2024,2025-06-19 21:00:00,La -Team-01,La -Team-13,FINISHED,2.0,1.0,0.95,0.7,2.28,3.38,3.08,2.0,1.82,2.26,1.66,True
2611,La Liga (Spain),2024,2025-06-19 13:00:00,La -Team-09,La -Team-14,FINISHED,0.0,2.0,0.83,1.86,4.65,4.33,1.62,1.72,2.14,1.65,2.24,True
2612,La Liga (Spain),2024,2025-06-19 16:00:00,La -Team-08,La -Team-11,FINISHED,2.0,0.0,0.67,0.79,2.36,2.7,3.76,3.28,1.33,4.49,1.2,True
2613,La Liga (Spain),2024,2025-06-19 13:00:00,La -Team-12,La -Team-15,FINISHED,1.0,1.0,1.44,0.75,1.63,3.75,5.68,2.35,1.59,2.36,1.6,True
2614,La Liga (Spain),2024,2025-06-19 18:00:00,La -Team-07,La -Team-02,FINISHED,1.0,3.0,1.0,1.67,3.37,3.61,2.05,1.86,1.94,2.0,1.81,True
2615,La Liga (Spain),2024,2025-06-19 18:00:00,La -Team-05,La -Team-10,FINISHED,1.0,1.0,1.54,1.07,1.9,3.73,3.78,1.87,1.97,1.96,1.84,True
2616,La Liga (Spain),2024,2025-06-19 21:00:00,La -Team-06,La -Team-03,FINISHED,4.0,0.0,2.13,1.36,1.49,4.96,5.26,1.55,2.44,1.43,2.83,True
2617,Serie A (Italy),2024,2025-06-19 13:00:00,Ser-Team-06,Ser-Team-16,FINISHED,0.0,3.0,0.89,0.91,3.35,2.44,2.79,3.76,1.28,5.72,1.14,True
2618,Serie A (Italy),2024,2025-06-19 18:00:00,Ser-Team-11,Ser-Team-01,FINISHED,0.0,0.0,0.57,1.44,4.81,3.41,1.8,2.48,1.53,2.74,1.49,True
2619,Serie A (Italy),2024,2025-06-19 21:00:00,Ser-Team-10,Ser-Team-14,FINISHED,4.0,0.0,1.33,0.87,2.33,3.48,2.84,1.88,1.94,2.08,1.75,True
2620,Serie A (Italy),2024,2025-06-19 21:00:00,Ser-Team-09,Ser-Team-05,FINISHED,0.0,3.0,0.66,0.97,3.1,2.81,2.63,2.87,1.42,3.84,1.27,True
2621,Serie A (Italy),2024,2025-06-19 16:00:00,Ser-Team-13,Ser-Team-12,FINISHED,1.0,0.0,0.6,1.28,3.02,3.13,2.46,2.33,1.63,2.83,1.43,True
2622,Serie A (Italy),2024,2025-06-19 18:00:00,Ser-Team-02,Ser-Team-03,FINISHED,1.0,0.0,1.74,0.91,1.92,3.47,4.07,2.17,1.7,2.38,1.59,True
2623,Serie A (Italy),2024,2025-06-19 16:00:00,Ser-Team-04,Ser-Team-07,FINISHED,0.0,0.0,1.63,0.8,1.77,3.46,4.85,2.4,1.57,2.6,1.5,True
2624,Serie A (Italy),2024,2025-06-19 18:00:00,Ser-Team-15,Ser-Team-08,FINISHED,3.0,0.0,2.62,1.38,1.65,4.38,4.45,1.65,2.26,1.6,2.37,True
2625,Bundesliga (Germany),2024,2025-06-19 18:00:00,Bun-Team-08,Bun-Team-13,FINISHED,2.0,1.0,0.76,1.35,3.83,3.16,2.07,2.46,1.56,2.92,1.42,True
2626,Bundesliga (Germany),2024,2025-06-19 18:00:00,Bun-Team-04,Bun-Team-03,FINISHED,2.0,0.0,1.41,1.02,2.05,3.2,3.83,2.43,1.56,2.85,1.43,True
2627,Bundesliga (Germany),2024,2025-06-19 13:00:00,Bun-Team-02,Bun-Team-07,FINISHED,0.0,2.0,0.9,1.37,2.47,3.36,2.8,1.97,1.83,2.27,1.62,True
2628,Bundesliga (Germany),2024,2025-06-19 16:00:00,Bun-Team-14,Bun-Team-09,FINISHED,0.0,3.0,1.02,1.32,3.88,3.71,1.88,1.88,1.9,2.02,1.81,True
2629,Bundesliga (Germany),2024,2025-06-19 21:00:00,Bun-Team-15,Bun-Team-10,FINISHED,3.0,0.0,1.26,0.46,1.78,3.21,5.26,2.89,1.43,3.19,1.34,True
2630,Bundesliga (Germany),2024,2025-06-19 21:00:00,Bun-Team-11,Bun-Team-01,FINISHED,2.0,2.0,0.94,1.73,3.39,3.69,2.01,1.81,2.02,1.94,1.87,True
2631,Bundesliga (Germany),2024,2025-06-19 13:00:00,Bun-Team-05,Bun-Team-06,FINISHED,0.0,2.0,0.87,1.62,3.06,3.48,2.25,1.93,1.89,2.15,1.71,True
2632,Bundesliga (Germany),2024,2025-06-19 21:00:00,Bun-Team-12,Bun-Team-16,FINISHED,1.0,1.0,1.53,0.38,1.44,4.27,7.51,2.44,1.57,2.17,1.69,True
2633,Ligue 1 (France),2024,2025-06-19 21:00:00,Lig-Team-07,Lig-Team-11,FINISHED,2.0,0.0,1.32,0.99,2.15,3.13,3.56,2.38,1.58,2.87,1.43,True
2634,Ligue 1 (France),2024,2025-06-19 21:00:00,Lig-Team-14,Lig-Team-01,FINISHED,5.0,1.0,1.62,1.22,2.22,3.73,2.95,1.72,2.12,1.88,1.96,True
2635,Ligue 1 (France),2024,2025-06-19 21:00:00,Lig-Team-10,Lig-Team-16,FINISHED,1.0,0.0,0.93,1.25,3.83,2.87,2.22,2.88,1.41,3.68,1.29,True
2636,Ligue 1 (France),2024,2025-06-19 18:00:00,Lig-Team-06,Lig-Team-08,FINISHED,2.0,2.0,1.17,0.89,1.92,3.43,3.99,2.18,1.66,2.45,1.56,True
2637,Ligue 1 (France),2024,2025-06-19 21:00:00,Lig-Team-03,Lig-Team-12,FINISHED,0.0,0.0,0.68,0.77,3.18,2.84,2.56,2.77,1.45,3.69,1.29,True
2638,Ligue 1 (France),2024,2025-06-19 13:00:00,Lig-Team-15,Lig-Team-04,FINISHED,1.0,1.0,1.28,1.07,1.88,3.2,4.68,2.68,1.48,3.05,1.39,True
2639,Ligue 1 (France),2024,2025-06-19 16:00:00,Lig-Team-13,Lig-Team-02,FINISHED,0.0,0.0,0.94,0.8,2.13,2.71,4.5,3.46,1.32,4.62,1.19,True
2640,Ligue 1 (France),2024,2025-06-19 18:00:00,Lig-Team-05,Lig-Team-09,FINISHED,1.0,2.0,0.63,1.23,3.72,3.08,2.14,2.5,1.53,3.06,1.4,True
2641,Premier League (England),2024,2025-06-25 13:00:00,Pre-Team-05,Pre-Team-13,FINISHED,1.0,1.0,0.95,0.87,2.28,2.9,3.6,2.77,1.46,3.58,1.3,True
2642,Premier League (England),2024,2025-06-25 21:00:00,Pre-Team-16,Pre-Team-04,FINISHED,0.0,0.0,0.69,0.78,3.04,2.9,2.59,2.72,1.47,3.52,1.3,True
2643,Premier League (England),2024,2025-06-25 16:00:00,Pre-Team-02,Pre-Team-11,FINISHED,2.0,0.0,1.49,0.71,1.94,3.59,3.75,1.96,1.83,2.13,1.74,True
2644,Premier League (England),2024,2025-06-25 18:00:00,Pre-Team-14,Pre-Team-01,FINISHED,1.0,1.0,0.9,0.63,3.11,2.98,2.48,2.55,1.52,3.16,1.36,True
2645,Premier League (England),2024,2025-06-25 18:00:00,Pre-Team-08,Pre-Team-15,FINISHED,0.0,1.0,0.85,0.6,3.58,2.82,2.34,2.91,1.42,3.84,1.27,True
2646,Premier League (England),2024,2025-06-25 13:00:00,Pre-Team-09,Pre-Team-12,FINISHED,0.0,0.0,1.52,0.92,2.0,3.43,3.7,2.06,1.77,2.31,1.62,True
2647,Premier League (England),2024,2025-06-25 13:00:00,Pre-Team-10,Pre-Team-07,FINISHED,1.0,1.0,1.83,1.4,2.28,4.16,2.6,1.43,2.86,1.44,2.84,True
2648,Premier League (England),2024,2025-06-25 16:00:00,Pre-Team-06,Pre-Team-03,FINISHED,1.0,1.0,1.21,0.39,2.55,3.24,2.79,2.14,1.71,2.53,1.53,True
2649,La Liga (Spain),2024,2025-06-25 18:00:00,La -Team-16,La -Team-05,FINISHED,0.0,3.0,0.81,1.58,5.13,3.95,1.65,2.07,1.77,2.06,1.78,True
2650,La Liga (Spain),2024,2025-06-25 16:00:00,La -Team-01,La -Team-14,FINISHED,0.0,0.0,1.17,1.4,3.79,3.58,1.92,2.0,1.81,2.16,1.68,True
2651,La Liga (Spain),2024,2025-06-25 13:00:00,La -Team-02,La -Team-15,FINISHED,6.0,0.0,1.88,1.39,2.19,3.75,2.95,1.7,2.17,1.81,2.01,True
2652,La Liga (Spain),2024,2025-06-25 21:00:00,La -Team-04,La -Team-06,FINISHED,2.0,0.0,1.15,0.69,2.95,2.88,2.71,2.72,1.47,3.55,1.3,True
2653,La Liga (Spain),2024,2025-06-25 18:00:00,La -Team-07,La -Team-10,FINISHED,0.0,1.0,0.82,1.42,3.97,3.31,1.97,2.31,1.63,2.62,1.52,True
2654,La Liga (Spain),2024,2025-06-25 16:00:00,La -Team-03,La -Team-11,FINISHED,2.0,2.0,1.06,1.48,3.67,3.8,1.88,1.78,2.04,1.85,1.94,True
2655,La Liga (Spain),2024,2025-06-25 21:00:00,La -Team-13,La -Team-12,FINISHED,1.0,1.0,0.65,1.54,4.45,3.37,1.85,2.4,1.6,2.66,1.48,True
2656,La Liga (Spain),2024,2025-06-25 21:00:00,La -Team-09,La -Team-08,FINISHED,1.0,0.0,1.51,1.42,3.84,3.76,1.88,1.86,1.95,1.97,1.84,True
2657,Serie A (Italy),2024,2025-06-25 18:00:00,Ser-Team-12,Ser-Team-06,FINISHED,1.0,1.0,1.3,0.68,1.58,3.09,9.71,4.91,1.17,4.7,1.19,True
2658,Serie A (Italy),2024,2025-06-25 16:00:00,Ser-Team-05,Ser-Team-14,FINISHED,1.0,1.0,0.79,0.83,2.4,2.81,3.5,2.95,1.4,3.94,1.25,True
2659,Serie A (Italy),2024,2025-06-25 13:00:00,Ser-Team-07,Ser-Team-03,FINISHED,1.0,1.0,1.36,1.14,2.15,3.64,3.09,1.79,2.01,1.92,1.88,True
2660,Serie A (Italy),2024,2025-06-25 18:00:00,Ser-Team-13,Ser-Team-16,FINISHED,1.0,1.0,1.74,1.0,1.64,3.86,5.21,2.16,1.73,2.17,1.7,True
2661,Serie A (Italy),2024,2025-06-25 16:00:00,Ser-Team-02,Ser-Team-04,FINISHED,0.0,0.0,0.94,1.37,2.91,2.78,2.78,2.84,1.44,3.81,1.27,True
2662,Serie A (Italy),2024,2025-06-25 13:00:00,Ser-Team-10,Ser-Team-11,FINISHED,3.0,0.0,1.64,0.7,1.57,4.26,5.26,1.87,1.94,1.79,2.03,True
2663,Serie A (Italy),2024,2025-06-25 13:00:00,Ser-Team-09,Ser-Team-15,FINISHED,1.0,1.0,1.17,0.66,1.99,3.18,4.1,2.54,1.52,2.94,1.41,True
2664,Serie A (Italy),2024,2025-06-25 21:00:00,Ser-Team-01,Ser-Team-08,FINISHED,3.0,2.0,2.9,0.82,1.18,7.54,13.34,1.89,1.91,1.36,3.19,True
2665,Bundesliga (Germany),2024,2025-06-25 16:00:00,Bun-Team-07,Bun-Team-12,FINISHED,3.0,1.0,0.95,1.5,3.1,3.45,2.24,1.98,1.85,2.22,1.67,True
2666,Bundesliga (Germany),2024,2025-06-25 16:00:00,Bun-Team-01,Bun-Team-13,FINISHED,2.0,0.0,1.83,1.01,1.88,3.86,3.69,1.74,2.1,1.79,2.03,True
2667,Bundesliga (Germany),2024,2025-06-25 18:00:00,Bun-Team-09,Bun-Team-06,FINISHED,0.0,0.0,1.38,1.19,2.26,3.17,3.3,2.31,1.61,2.77,1.45,True
2668,Bundesliga (Germany),2024,2025-06-25 16:00:00,Bun-Team-03,Bun-Team-05,FINISHED,0.0,4.0,0.56,0.83,3.97,2.92,2.15,2.86,1.43,3.64,1.29,True
2669,Bundesliga (Germany),2024,2025-06-25 21:00:00,Bun-Team-10,Bun-Team-16,FINISHED,2.0,1.0,1.5,0.57,1.83,3.3,4.8,2.55,1.5,2.88,1.43,True
2670,Bundesliga (Germany),2024,2025-06-25 16:00:00,Bun-Team-04,Bun-Team-02,FINISHED,1.0,1.0,1.19,1.22,2.77,3.43,2.46,1.93,1.88,2.2,1.7,True
2671,Bundesliga (Germany),2024,2025-06-25 21:00:00,Bun-Team-08,Bun-Team-11,FINISHED,1.0,0.0,1.03,1.04,3.05,2.95,2.55,2.55,1.51,3.29,1.33,True
2672,Bundesliga (Germany),2024,2025-06-25 16:00:00,Bun-Team-14,Bun-Team-15,FINISHED,0.0,2.0,1.08,1.96,4.2,4.05,1.73,1.77,2.07,1.79,2.04,True
2673,Ligue 1 (France),2024,2025-06-25 16:00:00,Lig-Team-09,Lig-Team-03,FINISHED,0.0,2.0,1.39,0.73,1.95,2.98,4.77,3.04,1.38,3.67,1.28,True
2674,Ligue 1 (France),2024,2025-06-25 21:00:00,Lig-Team-14,Lig-Team-02,FINISHED,0.0,4.0,1.37,0.37,1.92,3.23,4.32,2.53,1.53,2.89,1.41,True
2675,Ligue 1 (France),2024,2025-06-25 21:00:00,Lig-Team-12,Lig-Team-07,FINISHED,0.0,3.0,0.81,0.75,2.76,3.0,2.72,2.48,1.55,3.12,1.37,True
2676,Ligue 1 (France),2024,2025-06-25 18:00:00,Lig-Team-16,Lig-Team-11,FINISHED,0.0,2.0,0.61,0.91,3.34,2.84,2.46,2.81,1.45,3.66,1.28,True
2677,Ligue 1 (France),2024,2025-06-25 13:00:00,Lig-Team-06,Lig-Team-13,FINISHED,2.0,1.0,1.52,1.35,2.31,3.57,2.86,1.83,1.97,2.0,1.82,True
2678,Ligue 1 (France),2024,2025-06-25 13:00:00,Lig-Team-08,Lig-Team-10,FINISHED,3.0,1.0,1.12,0.79,2.08,2.89,4.21,2.99,1.39,3.81,1.26,True
2679,Ligue 1 (France),2024,2025-06-25 13:00:00,Lig-Team-04,Lig-Team-15,FINISHED,0.0,1.0,0.87,1.36,3.38,2.97,2.33,2.59,1.49,3.26,1.34,True
2680,Ligue 1 (France),2024,2025-06-25 13:00:00,Lig-Team-05,Lig-Team-01,FINISHED,0.0,0.0,1.05,1.53,2.66,3.24,2.63,2.1,1.72,2.5,1.54,True
2681,Premier League (England),2024,2025-06-26 18:00:00,Pre-Team-13,Pre-Team-07,FINISHED,3.0,1.0,1.99,0.94,1.59,4.38,4.97,1.71,2.13,1.63,2.25,True
2682,Premier League (England),2024,2025-06-26 16:00:00,Pre-Team-02,Pre-Team-14,FINISHED,0.0,0.0,1.12,0.39,1.71,3.22,6.22,3.28,1.32,3.58,1.3,True
2683,Premier League (England),2024,2025-06-26 13:00:00,Pre-Team-12,Pre-Team-05,FINISHED,3.0,1.0,1.13,1.56,3.22,3.49,2.12,1.93,1.87,2.15,1.71,True
2684,Premier League (England),2024,2025-06-26 16:00:00,Pre-Team-03,Pre-Team-09,FINISHED,1.0,0.0,1.12,0.93,2.31,2.96,3.49,2.7,1.49,3.41,1.33,True
2685,Premier League (England),2024,2025-06-26 18:00:00,Pre-Team-01,Pre-Team-16,FINISHED,1.0,0.0,1.01,1.27,2.73,2.86,2.91,2.69,1.48,3.56,1.31,True
2686,Premier League (England),2024,2025-06-26 16:00:00,Pre-Team-10,Pre-Team-06,FINISHED,0.0,1.0,1.24,1.4,3.29,3.41,2.16,1.97,1.84,2.19,1.69,True
2687,Premier League (England),2024,2025-06-26 21:00:00,Pre-Team-08,Pre-Team-04,FINISHED,1.0,0.0,0.85,1.65,7.41,3.92,1.49,2.7,1.47,2.53,1.53,True
2688,Premier League (England),2024,2025-06-26 18:00:00,Pre-Team-15,Pre-Team-11,FINISHED,0.0,3.0,1.25,1.43,3.4,3.62,2.04,1.89,1.95,2.04,1.79,True
2689,La Liga (Spain),2024,2025-06-26 18:00:00,La -Team-08,La -Team-13,FINISHED,1.0,0.0,0.94,0.51,1.95,2.96,4.69,2.99,1.39,3.62,1.3,True
2690,La Liga (Spain),2024,2025-06-26 21:00:00,La -Team-04,La -Team-14,FINISHED,0.0,0.0,0.78,0.93,4.21,2.83,2.14,3.11,1.37,4.02,1.25,True
2691,La Liga (Spain),2024,2025-06-26 18:00:00,La -Team-10,La -Team-11,FINISHED,0.0,1.0,1.13,1.21,2.35,3.15,3.17,2.35,1.6,2.82,1.43,True
2692,La Liga (Spain),2024,2025-06-26 18:00:00,La -Team-01,La -Team-05,FINISHED,3.0,0.0,1.09,1.69,3.48,3.84,1.97,1.75,2.11,1.83,1.97,True
2693,La Liga (Spain),2024,2025-06-26 18:00:00,La -Team-16,La -Team-07,FINISHED,1.0,1.0,0.62,0.77,2.44,3.04,3.11,2.49,1.55,3.07,1.38,True
2694,La Liga (Spain),2024,2025-06-26 18:00:00,La -Team-09,La -Team-12,FINISHED,0.0,1.0,1.04,2.28,5.69,4.91,1.47,1.63,2.27,1.5,2.66,True
2695,La Liga (Spain),2024,2025-06-26 21:00:00,La -Team-06,La -Team-02,FINISHED,1.0,4.0,1.76,1.34,2.05,3.94,3.14,1.62,2.32,1.67,2.22,True
2696,La Liga (Spain),2024,2025-06-26 16:00:00,La -Team-03,La -Team-15,FINISHED,0.0,1.0,1.12,1.55,3.16,4.0,2.01,1.56,2.4,1.63,2.31,True
2697,Serie A (Italy),2024,2025-06-26 18:00:00,Ser-Team-15,Ser-Team-10,FINISHED,3.0,3.0,1.26,1.57,3.28,3.66,2.07,1.8,2.0,1.94,1.86,True
2698,Serie A (Italy),2024,2025-06-26 16:00:00,Ser-Team-06,Ser-Team-05,FINISHED,0.0,0.0,0.44,0.83,7.5,2.28,2.05,6.6,1.1,9.14,1.07,True
2699,Serie A (Italy),2024,2025-06-26 21:00:00,Ser-Team-07,Ser-Team-16,FINISHED,2.0,0.0,1.99,0.78,1.58,4.37,5.09,1.77,2.03,1.73,2.14,True
2700,Serie A (Italy),2024,2025-06-26 21:00:00,Ser-Team-02,Ser-Team-04,FINISHED,2.0,0.0,0.81,0.97,2.92,2.76,2.8,2.85,1.43,3.84,1.26,True
2701,Serie A (Italy),2024,2025-06-26 13:00:00,Ser-Team-01,Ser-Team-14,FINISHED,2.0,0.0,1.29,1.01,2.08,3.08,3.9,2.6,1.5,3.11,1.37,True
2702,Serie A (Italy),2024,2025-06-26 21:00:00,Ser-Team-09,Ser-Team-03,FINISHED,1.0,1.0,1.3,1.08,2.09,3.42,3.37,2.04,1.8,2.28,1.64,True
2703,Serie A (Italy),2024,2025-06-26 13:00:00,Ser-Team-13,Ser-Team-08,FINISHED,3.0,0.0,2.14,0.87,1.46,4.7,6.04,1.84,1.99,1.68,2.25,True
2704,Serie A (Italy),2024,2025-06-26 21:00:00,Ser-Team-12,Ser-Team-11,FINISHED,3.0,0.0,1.88,0.51,1.58,3.98,5.89,2.25,1.66,2.19,1.69,True
2705,Bundesliga (Germany),2024,2025-06-26 18:00:00,Bun-Team-05,Bun-Team-04,FINISHED,0.0,0.0,1.21,0.72,1.83,3.52,4.31,2.21,1.66,2.4,1.57,True
2706,Bundesliga (Germany),2024,2025-06-26 16:00:00,Bun-Team-06,Bun-Team-07,FINISHED,3.0,0.0,1.79,0.85,1.7,4.04,4.45,1.79,2.04,1.78,2.04,True
2707,Bundesliga (Germany),2024,2025-06-26 13:00:00,Bun-Team-11,Bun-Team-01,FINISHED,0.0,0.0,1.32,1.1,3.34,3.74,2.01,1.81,2.01,1.93,1.88,True
2708,Bundesliga (Germany),2024,2025-06-26 16:00:00,Bun-Team-14,Bun-Team-10,FINISHED,1.0,0.0,1.18,1.43,2.45,3.8,2.55,1.58,2.37,1.68,2.21,True
2709,Bundesliga (Germany),2024,2025-06-26 21:00:00,Bun-Team-03,Bun-Team-02,FINISHED,0.0,1.0,0.81,1.59,3.5,3.03,2.22,2.53,1.54,3.07,1.37,True
2710,Bundesliga (Germany),2024,2025-06-26 13:00:00,Bun-Team-15,Bun-Team-13,FINISHED,1.0,2.0,1.38,0.73,1.53,4.12,5.91,2.12,1.73,2.02,1.8,True
2711,Bundesliga (Germany),2024,2025-06-26 16:00:00,Bun-Team-08,Bun-Team-09,FINISHED,1.0,1.0,0.39,0.65,6.84,2.68,1.84,4.64,1.2,5.61,1.16,True
2712,Bundesliga (Germany),2024,2025-06-26 21:00:00,Bun-Team-16,Bun-Team-12,FINISHED,0.0,1.0,0.67,1.24,5.02,3.6,1.7,2.31,1.62,2.41,1.58,True
2713,Ligue 1 (France),2024,2025-06-26 21:00:00,Lig-Team-16,Lig-Team-09,FINISHED,1.0,2.0,0.41,0.99,3.51,2.71,2.44,3.14,1.36,4.31,1.22,True
2714,Ligue 1 (France),2024,2025-06-26 21:00:00,Lig-Team-08,Lig-Team-10,FINISHED,1.0,0.0,1.16,0.95,2.08,2.88,4.19,3.02,1.4,3.79,1.26,True
2715,Ligue 1 (France),2024,2025-06-26 21:00:00,Lig-Team-03,Lig-Team-13,FINISHED,1.0,1.0,0.74,0.27,2.73,2.64,3.2,3.23,1.35,4.55,1.2,True
2716,Ligue 1 (France),2024,2025-06-26 18:00:00,Lig-Team-12,Lig-Team-14,FINISHED,1.0,0.0,1.91,0.95,1.87,3.67,3.93,1.91,1.88,2.03,1.78,True
2717,Ligue 1 (France),2024,2025-06-26 13:00:00,Lig-Team-07,Lig-Team-02,FINISHED,3.0,0.0,1.5,0.42,1.68,3.13,6.87,3.6,1.31,3.9,1.27,True
2718,Ligue 1 (France),2024,2025-06-26 18:00:00,Lig-Team-11,Lig-Team-05,FINISHED,0.0,2.0,1.96,0.66,1.73,3.53,4.98,2.35,1.61,2.51,1.54,True
2719,Ligue 1 (France),2024,2025-06-26 13:00:00,Lig-Team-01,Lig-Team-06,FINISHED,1.0,0.0,1.98,1.33,2.02,4.08,3.14,1.54,2.53,1.56,2.42,True
2720,Ligue 1 (France),2024,2025-06-26 21:00:00,Lig-Team-15,Lig-Team-04,FINISHED,0.0,0.0,1.6,0.65,1.88,3.19,4.7,2.65,1.49,3.08,1.4,True
2721,Premier League (England),2024,2025-07-02 18:00:00,Pre-Team-07,Pre-Team-02,FINISHED,1.0,1.0,0.91,2.07,6.64,5.02,1.4,1.79,2.04,1.57,2.43,True
2722,Premier League (England),2024,2025-07-02 16:00:00,Pre-Team-08,Pre-Team-14,FINISHED,1.0,0.0,0.37,0.88,3.7,2.53,2.5,3.65,1.3,5.35,1.17,True
2723,Premier League (England),2024,2025-07-02 16:00:00,Pre-Team-06,Pre-Team-09,FINISHED,1.0,0.0,1.3,0.61,2.52,2.89,3.13,2.68,1.48,3.46,1.31,True
2724,Premier League (England),2024,2025-07-02 21:00:00,Pre-Team-16,Pre-Team-05,FINISHED,0.0,1.0,1.34,0.35,2.32,2.62,4.02,3.58,1.31,4.97,1.17,True
2725,Premier League (England),2024,2025-07-02 13:00:00,Pre-Team-01,Pre-Team-04,FINISHED,1.0,1.0,0.79,1.56,3.2,3.61,2.13,1.84,1.97,2.0,1.83,True
2726,Premier League (England),2024,2025-07-02 13:00:00,Pre-Team-03,Pre-Team-10,FINISHED,3.0,3.0,1.85,0.94,1.58,4.06,5.45,2.07,1.77,2.02,1.81,True
2727,Premier League (England),2024,2025-07-02 16:00:00,Pre-Team-13,Pre-Team-15,FINISHED,2.0,2.0,1.09,0.49,2.23,3.04,3.51,2.54,1.53,3.07,1.37,True
2728,Premier League (England),2024,2025-07-02 16:00:00,Pre-Team-12,Pre-Team-11,FINISHED,0.0,2.0,1.11,2.24,4.15,4.52,1.67,1.48,2.63,1.44,2.84,True
2729,La Liga (Spain),2024,2025-07-02 18:00:00,La -Team-08,La -Team-01,FINISHED,0.0,0.0,1.77,0.91,1.8,3.51,4.61,2.27,1.63,2.48,1.55,True
2730,La Liga (Spain),2024,2025-07-02 16:00:00,La -Team-06,La -Team-09,FINISHED,1.0,0.0,2.15,1.0,1.63,4.51,4.55,1.58,2.4,1.51,2.57,True
2731,La Liga (Spain),2024,2025-07-02 21:00:00,La -Team-10,La -Team-14,FINISHED,0.0,1.0,1.04,1.44,2.96,3.31,2.39,2.11,1.73,2.46,1.54,True
2732,La Liga (Spain),2024,2025-07-02 21:00:00,La -Team-04,La -Team-15,FINISHED,3.0,1.0,1.25,0.6,2.86,2.75,2.87,2.95,1.41,4.04,1.25,True
2733,La Liga (Spain),2024,2025-07-02 21:00:00,La -Team-02,La -Team-03,FINISHED,1.0,3.0,2.69,1.28,1.46,5.7,5.08,1.29,3.58,1.17,4.99,True
2734,La Liga (Spain),2024,2025-07-02 21:00:00,La -Team-12,La -Team-11,FINISHED,1.0,0.0,1.55,0.47,1.82,3.3,4.94,2.66,1.48,2.98,1.39,True
2735,La Liga (Spain),2024,2025-07-02 18:00:00,La -Team-05,La -Team-07,FINISHED,1.0,0.0,1.68,0.91,1.45,4.13,7.56,2.51,1.52,2.32,1.63,True
2736,La Liga (Spain),2024,2025-07-02 21:00:00,La -Team-16,La -Team-13,FINISHED,0.0,3.0,1.01,0.99,3.13,3.14,2.38,2.32,1.62,2.78,1.45,True
2737,Serie A (Italy),2024,2025-07-02 16:00:00,Ser-Team-04,Ser-Team-12,FINISHED,1.0,2.0,1.15,0.87,2.17,3.19,3.49,2.32,1.62,2.75,1.46,True
2738,Serie A (Italy),2024,2025-07-02 21:00:00,Ser-Team-02,Ser-Team-11,FINISHED,0.0,1.0,1.12,0.5,1.74,3.32,5.36,2.73,1.45,3.0,1.41,True
2739,Serie A (Italy),2024,2025-07-02 13:00:00,Ser-Team-05,Ser-Team-08,FINISHED,1.0,0.0,2.21,0.44,1.28,5.7,9.52,2.02,1.82,1.6,2.36,True
2740,Serie A (Italy),2024,2025-07-02 18:00:00,Ser-Team-01,Ser-Team-09,FINISHED,0.0,0.0,1.1,0.6,1.84,3.3,4.75,2.55,1.52,2.86,1.43,True
2741,Serie A (Italy),2024,2025-07-02 21:00:00,Ser-Team-14,Ser-Team-16,FINISHED,3.0,0.0,1.88,0.8,1.43,4.51,7.19,2.16,1.72,1.9,1.87,True
2742,Serie A (Italy),2024,2025-07-02 21:00:00,Ser-Team-10,Ser-Team-06,FINISHED,1.0,0.0,1.04,0.77,1.53,3.42,8.84,3.89,1.26,3.68,1.28,True
2743,Serie A (Italy),2024,2025-07-02 13:00:00,Ser-Team-15,Ser-Team-07,FINISHED,3.0,2.0,1.08,1.13,2.75,3.23,2.57,2.16,1.71,2.57,1.51,True
2744,Serie A (Italy),2024,2025-07-02 21:00:00,Ser-Team-13,Ser-Team-03,FINISHED,0.0,1.0,1.06,0.97,2.23,3.29,3.3,2.15,1.71,2.51,1.52,True
2745,Bundesliga (Germany),2024,2025-07-02 21:00:00,Bun-Team-02,Bun-Team-14,FINISHED,1.0,1.0,1.56,1.78,1.97,4.17,3.14,1.48,2.65,1.51,2.6,True
2746,Bundesliga (Germany),2024,2025-07-02 21:00:00,Bun-Team-13,Bun-Team-06,FINISHED,0.0,1.0,1.39,1.87,3.38,4.23,1.9,1.5,2.62,1.47,2.61,True
2747,Bundesliga (Germany),2024,2025-07-02 13:00:00,Bun-Team-16,Bun-Team-01,FINISHED,0.0,1.0,0.99,1.4,3.73,3.24,2.06,2.33,1.62,2.7,1.47,True
2748,Bundesliga (Germany),2024,2025-07-02 21:00:00,Bun-Team-08,Bun-Team-12,FINISHED,1.0,3.0,0.47,1.25,6.33,3.22,1.68,3.23,1.36,3.48,1.31,True
2749,Bundesliga (Germany),2024,2025-07-02 18:00:00,Bun-Team-07,Bun-Team-09,FINISHED,0.0,1.0,0.73,1.2,3.47,2.94,2.28,2.72,1.47,3.49,1.31,True
2750,Bundesliga (Germany),2024,2025-07-02 18:00:00,Bun-Team-04,Bun-Team-05,FINISHED,1.0,2.0,0.42,1.45,3.12,3.27,2.32,2.14,1.71,2.52,1.53,True
2751,Bundesliga (Germany),2024,2025-07-02 18:00:00,Bun-Team-11,Bun-Team-15,FINISHED,0.0,3.0,0.69,1.77,5.34,3.85,1.63,2.23,1.68,2.22,1.67,True
2752,Bundesliga (Germany),2024,2025-07-02 13:00:00,Bun-Team-03,Bun-Team-10,FINISHED,2.0,3.0,0.64,0.85,3.84,2.9,2.19,2.84,1.43,3.6,1.28,True
2753,Ligue 1 (France),2024,2025-07-02 21:00:00,Lig-Team-09,Lig-Team-15,FINISHED,1.0,0.0,1.14,0.72,2.78,3.39,2.47,1.98,1.84,2.26,1.64,True
2754,Ligue 1 (France),2024,2025-07-02 18:00:00,Lig-Team-06,Lig-Team-05,FINISHED,2.0,0.0,1.5,0.95,2.02,3.79,3.36,1.77,2.08,1.85,1.96,True
2755,Ligue 1 (France),2024,2025-07-02 18:00:00,Lig-Team-10,Lig-Team-04,FINISHED,0.0,3.0,0.67,1.14,4.91,2.98,1.92,3.11,1.38,3.74,1.28,True
2756,Ligue 1 (France),2024,2025-07-02 16:00:00,Lig-Team-14,Lig-Team-16,FINISHED,1.0,1.0,0.85,0.84,2.29,3.09,3.37,2.47,1.54,3.05,1.38,True
2757,Ligue 1 (France),2024,2025-07-02 16:00:00,Lig-Team-07,Lig-Team-13,FINISHED,2.0,1.0,1.24,0.75,1.9,3.1,4.89,2.93,1.41,3.43,1.33,True
2758,Ligue 1 (France),2024,2025-07-02 16:00:00,Lig-Team-03,Lig-Team-08,FINISHED,2.0,1.0,1.02,0.22,2.33,2.49,4.34,4.02,1.25,5.9,1.13,True
2759,Ligue 1 (France),2024,2025-07-02 13:00:00,Lig-Team-11,Lig-Team-12,FINISHED,1.0,1.0,1.21,0.81,2.23,3.32,3.23,2.14,1.73,2.48,1.55,True
2760,Ligue 1 (France),2024,2025-07-02 18:00:00,Lig-Team-02,Lig-Team-01,FINISHED,1.0,0.0,1.15,0.71,3.18,2.93,2.47,2.63,1.48,3.4,1.33,True
2761,Premier League (England),2024,2025-07-03 18:00:00,Pre-Team-14,Pre-Team-10,FINISHED,2.0,0.0,1.27,0.76,1.83,3.3,4.74,2.58,1.52,2.88,1.43,True
2762,Premier League (England),2024,2025-07-03 18:00:00,Pre-Team-08,Pre-Team-05,FINISHED,0.0,1.0,0.52,1.01,4.44,2.79,2.09,3.28,1.34,4.27,1.22,True
2763,Premier League (England),2024,2025-07-03 21:00:00,Pre-Team-11,Pre-Team-16,FINISHED,1.0,0.0,0.86,1.06,2.32,3.11,3.24,2.39,1.59,2.9,1.4,True
2764,Premier League (England),2024,2025-07-03 18:00:00,Pre-Team-06,Pre-Team-03,FINISHED,1.0,2.0,1.13,1.14,2.56,3.23,2.79,2.15,1.72,2.51,1.53,True
2765,Premier League (England),2024,2025-07-03 13:00:00,Pre-Team-12,Pre-Team-02,FINISHED,1.0,1.0,0.8,1.53,5.23,4.16,1.58,1.94,1.9,1.89,1.91,True
2766,Premier League (England),2024,2025-07-03 16:00:00,Pre-Team-15,Pre-Team-13,FINISHED,0.0,0.0,0.65,1.05,2.63,3.0,2.91,2.51,1.54,3.13,1.36,True
2767,Premier League (England),2024,2025-07-03 16:00:00,Pre-Team-01,Pre-Team-09,FINISHED,0.0,0.0,1.25,0.6,1.98,3.18,4.12,2.48,1.54,2.89,1.42,True
2768,Premier League (England),2024,2025-07-03 13:00:00,Pre-Team-07,Pre-Team-04,FINISHED,0.0,6.0,1.01,2.5,7.43,5.97,1.33,1.56,2.46,1.33,3.37,True
2769,La Liga (Spain),2024,2025-07-03 13:00:00,La -Team-05,La -Team-10,FINISHED,4.0,1.0,1.57,0.87,1.89,3.75,3.79,1.85,1.93,1.97,1.85,True
2770,La Liga (Spain),2024,2025-07-03 18:00:00,La -Team-03,La -Team-09,FINISHED,0.0,1.0,2.34,1.94,2.21,4.77,2.48,1.21,4.48,1.17,5.08,True
2771,La Liga (Spain),2024,2025-07-03 21:00:00,La -Team-16,La -Team-15,FINISHED,1.0,0.0,0.74,1.33,3.52,3.28,2.13,2.22,1.67,2.57,1.51,True
2772,La Liga (Spain),2024,2025-07-03 16:00:00,La -Team-06,La -Team-08,FINISHED,1.0,0.0,1.13,0.65,2.86,2.93,2.72,2.57,1.51,3.31,1.33,True
2773,La Liga (Spain),2024,2025-07-03 21:00:00,La -Team-11,La -Team-13,FINISHED,1.0,1.0,0.88,0.94,2.11,2.92,4.1,2.88,1.41,3.65,1.28,True
2774,La Liga (Spain),2024,2025-07-03 21:00:00,La -Team-04,La -Team-12,FINISHED,0.0,2.0,0.58,1.15,4.7,3.11,1.92,2.86,1.44,3.39,1.33,True
2775,La Liga (Spain),2024,2025-07-03 13:00:00,La -Team-01,La -Team-14,FINISHED,1.0,1.0,1.08,1.05,3.83,3.6,1.92,2.0,1.79,2.16,1.7,True
2776,La Liga (Spain),2024,2025-07-03 13:00:00,La -Team-02,La -Team-07,FINISHED,1.0,2.0,1.93,0.89,1.63,4.06,4.92,1.92,1.89,1.91,1.91,True
2777,Serie A (Italy),2024,2025-07-03 21:00:00,Ser-Team-14,Ser-Team-16,FINISHED,1.0,0.0,2.01,0.65,1.43,4.53,7.12,2.13,1.69,1.93,1.9,True
2778,Serie A (Italy),2024,2025-07-03 13:00:00,Ser-Team-09,Ser-Team-02,FINISHED,1.0,0.0,0.82,0.49,2.8,2.88,2.82,2.7,1.49,3.51,1.31,True
2779,Serie A (Italy),2024,2025-07-03 18:00:00,Ser-Team-05,Ser-Team-04,FINISHED,1.0,1.0,0.74,0.75,2.72,2.74,3.09,3.05,1.4,4.17,1.23,True
2780,Serie A (Italy),2024,2025-07-03 13:00:00,Ser-Team-07,Ser-Team-01,FINISHED,1.0,1.0,0.71,1.44,3.59,3.31,2.07,2.18,1.7,2.49,1.54,True
2781,Serie A (Italy),2024,2025-07-03 13:00:00,Ser-Team-10,Ser-Team-11,FINISHED,0.0,0.0,2.16,0.7,1.56,4.25,5.21,1.88,1.94,1.81,2.03,True
2782,Serie A (Italy),2024,2025-07-03 21:00:00,Ser-Team-08,Ser-Team-13,FINISHED,2.0,0.0,0.85,1.75,3.95,4.0,1.81,1.75,2.09,1.77,2.03,True
2783,Serie A (Italy),2024,2025-07-03 21:00:00,Ser-Team-12,Ser-Team-03,FINISHED,3.0,0.0,1.23,1.19,1.72,3.97,4.4,1.82,2.01,1.82,1.98,True
2784,Serie A (Italy),2024,2025-07-03 21:00:00,Ser-Team-15,Ser-Team-06,FINISHED,0.0,1.0,0.67,0.39,2.16,2.33,5.94,5.42,1.15,8.06,1.09,True
2785,Bundesliga (Germany),2024,2025-07-03 13:00:00,Bun-Team-11,Bun-Team-03,FINISHED,5.0,2.0,1.03,1.45,2.05,3.34,3.67,2.14,1.7,2.47,1.56,True
2786,Bundesliga (Germany),2024,2025-07-03 18:00:00,Bun-Team-02,Bun-Team-13,FINISHED,3.0,2.0,1.69,1.23,2.14,3.8,3.03,1.68,2.22,1.75,2.06,True
2787,Bundesliga (Germany),2024,2025-07-03 21:00:00,Bun-Team-05,Bun-Team-15,FINISHED,1.0,0.0,0.66,1.27,3.65,2.88,2.24,2.8,1.44,3.58,1.3,True
2788,Bundesliga (Germany),2024,2025-07-03 21:00:00,Bun-Team-06,Bun-Team-04,FINISHED,3.0,0.0,2.21,1.06,1.4,5.05,6.97,1.84,1.97,1.6,2.36,True
2789,Bundesliga (Germany),2024,2025-07-03 13:00:00,Bun-Team-12,Bun-Team-16,FINISHED,3.0,0.0,1.51,0.58,1.44,4.25,7.55,2.44,1.57,2.18,1.7,True
2790,Bundesliga (Germany),2024,2025-07-03 21:00:00,Bun-Team-09,Bun-Team-14,FINISHED,1.0,0.0,1.77,0.72,1.52,4.33,5.86,1.99,1.82,1.87,1.95,True
2791,Bundesliga (Germany),2024,2025-07-03 18:00:00,Bun-Team-07,Bun-Team-08,FINISHED,1.0,1.0,1.22,0.65,1.69,3.22,6.19,3.2,1.35,3.52,1.31,True
2792,Bundesliga (Germany),2024,2025-07-03 21:00:00,Bun-Team-01,Bun-Team-10,FINISHED,0.0,0.0,1.12,1.12,2.19,3.18,3.43,2.28,1.61,2.72,1.46,True
2793,Ligue 1 (France),2024,2025-07-03 16:00:00,Lig-Team-15,Lig-Team-09,FINISHED,2.0,1.0,2.04,1.09,1.9,3.59,3.89,2.0,1.78,2.17,1.7,True
2794,Ligue 1 (France),2024,2025-07-03 18:00:00,Lig-Team-11,Lig-Team-16,FINISHED,0.0,4.0,1.17,0.88,1.97,3.0,4.58,2.89,1.42,3.47,1.31,True
2795,Ligue 1 (France),2024,2025-07-03 21:00:00,Lig-Team-07,Lig-Team-13,FINISHED,1.0,0.0,1.27,0.71,1.9,3.1,4.84,2.93,1.42,3.48,1.31,True
2796,Ligue 1 (France),2024,2025-07-03 21:00:00,Lig-Team-02,Lig-Team-10,FINISHED,0.0,1.0,1.04,0.8,2.07,2.95,4.2,2.88,1.43,3.61,1.3,True
2797,Ligue 1 (France),2024,2025-07-03 18:00:00,Lig-Team-06,Lig-Team-08,FINISHED,2.0,0.0,1.29,1.23,1.94,3.44,4.01,2.19,1.68,2.44,1.57,True
2798,Ligue 1 (France),2024,2025-07-03 21:00:00,Lig-Team-04,Lig-Team-12,FINISHED,0.0,3.0,0.51,0.61,2.69,2.68,3.15,3.1,1.38,4.34,1.22,True
2799,Ligue 1 (France),2024,2025-07-03 16:00:00,Lig-Team-05,Lig-Team-03,FINISHED,0.0,1.0,0.66,0.7,2.73,2.76,3.07,2.95,1.4,4.07,1.24,True
2800,Ligue 1 (France),2024,2025-07-03 16:00:00,Lig-Team-01,Lig-Team-14,FINISHED,1.0,0.0,1.51,1.25,2.17,3.73,3.03,1.74,2.11,1.87,1.96,True
2801,Premier League (England),2024,2025-07-09 18:00:00,Pre-Team-06,Pre-Team-09,FINISHED,1.0,1.0,0.69,0.76,2.53,2.92,3.16,2.64,1.49,3.43,1.31,True
2802,Premier League (England),2024,2025-07-09 16:00:00,Pre-Team-07,Pre-Team-01,FINISHED,1.0,4.0,1.47,2.17,4.12,4.6,1.65,1.47,2.7,1.41,2.92,True
2803,Premier League (England),2024,2025-07-09 16:00:00,Pre-Team-14,Pre-Team-05,FINISHED,2.0,0.0,0.53,0.92,3.08,2.62,2.79,3.22,1.35,4.62,1.2,True
2804,Premier League (England),2024,2025-07-09 13:00:00,Pre-Team-13,Pre-Team-04,FINISHED,1.0,1.0,0.95,1.45,3.91,3.4,1.97,2.21,1.68,2.47,1.55,True
2805,Premier League (England),2024,2025-07-09 13:00:00,Pre-Team-16,Pre-Team-03,FINISHED,1.0,1.0,1.07,0.75,2.06,2.88,4.34,3.01,1.39,3.84,1.27,True
2806,Premier League (England),2024,2025-07-09 18:00:00,Pre-Team-08,Pre-Team-11,FINISHED,0.0,1.0,0.94,1.44,5.58,3.78,1.62,2.34,1.6,2.34,1.61,True
2807,Premier League (England),2024,2025-07-09 18:00:00,Pre-Team-02,Pre-Team-15,FINISHED,4.0,0.0,1.44,0.27,1.6,3.63,6.25,2.64,1.48,2.69,1.47,True
2808,Premier League (England),2024,2025-07-09 18:00:00,Pre-Team-12,Pre-Team-10,FINISHED,0.0,0.0,1.86,1.42,1.77,4.24,3.92,1.59,2.33,1.6,2.36,True
2809,La Liga (Spain),2024,2025-07-09 18:00:00,La -Team-13,La -Team-15,FINISHED,1.0,1.0,0.88,0.92,2.67,3.01,2.85,2.45,1.55,3.06,1.38,True
2810,La Liga (Spain),2024,2025-07-09 18:00:00,La -Team-04,La -Team-10,FINISHED,1.0,1.0,0.69,1.12,3.1,2.98,2.49,2.51,1.54,3.17,1.36,True
2811,La Liga (Spain),2024,2025-07-09 13:00:00,La -Team-12,La -Team-08,FINISHED,2.0,0.0,1.07,0.26,1.98,3.12,4.24,2.67,1.48,3.16,1.38,True
2812,La Liga (Spain),2024,2025-07-09 18:00:00,La -Team-05,La -Team-11,FINISHED,0.0,2.0,1.32,0.61,2.04,3.18,3.92,2.44,1.57,2.86,1.43,True
2813,La Liga (Spain),2024,2025-07-09 16:00:00,La -Team-07,La -Team-16,FINISHED,0.0,0.0,1.06,0.8,2.37,3.06,3.21,2.48,1.54,3.06,1.4,True
2814,La Liga (Spain),2024,2025-07-09 13:00:00,La -Team-02,La -Team-01,FINISHED,2.0,1.0,1.88,1.21,1.89,4.31,3.38,1.45,2.78,1.44,2.8,True
2815,La Liga (Spain),2024,2025-07-09 13:00:00,La -Team-09,La -Team-14,FINISHED,0.0,4.0,0.77,1.85,4.71,4.32,1.63,1.71,2.14,1.65,2.23,True
2816,La Liga (Spain),2024,2025-07-09 21:00:00,La -Team-03,La -Team-06,FINISHED,0.0,0.0,1.43,1.85,3.39,4.26,1.88,1.51,2.61,1.5,2.58,True
2817,Serie A (Italy),2024,2025-07-09 16:00:00,Ser-Team-03,Ser-Team-07,FINISHED,1.0,1.0,1.26,0.72,2.27,3.66,2.89,1.8,2.04,1.94,1.85,True
2818,Serie A (Italy),2024,2025-07-09 18:00:00,Ser-Team-04,Ser-Team-06,FINISHED,3.0,0.0,0.98,0.54,1.63,2.82,11.14,6.53,1.12,6.36,1.12,True
2819,Serie A (Italy),2024,2025-07-09 21:00:00,Ser-Team-09,Ser-Team-08,FINISHED,3.0,0.0,2.32,0.78,1.4,5.06,6.6,1.75,2.07,1.54,2.49,True
2820,Serie A (Italy),2024,2025-07-09 21:00:00,Ser-Team-05,Ser-Team-01,FINISHED,0.0,0.0,0.5,1.06,2.78,2.82,2.9,2.81,1.44,3.72,1.28,True
2821,Serie A (Italy),2024,2025-07-09 13:00:00,Ser-Team-12,Ser-Team-11,FINISHED,2.0,0.0,1.98,0.86,1.57,3.99,5.87,2.25,1.66,2.18,1.68,True
2822,Serie A (Italy),2024,2025-07-09 16:00:00,Ser-Team-10,Ser-Team-16,FINISHED,1.0,1.0,2.85,1.29,1.33,5.74,7.32,1.61,2.37,1.35,3.16,True
2823,Serie A (Italy),2024,2025-07-09 18:00:00,Ser-Team-02,Ser-Team-13,FINISHED,0.0,0.0,1.02,0.73,2.2,2.88,3.93,2.91,1.41,3.77,1.28,True
2824,Serie A (Italy),2024,2025-07-09 18:00:00,Ser-Team-14,Ser-Team-15,FINISHED,2.0,1.0,1.62,0.93,1.79,3.3,5.09,2.67,1.49,2.93,1.41,True
2825,Bundesliga (Germany),2024,2025-07-09 18:00:00,Bun-Team-06,Bun-Team-09,FINISHED,1.0,1.0,0.86,1.02,2.47,3.13,2.97,2.32,1.63,2.78,1.45,True
2826,Bundesliga (Germany),2024,2025-07-09 21:00:00,Bun-Team-10,Bun-Team-15,FINISHED,0.0,2.0,0.36,0.72,3.78,2.95,2.19,2.8,1.46,3.54,1.31,True
2827,Bundesliga (Germany),2024,2025-07-09 18:00:00,Bun-Team-16,Bun-Team-11,FINISHED,2.0,0.0,1.07,0.96,2.4,3.46,2.82,1.93,1.89,2.17,1.69,True
2828,Bundesliga (Germany),2024,2025-07-09 16:00:00,Bun-Team-03,Bun-Team-12,FINISHED,1.0,3.0,0.81,1.41,5.56,3.48,1.69,2.59,1.49,2.75,1.44,True
2829,Bundesliga (Germany),2024,2025-07-09 16:00:00,Bun-Team-13,Bun-Team-01,FINISHED,0.0,0.0,1.47,1.58,2.63,3.69,2.47,1.71,2.16,1.85,1.96,True
2830,Bundesliga (Germany),2024,2025-07-09 21:00:00,Bun-Team-07,Bun-Team-08,FINISHED,2.0,0.0,1.45,0.64,1.71,3.18,6.13,3.19,1.37,3.47,1.31,True
2831,Bundesliga (Germany),2024,2025-07-09 16:00:00,Bun-Team-04,Bun-Team-14,FINISHED,1.0,2.0,1.68,1.37,2.44,4.17,2.44,1.44,2.84,1.44,2.79,True
2832,Bundesliga (Germany),2024,2025-07-09 16:00:00,Bun-Team-02,Bun-Team-05,FINISHED,0.0,3.0,1.09,0.89,2.57,3.13,2.84,2.25,1.65,2.69,1.47,True
2833,Ligue 1 (France),2024,2025-07-09 18:00:00,Lig-Team-03,Lig-Team-16,FINISHED,0.0,0.0,0.97,0.69,2.7,2.46,3.53,3.87,1.26,5.84,1.13,True
2834,Ligue 1 (France),2024,2025-07-09 21:00:00,Lig-Team-04,Lig-Team-10,FINISHED,1.0,1.0,1.35,0.72,1.6,3.39,7.09,3.26,1.35,3.28,1.35,True
2835,Ligue 1 (France),2024,2025-07-09 16:00:00,Lig-Team-05,Lig-Team-12,FINISHED,2.0,1.0,0.72,1.26,3.38,3.13,2.27,2.36,1.61,2.81,1.44,True
2836,Ligue 1 (France),2024,2025-07-09 21:00:00,Lig-Team-02,Lig-Team-13,FINISHED,0.0,1.0,0.34,0.91,3.35,2.58,2.66,3.4,1.33,4.93,1.18,True
2837,Ligue 1 (France),2024,2025-07-09 13:00:00,Lig-Team-01,Lig-Team-06,FINISHED,0.0,2.0,1.87,1.22,2.03,4.1,3.19,1.54,2.52,1.56,2.45,True
2838,Ligue 1 (France),2024,2025-07-09 21:00:00,Lig-Team-11,Lig-Team-09,FINISHED,2.0,1.0,0.67,1.21,2.4,3.19,3.0,2.23,1.67,2.67,1.48,True
2839,Ligue 1 (France),2024,2025-07-09 13:00:00,Lig-Team-08,Lig-Team-15,FINISHED,0.0,2.0,0.96,1.43,5.51,3.42,1.71,2.64,1.49,2.84,1.43,True
2840,Ligue 1 (France),2024,2025-07-09 16:00:00,Lig-Team-07,Lig-Team-14,FINISHED,0.0,1.0,1.56,0.94,1.72,3.68,4.77,2.18,1.69,2.27,1.64,True
2841,Premier League (England),2024,2025-07-10 18:00:00,Pre-Team-01,Pre-Team-16,FINISHED,0.0,3.0,1.19,1.1,2.71,2.89,2.88,2.7,1.48,3.54,1.31,True
2842,Premier League (England),2024,2025-07-10 13:00:00,Pre-Team-04,Pre-Team-03,FINISHED,2.0,2.0,1.76,0.7,1.54,4.14,5.81,2.09,1.77,2.02,1.81,True
2843,Premier League (England),2024,2025-07-10 18:00:00,Pre-Team-10,Pre-Team-08,FINISHED,0.0,2.0,1.02,0.98,2.36,3.05,3.23,2.46,1.55,3.04,1.38,True
2844,Premier League (England),2024,2025-07-10 16:00:00,Pre-Team-06,Pre-Team-14,FINISHED,2.0,0.0,1.03,1.18,2.49,2.86,3.25,2.78,1.46,3.65,1.29,True
2845,Premier League (England),2024,2025-07-10 21:00:00,Pre-Team-07,Pre-Team-05,FINISHED,0.0,2.0,1.1,1.5,3.76,3.9,1.86,1.73,2.1,1.8,2.03,True
2846,Premier League (England),2024,2025-07-10 21:00:00,Pre-Team-09,Pre-Team-15,FINISHED,1.0,2.0,0.9,0.56,2.46,2.84,3.35,2.84,1.44,3.71,1.28,True
2847,Premier League (England),2024,2025-07-10 16:00:00,Pre-Team-13,Pre-Team-12,FINISHED,1.0,0.0,1.43,0.92,1.83,3.77,4.08,1.88,1.92,1.97,1.83,True
2848,Premier League (England),2024,2025-07-10 21:00:00,Pre-Team-11,Pre-Team-02,FINISHED,2.0,2.0,0.84,1.17,2.69,3.42,2.51,1.93,1.88,2.18,1.69,True
2849,La Liga (Spain),2024,2025-07-10 18:00:00,La -Team-08,La -Team-16,FINISHED,4.0,0.0,1.54,0.87,1.58,3.66,6.78,2.83,1.44,2.72,1.46,True
2850,La Liga (Spain),2024,2025-07-10 16:00:00,La -Team-06,La -Team-10,FINISHED,1.0,1.0,1.14,1.02,2.42,3.47,2.82,1.91,1.91,2.14,1.72,True
2851,La Liga (Spain),2024,2025-07-10 13:00:00,La -Team-03,La -Team-09,FINISHED,2.0,3.0,2.16,1.92,2.22,4.82,2.49,1.19,4.49,1.18,5.1,True
2852,La Liga (Spain),2024,2025-07-10 18:00:00,La -Team-01,La -Team-02,FINISHED,3.0,4.0,1.98,1.45,2.33,4.17,2.57,1.43,2.82,1.45,2.75,True
2853,La Liga (Spain),2024,2025-07-10 18:00:00,La -Team-05,La -Team-04,FINISHED,2.0,1.0,1.04,0.44,1.74,3.35,5.4,2.72,1.47,2.97,1.4,True
2854,La Liga (Spain),2024,2025-07-10 16:00:00,La -Team-07,La -Team-11,FINISHED,3.0,1.0,0.3,1.01,4.06,2.83,2.18,3.1,1.36,4.03,1.24,True
2855,La Liga (Spain),2024,2025-07-10 13:00:00,La -Team-14,La -Team-13,FINISHED,3.0,1.0,1.33,0.52,1.7,3.44,5.65,2.68,1.48,2.85,1.44,True
2856,La Liga (Spain),2024,2025-07-10 13:00:00,La -Team-15,La -Team-12,FINISHED,0.0,0.0,0.66,1.08,3.87,3.33,1.99,2.27,1.65,2.57,1.52,True
2857,Serie A (Italy),2024,2025-07-10 13:00:00,Ser-Team-10,Ser-Team-15,FINISHED,0.0,1.0,1.61,0.94,1.64,4.09,4.75,1.86,1.94,1.85,1.98,True
2858,Serie A (Italy),2024,2025-07-10 21:00:00,Ser-Team-08,Ser-Team-12,FINISHED,0.0,5.0,1.14,2.47,5.9,5.28,1.42,1.55,2.5,1.37,3.12,True
2859,Serie A (Italy),2024,2025-07-10 18:00:00,Ser-Team-06,Ser-Team-03,FINISHED,2.0,0.0,0.31,0.34,4.91,2.56,2.15,4.09,1.24,5.74,1.14,True
2860,Serie A (Italy),2024,2025-07-10 13:00:00,Ser-Team-11,Ser-Team-01,FINISHED,0.0,3.0,0.76,1.37,4.84,3.42,1.79,2.46,1.54,2.73,1.47,True
2861,Serie A (Italy),2024,2025-07-10 21:00:00,Ser-Team-02,Ser-Team-16,FINISHED,0.0,0.0,2.03,0.99,1.46,4.32,6.8,2.2,1.7,2.02,1.82,True
2862,Serie A (Italy),2024,2025-07-10 18:00:00,Ser-Team-07,Ser-Team-05,FINISHED,1.0,0.0,1.07,1.01,3.22,3.04,2.39,2.47,1.56,3.05,1.38,True
2863,Serie A (Italy),2024,2025-07-10 16:00:00,Ser-Team-13,Ser-Team-14,FINISHED,1.0,1.0,1.21,0.89,3.01,2.8,2.68,2.81,1.44,3.73,1.29,True
2864,Serie A (Italy),2024,2025-07-10 16:00:00,Ser-Team-04,Ser-Team-09,FINISHED,2.0,0.0,1.32,0.8,1.94,3.1,4.48,2.75,1.45,3.29,1.34,True
2865,Bundesliga (Germany),2024,2025-07-10 13:00:00,Bun-Team-09,Bun-Team-06,FINISHED,1.0,0.0,1.15,0.92,2.26,3.14,3.3,2.32,1.61,2.76,1.45,True
2866,Bundesliga (Germany),2024,2025-07-10 16:00:00,Bun-Team-08,Bun-Team-02,FINISHED,0.0,1.0,0.68,1.12,4.03,2.81,2.2,3.09,1.36,4.07,1.25,True
2867,Bundesliga (Germany),2024,2025-07-10 21:00:00,Bun-Team-14,Bun-Team-13,FINISHED,2.0,1.0,1.89,1.62,2.12,4.54,2.71,1.28,3.67,1.27,3.86,True
2868,Bundesliga (Germany),2024,2025-07-10 21:00:00,Bun-Team-01,Bun-Team-04,FINISHED,3.0,0.0,1.68,0.77,1.71,3.79,4.74,2.05,1.76,2.12,1.72,True
2869,Bundesliga (Germany),2024,2025-07-10 13:00:00,Bun-Team-07,Bun-Team-03,FINISHED,2.0,0.0,1.53,0.74,1.69,3.49,5.48,2.61,1.5,2.75,1.45,True
2870,Bundesliga (Germany),2024,2025-07-10 13:00:00,Bun-Team-10,Bun-Team-16,FINISHED,2.0,1.0,1.49,0.62,1.83,3.31,4.77,2.58,1.51,2.88,1.42,True
2871,Bundesliga (Germany),2024,2025-07-10 13:00:00,Bun-Team-11,Bun-Team-15,FINISHED,1.0,0.0,0.79,1.49,5.36,3.8,1.64,2.23,1.67,2.22,1.65,True
2872,Bundesliga (Germany),2024,2025-07-10 21:00:00,Bun-Team-05,Bun-Team-12,FINISHED,0.0,2.0,1.07,1.23,3.13,3.21,2.35,2.22,1.66,2.64,1.48,True
2873,Ligue 1 (France),2024,2025-07-10 21:00:00,Lig-Team-01,Lig-Team-12,FINISHED,2.0,0.0,1.36,1.22,2.77,3.37,2.49,1.99,1.82,2.26,1.62,True
2874,Ligue 1 (France),2024,2025-07-10 21:00:00,Lig-Team-11,Lig-Team-14,FINISHED,1.0,0.0,1.47,1.01,1.79,3.83,4.16,1.88,1.95,1.91,1.86,True
2875,Ligue 1 (France),2024,2025-07-10 21:00:00,Lig-Team-16,Lig-Team-03,FINISHED,2.0,1.0,0.47,0.81,2.77,2.45,3.48,3.87,1.26,5.87,1.13,True
2876,Ligue 1 (France),2024,2025-07-10 16:00:00,Lig-Team-13,Lig-Team-10,FINISHED,0.0,1.0,1.24,0.88,1.64,3.61,5.73,2.58,1.52,2.62,1.49,True
2877,Ligue 1 (France),2024,2025-07-10 16:00:00,Lig-Team-07,Lig-Team-09,FINISHED,0.0,1.0,0.84,1.09,2.3,2.97,3.46,2.65,1.49,3.34,1.33,True
2878,Ligue 1 (France),2024,2025-07-10 16:00:00,Lig-Team-06,Lig-Team-02,FINISHED,1.0,0.0,1.3,0.85,1.9,3.47,4.02,2.15,1.72,2.34,1.61,True
2879,Ligue 1 (France),2024,2025-07-10 21:00:00,Lig-Team-15,Lig-Team-04,FINISHED,0.0,0.0,0.73,0.51,1.88,3.19,4.68,2.65,1.48,3.08,1.38,True
2880,Ligue 1 (France),2024,2025-07-10 21:00:00,Lig-Team-08,Lig-Team-05,FINISHED,0.0,0.0,0.67,0.8,2.91,2.62,3.01,3.3,1.36,4.71,1.19,True
2881,Premier League (England),2024,2025-07-16 13:00:00,Pre-Team-11,Pre-Team-07,FINISHED,4.0,1.0,3.35,0.73,1.22,7.36,9.39,1.47,2.68,1.19,4.7,True
2882,Premier League (England),2024,2025-07-16 13:00:00,Pre-Team-13,Pre-Team-03,FINISHED,1.0,0.0,1.44,1.4,2.38,3.08,3.17,2.39,1.6,2.9,1.41,True
2883,Premier League (England),2024,2025-07-16 18:00:00,Pre-Team-16,Pre-Team-15,FINISHED,3.0,0.0,1.24,0.6,1.97,2.89,4.87,3.21,1.34,4.04,1.25,True
2884,Premier League (England),2024,2025-07-16 18:00:00,Pre-Team-06,Pre-Team-01,FINISHED,3.0,1.0,1.29,1.31,2.96,3.39,2.35,1.99,1.84,2.24,1.65,True
2885,Premier League (England),2024,2025-07-16 13:00:00,Pre-Team-10,Pre-Team-08,FINISHED,0.0,0.0,1.07,0.76,2.36,3.03,3.23,2.47,1.54,3.04,1.39,True
2886,Premier League (England),2024,2025-07-16 16:00:00,Pre-Team-04,Pre-Team-02,FINISHED,1.0,0.0,1.32,0.75,2.27,3.27,3.2,2.18,1.69,2.55,1.52,True
2887,Premier League (England),2024,2025-07-16 13:00:00,Pre-Team-14,Pre-Team-09,FINISHED,0.0,0.0,0.57,0.63,2.72,2.55,3.33,3.51,1.3,5.15,1.17,True
2888,Premier League (England),2024,2025-07-16 18:00:00,Pre-Team-12,Pre-Team-05,FINISHED,0.0,1.0,1.07,1.17,3.22,3.51,2.16,1.94,1.88,2.13,1.68,True
2889,La Liga (Spain),2024,2025-07-16 13:00:00,La -Team-13,La -Team-04,FINISHED,0.0,0.0,0.5,0.74,2.5,2.71,3.41,3.1,1.37,4.28,1.23,True
2890,La Liga (Spain),2024,2025-07-16 13:00:00,La -Team-12,La -Team-02,FINISHED,0.0,1.0,2.37,0.79,1.45,4.82,5.92,1.72,2.12,1.58,2.44,True
2891,La Liga (Spain),2024,2025-07-16 18:00:00,La -Team-15,La -Team-09,FINISHED,4.0,0.0,1.75,1.17,1.73,4.23,4.17,1.65,2.26,1.63,2.27,True
2892,La Liga (Spain),2024,2025-07-16 13:00:00,La -Team-11,La -Team-07,FINISHED,4.0,1.0,1.51,0.35,1.79,3.09,5.67,3.19,1.35,3.68,1.28,True
2893,La Liga (Spain),2024,2025-07-16 13:00:00,La -Team-16,La -Team-03,FINISHED,2.0,2.0,1.79,1.49,2.22,4.05,2.76,1.49,2.61,1.52,2.48,True
2894,La Liga (Spain),2024,2025-07-16 21:00:00,La -Team-01,La -Team-08,FINISHED,1.0,4.0,1.02,0.82,3.27,3.22,2.24,2.2,1.65,2.61,1.5,True
2895,La Liga (Spain),2024,2025-07-16 21:00:00,La -Team-14,La -Team-05,FINISHED,0.0,3.0,0.93,0.96,2.2,3.24,3.35,2.19,1.69,2.53,1.51,True
2896,La Liga (Spain),2024,2025-07-16 18:00:00,La -Team-06,La -Team-10,FINISHED,0.0,1.0,1.02,1.44,2.39,3.48,2.8,1.9,1.9,2.15,1.72,True
2897,Serie A (Italy),2024,2025-07-16 16:00:00,Ser-Team-01,Ser-Team-02,FINISHED,2.0,1.0,1.01,0.84,2.06,3.05,4.04,2.69,1.48,3.26,1.33,True
2898,Serie A (Italy),2024,2025-07-16 18:00:00,Ser-Team-11,Ser-Team-12,FINISHED,0.0,2.0,1.16,1.03,3.99,3.46,1.92,2.16,1.71,2.37,1.58,True
2899,Serie A (Italy),2024,2025-07-16 13:00:00,Ser-Team-04,Ser-Team-14,FINISHED,0.0,0.0,0.91,0.92,2.24,2.91,3.73,2.81,1.45,3.55,1.31,True
2900,Serie A (Italy),2024,2025-07-16 21:00:00,Ser-Team-05,Ser-Team-09,FINISHED,3.0,0.0,1.34,0.43,2.09,2.95,4.14,2.89,1.41,3.65,1.29,True
2901,Serie A (Italy),2024,2025-07-16 21:00:00,Ser-Team-03,Ser-Team-10,FINISHED,3.0,1.0,1.78,1.78,2.68,4.03,2.3,1.52,2.53,1.57,2.4,True
2902,Serie A (Italy),2024,2025-07-16 16:00:00,Ser-Team-08,Ser-Team-07,FINISHED,1.0,2.0,1.06,1.68,3.79,4.4,1.74,1.5,2.63,1.47,2.73,True
2903,Serie A (Italy),2024,2025-07-16 21:00:00,Ser-Team-13,Ser-Team-06,FINISHED,1.0,1.0,0.64,0.49,1.97,2.35,7.47,6.19,1.12,8.34,1.07,True
2904,Serie A (Italy),2024,2025-07-16 18:00:00,Ser-Team-16,Ser-Team-15,FINISHED,2.0,1.0,1.26,1.37,2.81,3.49,2.39,1.88,1.92,2.11,1.74,True
2905,Bundesliga (Germany),2024,2025-07-16 16:00:00,Bun-Team-10,Bun-Team-04,FINISHED,2.0,0.0,1.44,1.1,1.86,3.46,4.19,2.2,1.7,2.4,1.58,True
2906,Bundesliga (Germany),2024,2025-07-16 13:00:00,Bun-Team-07,Bun-Team-14,FINISHED,0.0,3.0,1.75,1.68,1.83,4.33,3.52,1.49,2.67,1.46,2.7,True
2907,Bundesliga (Germany),2024,2025-07-16 16:00:00,Bun-Team-09,Bun-Team-06,FINISHED,3.0,1.0,0.92,0.74,2.26,3.14,3.29,2.32,1.63,2.77,1.45,True
2908,Bundesliga (Germany),2024,2025-07-16 21:00:00,Bun-Team-13,Bun-Team-01,FINISHED,0.0,0.0,1.32,1.38,2.57,3.63,2.48,1.72,2.15,1.84,1.97,True
2909,Bundesliga (Germany),2024,2025-07-16 13:00:00,Bun-Team-03,Bun-Team-16,FINISHED,1.0,0.0,1.19,0.8,2.69,2.82,3.01,2.79,1.45,3.75,1.27,True
2910,Bundesliga (Germany),2024,2025-07-16 13:00:00,Bun-Team-15,Bun-Team-05,FINISHED,2.0,1.0,1.24,0.81,1.83,3.12,5.11,2.88,1.42,3.28,1.34,True
2911,Bundesliga (Germany),2024,2025-07-16 16:00:00,Bun-Team-12,Bun-Team-08,FINISHED,0.0,1.0,1.78,0.36,1.45,3.84,9.24,3.41,1.33,2.97,1.39,True
2912,Bundesliga (Germany),2024,2025-07-16 13:00:00,Bun-Team-11,Bun-Team-02,FINISHED,0.0,1.0,1.01,1.31,2.79,3.64,2.35,1.76,2.07,1.9,1.89,True
2913,Ligue 1 (France),2024,2025-07-16 21:00:00,Lig-Team-03,Lig-Team-16,FINISHED,0.0,1.0,0.53,0.47,2.73,2.45,3.52,3.84,1.26,5.82,1.14,True
2914,Ligue 1 (France),2024,2025-07-16 16:00:00,Lig-Team-11,Lig-Team-07,FINISHED,3.0,1.0,1.23,0.88,2.64,3.08,2.81,2.37,1.59,2.93,1.42,True
2915,Ligue 1 (France),2024,2025-07-16 21:00:00,Lig-Team-01,Lig-Team-05,FINISHED,1.0,0.0,1.93,0.95,2.05,3.38,3.66,2.16,1.71,2.4,1.56,True
2916,Ligue 1 (France),2024,2025-07-16 13:00:00,Lig-Team-15,Lig-Team-06,FINISHED,1.0,1.0,2.59,0.97,1.36,5.62,6.67,1.58,2.43,1.36,3.19,True
2917,Ligue 1 (France),2024,2025-07-16 18:00:00,Lig-Team-02,Lig-Team-08,FINISHED,0.0,1.0,0.57,0.71,2.82,2.36,3.59,4.24,1.21,6.76,1.11,True
2918,Ligue 1 (France),2024,2025-07-16 21:00:00,Lig-Team-10,Lig-Team-12,FINISHED,3.0,1.0,0.63,1.46,5.27,3.78,1.65,2.25,1.66,2.3,1.62,True
2919,Ligue 1 (France),2024,2025-07-16 18:00:00,Lig-Team-14,Lig-Team-04,FINISHED,3.0,1.0,0.71,0.81,2.78,2.91,2.75,2.6,1.51,3.34,1.34,True
2920,Ligue 1 (France),2024,2025-07-16 13:00:00,Lig-Team-13,Lig-Team-09,FINISHED,0.0,0.0,0.9,0.84,3.23,2.93,2.45,2.66,1.47,3.36,1.33,True
2921,Premier League (England),2024,2025-07-17 16:00:00,Pre-Team-06,Pre-Team-14,FINISHED,0.0,0.0,0.9,0.68,2.47,2.87,3.26,2.74,1.46,3.67,1.29,True
2922,Premier League (England),2024,2025-07-17 13:00:00,Pre-Team-01,Pre-Team-07,FINISHED,3.0,1.0,2.53,0.99,1.34,5.67,6.73,1.55,2.49,1.33,3.33,True
2923,Premier League (England),2024,2025-07-17 13:00:00,Pre-Team-16,Pre-Team-10,FINISHED,2.0,0.0,1.81,0.49,1.49,3.82,7.82,2.93,1.42,2.7,1.47,True
2924,Premier League (England),2024,2025-07-17 18:00:00,Pre-Team-08,Pre-Team-15,FINISHED,0.0,1.0,1.1,0.74,3.6,2.83,2.34,2.9,1.42,3.83,1.27,True
2925,Premier League (England),2024,2025-07-17 21:00:00,Pre-Team-12,Pre-Team-11,FINISHED,2.0,5.0,1.66,2.23,4.1,4.55,1.68,1.5,2.64,1.44,2.85,True
2926,Premier League (England),2024,2025-07-17 13:00:00,Pre-Team-13,Pre-Team-05,FINISHED,0.0,1.0,0.8,0.37,2.71,2.88,2.96,2.74,1.45,3.67,1.27,True
2927,Premier League (England),2024,2025-07-17 18:00:00,Pre-Team-03,Pre-Team-09,FINISHED,0.0,3.0,1.16,0.63,2.32,2.91,3.51,2.66,1.48,3.39,1.32,True
2928,Premier League (England),2024,2025-07-17 16:00:00,Pre-Team-02,Pre-Team-04,FINISHED,3.0,2.0,0.81,1.01,2.4,3.26,3.0,2.18,1.71,2.55,1.52,True
2929,La Liga (Spain),2024,2025-07-17 13:00:00,La -Team-10,La -Team-03,FINISHED,1.0,0.0,2.74,1.53,1.41,5.46,6.04,1.5,2.62,1.34,3.34,True
2930,La Liga (Spain),2024,2025-07-17 18:00:00,La -Team-08,La -Team-11,FINISHED,0.0,1.0,0.94,0.95,2.37,2.69,3.8,3.29,1.36,4.55,1.2,True
2931,La Liga (Spain),2024,2025-07-17 13:00:00,La -Team-16,La -Team-13,FINISHED,1.0,3.0,0.78,1.12,3.14,3.14,2.38,2.33,1.62,2.77,1.44,True
2932,La Liga (Spain),2024,2025-07-17 18:00:00,La -Team-12,La -Team-09,FINISHED,3.0,0.0,2.77,1.08,1.25,6.44,9.77,1.75,2.11,1.37,3.08,True
2933,La Liga (Spain),2024,2025-07-17 21:00:00,La -Team-04,La -Team-01,FINISHED,1.0,2.0,1.62,0.82,2.46,3.13,3.02,2.36,1.59,2.84,1.43,True
2934,La Liga (Spain),2024,2025-07-17 21:00:00,La -Team-02,La -Team-07,FINISHED,1.0,1.0,2.19,0.72,1.64,4.07,4.93,1.93,1.88,1.92,1.91,True
2935,La Liga (Spain),2024,2025-07-17 13:00:00,La -Team-05,La -Team-06,FINISHED,0.0,1.0,1.31,0.86,1.83,3.68,4.12,2.01,1.81,2.13,1.7,True
2936,La Liga (Spain),2024,2025-07-17 21:00:00,La -Team-15,La -Team-14,FINISHED,1.0,1.0,1.34,0.7,3.47,3.08,2.24,2.45,1.55,2.99,1.4,True
2937,Serie A (Italy),2024,2025-07-17 21:00:00,Ser-Team-12,Ser-Team-06,FINISHED,1.0,0.0,1.05,0.1,1.58,3.08,9.79,4.94,1.18,4.71,1.19,True
2938,Serie A (Italy),2024,2025-07-17 13:00:00,Ser-Team-08,Ser-Team-03,FINISHED,4.0,3.0,1.48,2.14,3.66,4.56,1.76,1.4,2.94,1.35,3.18,True
2939,Serie A (Italy),2024,2025-07-17 16:00:00,Ser-Team-10,Ser-Team-14,FINISHED,3.0,1.0,1.4,1.37,2.36,3.5,2.85,1.87,1.94,2.11,1.75,True
2940,Serie A (Italy),2024,2025-07-17 16:00:00,Ser-Team-15,Ser-Team-13,FINISHED,1.0,2.0,0.67,0.92,2.97,2.88,2.64,2.67,1.49,3.47,1.31,True
2941,Serie A (Italy),2024,2025-07-17 18:00:00,Ser-Team-02,Ser-Team-09,FINISHED,0.0,0.0,1.36,0.49,2.21,2.96,3.76,2.73,1.46,3.39,1.32,True
2942,Serie A (Italy),2024,2025-07-17 16:00:00,Ser-Team-05,Ser-Team-16,FINISHED,1.0,1.0,1.53,0.56,1.41,4.46,7.75,2.34,1.6,2.07,1.77,True
2943,Serie A (Italy),2024,2025-07-17 16:00:00,Ser-Team-04,Ser-Team-11,FINISHED,3.0,1.0,1.4,0.5,1.59,3.62,6.61,2.79,1.45,2.77,1.45,True
2944,Serie A (Italy),2024,2025-07-17 21:00:00,Ser-Team-07,Ser-Team-01,FINISHED,1.0,0.0,0.77,1.54,3.58,3.34,2.06,2.18,1.69,2.48,1.53,True
2945,Bundesliga (Germany),2024,2025-07-17 18:00:00,Bun-Team-13,Bun-Team-02,FINISHED,1.0,2.0,1.36,1.09,2.21,3.76,2.93,1.68,2.23,1.76,2.07,True
2946,Bundesliga (Germany),2024,2025-07-17 16:00:00,Bun-Team-07,Bun-Team-06,FINISHED,1.0,2.0,1.42,1.7,3.04,3.68,2.16,1.74,2.1,1.85,1.96,True
2947,Bundesliga (Germany),2024,2025-07-17 18:00:00,Bun-Team-11,Bun-Team-12,FINISHED,0.0,2.0,0.64,2.26,4.59,4.13,1.67,1.8,2.01,1.78,2.05,True
2948,Bundesliga (Germany),2024,2025-07-17 13:00:00,Bun-Team-04,Bun-Team-09,FINISHED,3.0,2.0,0.47,1.38,4.77,3.2,1.86,2.68,1.47,3.09,1.39,True
2949,Bundesliga (Germany),2024,2025-07-17 16:00:00,Bun-Team-14,Bun-Team-03,FINISHED,3.0,0.0,1.86,0.9,1.66,4.11,4.57,1.8,2.03,1.79,2.03,True
2950,Bundesliga (Germany),2024,2025-07-17 13:00:00,Bun-Team-05,Bun-Team-10,FINISHED,0.0,0.0,0.99,1.28,2.37,3.04,3.26,2.51,1.53,3.12,1.38,True
2951,Bundesliga (Germany),2024,2025-07-17 18:00:00,Bun-Team-08,Bun-Team-16,FINISHED,1.0,0.0,0.76,1.14,3.12,2.53,2.92,3.45,1.3,5.1,1.17,True
2952,Bundesliga (Germany),2024,2025-07-17 13:00:00,Bun-Team-01,Bun-Team-15,FINISHED,0.0,1.0,0.71,1.33,3.39,3.0,2.33,2.54,1.51,3.19,1.36,True
2953,Ligue 1 (France),2024,2025-07-17 21:00:00,Lig-Team-01,Lig-Team-14,FINISHED,2.0,1.0,1.34,1.3,2.16,3.69,3.04,1.73,2.1,1.84,1.98,True
2954,Ligue 1 (France),2024,2025-07-17 18:00:00,Lig-Team-08,Lig-Team-06,FINISHED,0.0,3.0,1.01,0.7,2.89,3.24,2.47,2.16,1.72,2.54,1.52,True
2955,Ligue 1 (France),2024,2025-07-17 16:00:00,Lig-Team-16,Lig-Team-11,FINISHED,1.0,1.0,0.97,1.07,3.34,2.84,2.46,2.84,1.43,3.68,1.28,True
2956,Ligue 1 (France),2024,2025-07-17 18:00:00,Lig-Team-10,Lig-Team-04,FINISHED,1.0,2.0,0.74,1.02,4.9,2.96,1.92,3.07,1.37,3.74,1.29,True
2957,Ligue 1 (France),2024,2025-07-17 18:00:00,Lig-Team-07,Lig-Team-05,FINISHED,1.0,1.0,1.46,0.89,1.69,3.4,5.79,2.78,1.45,2.97,1.4,True
2958,Ligue 1 (France),2024,2025-07-17 16:00:00,Lig-Team-09,Lig-Team-15,FINISHED,3.0,0.0,1.19,1.22,2.77,3.39,2.47,1.97,1.84,2.26,1.64,True
2959,Ligue 1 (France),2024,2025-07-17 21:00:00,Lig-Team-03,Lig-Team-02,FINISHED,0.0,0.0,0.9,0.53,2.32,2.55,4.31,3.88,1.26,5.57,1.14,True
2960,Ligue 1 (France),2024,2025-07-17 18:00:00,Lig-Team-12,Lig-Team-13,FINISHED,0.0,0.0,1.28,0.65,2.01,3.15,4.05,2.55,1.53,3.02,1.4,True
2961,Premier League (England),2024,2025-07-23 21:00:00,Pre-Team-07,Pre-Team-05,FINISHED,1.0,1.0,1.29,1.75,3.75,3.93,1.86,1.72,2.11,1.79,2.03,True
2962,Premier League (England),2024,2025-07-23 13:00:00,Pre-Team-13,Pre-Team-04,FINISHED,0.0,2.0,0.59,1.52,3.92,3.4,1.96,2.2,1.67,2.47,1.55,True
2963,Premier League (England),2024,2025-07-23 13:00:00,Pre-Team-02,Pre-Team-06,FINISHED,1.0,1.0,1.35,0.72,1.57,3.77,6.3,2.54,1.52,2.51,1.55,True
2964,Premier League (England),2024,2025-07-23 13:00:00,Pre-Team-09,Pre-Team-14,FINISHED,0.0,0.0,0.54,0.61,2.6,2.54,3.52,3.52,1.31,5.09,1.17,True
2965,Premier League (England),2024,2025-07-23 21:00:00,Pre-Team-08,Pre-Team-10,FINISHED,1.0,1.0,1.12,1.08,2.42,3.06,3.13,2.46,1.55,3.07,1.39,True
2966,Premier League (England),2024,2025-07-23 13:00:00,Pre-Team-16,Pre-Team-11,FINISHED,1.0,2.0,0.94,0.89,2.41,3.07,3.07,2.36,1.58,2.91,1.41,True
2967,Premier League (England),2024,2025-07-23 18:00:00,Pre-Team-03,Pre-Team-12,FINISHED,3.0,1.0,2.05,1.12,1.78,4.04,4.1,1.73,2.1,1.78,2.05,True
2968,Premier League (England),2024,2025-07-23 21:00:00,Pre-Team-15,Pre-Team-01,FINISHED,2.0,2.0,1.19,1.28,2.95,3.32,2.39,2.07,1.77,2.41,1.58,True
2969,La Liga (Spain),2024,2025-07-23 18:00:00,La -Team-09,La -Team-05,FINISHED,0.0,2.0,1.31,2.2,4.3,4.57,1.64,1.52,2.56,1.45,2.76,True
2970,La Liga (Spain),2024,2025-07-23 18:00:00,La -Team-14,La -Team-15,FINISHED,0.0,0.0,1.34,0.59,1.8,3.35,4.83,2.51,1.53,2.81,1.44,True
2971,La Liga (Spain),2024,2025-07-23 16:00:00,La -Team-11,La -Team-04,FINISHED,2.0,1.0,1.11,0.35,2.19,2.66,4.4,3.51,1.3,4.8,1.19,True
2972,La Liga (Spain),2024,2025-07-23 13:00:00,La -Team-10,La -Team-06,FINISHED,4.0,2.0,1.49,1.15,2.13,3.53,3.27,1.9,1.89,2.14,1.74,True
2973,La Liga (Spain),2024,2025-07-23 18:00:00,La -Team-08,La -Team-02,FINISHED,0.0,0.0,1.27,0.84,1.88,3.66,4.01,1.98,1.83,2.1,1.74,True
2974,La Liga (Spain),2024,2025-07-23 16:00:00,La -Team-01,La -Team-16,FINISHED,3.0,0.0,1.45,0.67,1.74,3.91,4.35,1.85,1.97,1.89,1.92,True
2975,La Liga (Spain),2024,2025-07-23 16:00:00,La -Team-13,La -Team-03,FINISHED,2.0,1.0,1.47,1.14,1.73,4.18,4.08,1.68,2.24,1.66,2.25,True
2976,La Liga (Spain),2024,2025-07-23 21:00:00,La -Team-07,La -Team-12,FINISHED,0.0,1.0,0.69,1.35,6.34,3.7,1.6,2.65,1.47,2.64,1.49,True
2977,Serie A (Italy),2024,2025-07-23 16:00:00,Ser-Team-14,Ser-Team-03,FINISHED,1.0,0.0,1.67,1.06,1.87,3.54,4.2,2.11,1.73,2.27,1.64,True
2978,Serie A (Italy),2024,2025-07-23 16:00:00,Ser-Team-02,Ser-Team-09,FINISHED,1.0,0.0,0.98,0.83,2.19,2.99,3.73,2.72,1.47,3.41,1.32,True
2979,Serie A (Italy),2024,2025-07-23 16:00:00,Ser-Team-13,Ser-Team-06,FINISHED,1.0,0.0,0.69,-0.31,1.97,2.37,7.47,6.28,1.12,8.35,1.08,True
2980,Serie A (Italy),2024,2025-07-23 13:00:00,Ser-Team-07,Ser-Team-11,FINISHED,1.0,0.0,1.25,1.01,1.91,3.47,4.09,2.17,1.68,2.41,1.57,True
2981,Serie A (Italy),2024,2025-07-23 16:00:00,Ser-Team-15,Ser-Team-04,FINISHED,0.0,4.0,0.37,0.88,4.25,3.09,2.01,2.7,1.49,3.17,1.34,True
2982,Serie A (Italy),2024,2025-07-23 13:00:00,Ser-Team-10,Ser-Team-16,FINISHED,5.0,1.0,2.71,1.15,1.34,5.79,7.21,1.6,2.37,1.36,3.18,True
2983,Serie A (Italy),2024,2025-07-23 16:00:00,Ser-Team-08,Ser-Team-05,FINISHED,0.0,3.0,0.93,1.91,5.84,4.49,1.51,1.89,1.92,1.74,2.1,True
2984,Serie A (Italy),2024,2025-07-23 18:00:00,Ser-Team-01,Ser-Team-12,FINISHED,3.0,1.0,1.55,0.8,2.04,3.36,3.68,2.17,1.7,2.44,1.57,True
2985,Bundesliga (Germany),2024,2025-07-23 18:00:00,Bun-Team-03,Bun-Team-07,FINISHED,2.0,2.0,0.5,1.27,3.83,3.13,2.06,2.52,1.53,3.0,1.39,True
2986,Bundesliga (Germany),2024,2025-07-23 21:00:00,Bun-Team-02,Bun-Team-10,FINISHED,1.0,0.0,0.82,1.24,2.49,3.19,2.9,2.24,1.66,2.68,1.48,True
2987,Bundesliga (Germany),2024,2025-07-23 21:00:00,Bun-Team-11,Bun-Team-16,FINISHED,1.0,0.0,1.25,1.27,2.13,3.5,3.29,1.94,1.88,2.14,1.71,True
2988,Bundesliga (Germany),2024,2025-07-23 18:00:00,Bun-Team-06,Bun-Team-13,FINISHED,2.0,1.0,2.45,1.26,1.5,4.9,5.23,1.57,2.47,1.42,2.87,True
2989,Bundesliga (Germany),2024,2025-07-23 13:00:00,Bun-Team-14,Bun-Team-01,FINISHED,2.0,0.0,1.54,1.76,2.67,4.01,2.32,1.5,2.57,1.55,2.47,True
2990,Bundesliga (Germany),2024,2025-07-23 21:00:00,Bun-Team-04,Bun-Team-05,FINISHED,0.0,1.0,1.18,1.32,3.09,3.26,2.33,2.16,1.71,2.52,1.53,True
2991,Bundesliga (Germany),2024,2025-07-23 21:00:00,Bun-Team-12,Bun-Team-09,FINISHED,1.0,0.0,1.13,0.83,2.6,2.88,3.06,2.69,1.47,3.48,1.29,True
2992,Bundesliga (Germany),2024,2025-07-23 18:00:00,Bun-Team-15,Bun-Team-08,FINISHED,1.0,0.0,1.5,0.3,1.46,3.46,10.65,4.51,1.21,3.84,1.26,True
2993,Ligue 1 (France),2024,2025-07-23 13:00:00,Lig-Team-10,Lig-Team-06,FINISHED,0.0,1.0,1.38,1.82,3.75,4.07,1.84,1.63,2.29,1.66,2.23,True
2994,Ligue 1 (France),2024,2025-07-23 16:00:00,Lig-Team-11,Lig-Team-16,FINISHED,2.0,1.0,1.34,0.89,1.97,3.04,4.56,2.88,1.42,3.47,1.3,True
2995,Ligue 1 (France),2024,2025-07-23 21:00:00,Lig-Team-13,Lig-Team-14,FINISHED,4.0,3.0,1.04,0.93,2.33,3.31,3.09,2.13,1.72,2.48,1.55,True
2996,Ligue 1 (France),2024,2025-07-23 13:00:00,Lig-Team-03,Lig-Team-08,FINISHED,1.0,0.0,0.85,0.59,2.33,2.49,4.32,4.06,1.25,5.92,1.13,True
2997,Ligue 1 (France),2024,2025-07-23 16:00:00,Lig-Team-09,Lig-Team-07,FINISHED,0.0,1.0,1.28,1.2,2.62,2.92,2.97,2.64,1.49,3.37,1.33,True
2998,Ligue 1 (France),2024,2025-07-23 16:00:00,Lig-Team-05,Lig-Team-01,FINISHED,5.0,3.0,1.03,1.04,2.65,3.27,2.62,2.12,1.72,2.5,1.54,True
2999,Ligue 1 (France),2024,2025-07-23 16:00:00,Lig-Team-04,Lig-Team-12,FINISHED,1.0,0.0,1.02,0.72,2.71,2.7,3.16,3.1,1.38,4.33,1.22,True
3000,Ligue 1 (France),2024,2025-07-23 18:00:00,Lig-Team-15,Lig-Team-02,FINISHED,3.0,0.0,1.84,0.31,1.41,4.19,8.4,2.75,1.47,2.4,1.58,True
3001,Premier League (England),2024,2025-07-24 21:00:00,Pre-Team-12,Pre-Team-04,FINISHED,0.0,1.0,1.28,1.83,5.58,4.75,1.49,1.68,2.2,1.53,2.48,True
3002,Premier League (England),2024,2025-07-24 16:00:00,Pre-Team-16,Pre-Team-09,FINISHED,2.0,0.0,0.87,0.52,2.12,2.61,4.95,3.88,1.26,5.3,1.16,True
3003,Premier League (England),2024,2025-07-24 18:00:00,Pre-Team-03,Pre-Team-06,FINISHED,2.0,2.0,0.89,0.94,2.15,3.33,3.45,2.16,1.68,2.51,1.53,True
3004,Premier League (England),2024,2025-07-24 13:00:00,Pre-Team-05,Pre-Team-13,FINISHED,2.0,1.0,1.01,0.86,2.29,2.87,3.57,2.78,1.45,3.57,1.3,True
3005,Premier League (England),2024,2025-07-24 18:00:00,Pre-Team-07,Pre-Team-08,FINISHED,2.0,1.0,1.47,1.1,2.04,3.62,3.39,1.87,1.96,2.01,1.82,True
3006,Premier League (England),2024,2025-07-24 16:00:00,Pre-Team-01,Pre-Team-15,FINISHED,1.0,0.0,1.5,0.77,1.87,3.52,4.18,2.15,1.72,2.3,1.63,True
3007,Premier League (England),2024,2025-07-24 13:00:00,Pre-Team-14,Pre-Team-11,FINISHED,0.0,0.0,0.8,1.59,3.53,3.25,2.15,2.24,1.65,2.62,1.5,True
3008,Premier League (England),2024,2025-07-24 21:00:00,Pre-Team-02,Pre-Team-10,FINISHED,2.0,1.0,2.34,0.52,1.26,5.43,11.42,2.51,1.54,1.85,1.94,True
3009,La Liga (Spain),2024,2025-07-24 13:00:00,La -Team-14,La -Team-16,FINISHED,2.0,2.0,1.89,0.58,1.39,4.47,8.66,2.59,1.53,2.16,1.7,True
3010,La Liga (Spain),2024,2025-07-24 18:00:00,La -Team-05,La -Team-15,FINISHED,1.0,1.0,1.49,0.72,1.81,3.6,4.4,2.17,1.7,2.3,1.62,True
3011,La Liga (Spain),2024,2025-07-24 21:00:00,La -Team-09,La -Team-06,FINISHED,3.0,3.0,1.41,1.59,2.99,4.02,2.07,1.53,2.53,1.57,2.45,True
3012,La Liga (Spain),2024,2025-07-24 13:00:00,La -Team-03,La -Team-07,FINISHED,1.0,0.0,1.5,1.21,2.11,3.73,3.1,1.7,2.16,1.82,2.0,True
3013,La Liga (Spain),2024,2025-07-24 13:00:00,La -Team-13,La -Team-01,FINISHED,0.0,0.0,1.36,1.31,2.28,3.4,3.03,2.0,1.82,2.25,1.64,True
3014,La Liga (Spain),2024,2025-07-24 13:00:00,La -Team-12,La -Team-02,FINISHED,1.0,2.0,2.1,0.95,1.46,4.84,5.92,1.72,2.15,1.55,2.41,True
3015,La Liga (Spain),2024,2025-07-24 13:00:00,La -Team-10,La -Team-08,FINISHED,3.0,1.0,1.16,0.64,2.65,3.08,2.82,2.4,1.59,2.94,1.4,True
3016,La Liga (Spain),2024,2025-07-24 18:00:00,La -Team-11,La -Team-04,FINISHED,0.0,0.0,1.23,0.86,2.2,2.68,4.35,3.54,1.3,4.8,1.19,True
3017,Serie A (Italy),2024,2025-07-24 21:00:00,Ser-Team-03,Ser-Team-05,FINISHED,0.0,2.0,0.74,1.04,3.23,3.21,2.29,2.25,1.66,2.68,1.49,True
3018,Serie A (Italy),2024,2025-07-24 18:00:00,Ser-Team-14,Ser-Team-09,FINISHED,0.0,0.0,0.97,0.96,2.12,3.05,3.82,2.64,1.48,3.24,1.35,True
3019,Serie A (Italy),2024,2025-07-24 16:00:00,Ser-Team-06,Ser-Team-12,FINISHED,0.0,1.0,0.53,1.05,6.93,2.68,1.85,4.69,1.19,5.71,1.15,True
3020,Serie A (Italy),2024,2025-07-24 13:00:00,Ser-Team-11,Ser-Team-08,FINISHED,1.0,2.0,1.88,1.2,1.73,4.23,4.06,1.63,2.29,1.61,2.33,True
3021,Serie A (Italy),2024,2025-07-24 13:00:00,Ser-Team-01,Ser-Team-16,FINISHED,4.0,0.0,2.33,0.69,1.28,5.6,10.04,2.16,1.7,1.69,2.19,True
3022,Serie A (Italy),2024,2025-07-24 13:00:00,Ser-Team-04,Ser-Team-15,FINISHED,2.0,2.0,0.98,0.63,1.64,3.5,6.04,2.79,1.44,2.88,1.42,True
3023,Serie A (Italy),2024,2025-07-24 13:00:00,Ser-Team-10,Ser-Team-02,FINISHED,0.0,1.0,1.32,1.67,2.3,3.49,2.94,1.93,1.88,2.16,1.7,True
3024,Serie A (Italy),2024,2025-07-24 16:00:00,Ser-Team-07,Ser-Team-13,FINISHED,1.0,1.0,1.41,0.74,2.43,3.12,3.05,2.35,1.62,2.87,1.42,True
3025,Bundesliga (Germany),2024,2025-07-24 21:00:00,Bun-Team-14,Bun-Team-12,FINISHED,2.0,4.0,1.34,1.88,3.57,4.32,1.82,1.48,2.68,1.47,2.7,True
3026,Bundesliga (Germany),2024,2025-07-24 18:00:00,Bun-Team-04,Bun-Team-13,FINISHED,0.0,2.0,1.73,1.23,2.61,3.84,2.38,1.62,2.31,1.7,2.15,True
3027,Bundesliga (Germany),2024,2025-07-24 18:00:00,Bun-Team-01,Bun-Team-15,FINISHED,0.0,3.0,0.51,1.15,3.39,3.01,2.31,2.56,1.53,3.2,1.37,True
3028,Bundesliga (Germany),2024,2025-07-24 16:00:00,Bun-Team-02,Bun-Team-03,FINISHED,6.0,0.0,1.34,0.6,1.8,3.32,4.89,2.6,1.5,2.88,1.42,True
3029,Bundesliga (Germany),2024,2025-07-24 16:00:00,Bun-Team-10,Bun-Team-08,FINISHED,5.0,0.0,1.05,0.29,1.79,2.93,6.08,3.64,1.28,4.24,1.23,True
3030,Bundesliga (Germany),2024,2025-07-24 21:00:00,Bun-Team-07,Bun-Team-06,FINISHED,0.0,1.0,1.09,1.64,3.04,3.71,2.16,1.72,2.12,1.86,1.94,True
3031,Bundesliga (Germany),2024,2025-07-24 18:00:00,Bun-Team-16,Bun-Team-09,FINISHED,0.0,1.0,0.81,1.09,5.38,3.01,1.85,3.18,1.35,3.78,1.27,True
3032,Bundesliga (Germany),2024,2025-07-24 18:00:00,Bun-Team-11,Bun-Team-05,FINISHED,2.0,1.0,0.96,1.33,3.15,3.47,2.19,1.96,1.88,2.16,1.69,True
3033,Ligue 1 (France),2024,2025-07-24 16:00:00,Lig-Team-12,Lig-Team-15,FINISHED,1.0,0.0,0.98,1.38,3.01,3.49,2.27,1.91,1.93,2.09,1.74,True
3034,Ligue 1 (France),2024,2025-07-24 16:00:00,Lig-Team-02,Lig-Team-08,FINISHED,2.0,0.0,0.64,0.45,2.82,2.36,3.59,4.26,1.23,6.79,1.11,True
3035,Ligue 1 (France),2024,2025-07-24 13:00:00,Lig-Team-13,Lig-Team-07,FINISHED,0.0,0.0,0.46,1.24,3.55,2.84,2.34,2.88,1.43,3.73,1.28,True
3036,Ligue 1 (France),2024,2025-07-24 18:00:00,Lig-Team-05,Lig-Team-04,FINISHED,0.0,2.0,0.78,1.32,3.38,2.63,2.61,3.34,1.32,4.73,1.19,True
3037,Ligue 1 (France),2024,2025-07-24 16:00:00,Lig-Team-14,Lig-Team-03,FINISHED,1.0,3.0,0.93,0.77,2.27,3.15,3.34,2.37,1.6,2.86,1.44,True
3038,Ligue 1 (France),2024,2025-07-24 21:00:00,Lig-Team-11,Lig-Team-16,FINISHED,1.0,1.0,0.97,0.49,1.96,3.04,4.54,2.86,1.41,3.49,1.31,True
3039,Ligue 1 (France),2024,2025-07-24 21:00:00,Lig-Team-09,Lig-Team-01,FINISHED,1.0,1.0,1.25,0.92,1.83,3.57,4.31,2.16,1.7,2.32,1.62,True
3040,Ligue 1 (France),2024,2025-07-24 18:00:00,Lig-Team-06,Lig-Team-10,FINISHED,3.0,0.0,2.05,0.97,1.48,4.78,5.74,1.72,2.16,1.57,2.45,True
3041,Premier League (England),2024,2025-07-30 21:00:00,Pre-Team-13,Pre-Team-14,FINISHED,1.0,1.0,0.91,0.6,2.36,2.76,3.67,3.11,1.37,4.21,1.23,True
3042,Premier League (England),2024,2025-07-30 16:00:00,Pre-Team-16,Pre-Team-12,FINISHED,3.0,2.0,1.5,0.59,1.61,3.74,5.8,2.4,1.58,2.37,1.58,True
3043,Premier League (England),2024,2025-07-30 16:00:00,Pre-Team-09,Pre-Team-15,FINISHED,1.0,0.0,0.7,0.68,2.47,2.87,3.35,2.82,1.44,3.69,1.29,True
3044,Premier League (England),2024,2025-07-30 21:00:00,Pre-Team-04,Pre-Team-01,FINISHED,2.0,2.0,1.58,0.88,1.68,4.01,4.63,1.89,1.9,1.9,1.91,True
3045,Premier League (England),2024,2025-07-30 18:00:00,Pre-Team-08,Pre-Team-02,FINISHED,0.0,0.0,0.62,1.48,6.98,3.33,1.61,3.29,1.35,3.4,1.33,True
3046,Premier League (England),2024,2025-07-30 21:00:00,Pre-Team-03,Pre-Team-06,FINISHED,2.0,5.0,1.29,0.8,2.13,3.32,3.44,2.18,1.7,2.48,1.55,True
3047,Premier League (England),2024,2025-07-30 16:00:00,Pre-Team-07,Pre-Team-05,FINISHED,1.0,2.0,1.11,1.64,3.73,3.94,1.86,1.73,2.12,1.8,2.05,True
3048,Premier League (England),2024,2025-07-30 21:00:00,Pre-Team-10,Pre-Team-11,FINISHED,0.0,1.0,0.81,1.76,5.67,4.71,1.49,1.73,2.1,1.58,2.37,True
3049,La Liga (Spain),2024,2025-07-30 13:00:00,La -Team-09,La -Team-05,FINISHED,2.0,2.0,1.37,2.14,4.3,4.57,1.64,1.54,2.56,1.45,2.76,True
3050,La Liga (Spain),2024,2025-07-30 13:00:00,La -Team-10,La -Team-07,FINISHED,3.0,0.0,1.43,0.89,1.61,3.79,5.76,2.38,1.58,2.39,1.57,True
3051,La Liga (Spain),2024,2025-07-30 16:00:00,La -Team-04,La -Team-03,FINISHED,1.0,1.0,1.84,0.74,1.86,3.72,3.91,1.9,1.91,1.99,1.82,True
3052,La Liga (Spain),2024,2025-07-30 16:00:00,La -Team-08,La -Team-11,FINISHED,1.0,1.0,0.74,0.45,2.34,2.7,3.77,3.27,1.35,4.5,1.2,True
3053,La Liga (Spain),2024,2025-07-30 18:00:00,La -Team-12,La -Team-13,FINISHED,1.0,1.0,1.67,0.76,1.53,3.93,6.61,2.51,1.53,2.4,1.59,True
3054,La Liga (Spain),2024,2025-07-30 16:00:00,La -Team-02,La -Team-15,FINISHED,1.0,0.0,1.43,1.3,2.2,3.78,2.99,1.7,2.15,1.79,2.02,True
3055,La Liga (Spain),2024,2025-07-30 16:00:00,La -Team-16,La -Team-01,FINISHED,0.0,0.0,1.33,1.62,3.01,3.63,2.2,1.82,2.0,1.98,1.84,True
3056,La Liga (Spain),2024,2025-07-30 18:00:00,La -Team-14,La -Team-06,FINISHED,1.0,1.0,1.4,0.48,1.82,3.46,4.51,2.34,1.6,2.56,1.51,True
3057,Serie A (Italy),2024,2025-07-30 21:00:00,Ser-Team-02,Ser-Team-10,FINISHED,1.0,1.0,1.23,0.69,2.24,3.48,3.15,1.93,1.89,2.15,1.72,True
3058,Serie A (Italy),2024,2025-07-30 13:00:00,Ser-Team-15,Ser-Team-05,FINISHED,1.0,1.0,0.38,1.07,3.97,2.93,2.15,2.84,1.45,3.55,1.3,True
3059,Serie A (Italy),2024,2025-07-30 18:00:00,Ser-Team-13,Ser-Team-08,FINISHED,1.0,0.0,1.75,1.12,1.47,4.67,6.09,1.82,1.98,1.66,2.22,True
3060,Serie A (Italy),2024,2025-07-30 16:00:00,Ser-Team-07,Ser-Team-11,FINISHED,0.0,0.0,1.42,1.13,1.9,3.46,4.07,2.18,1.7,2.42,1.59,True
3061,Serie A (Italy),2024,2025-07-30 18:00:00,Ser-Team-01,Ser-Team-12,FINISHED,1.0,2.0,1.22,0.3,2.03,3.39,3.69,2.17,1.72,2.44,1.56,True
3062,Serie A (Italy),2024,2025-07-30 21:00:00,Ser-Team-03,Ser-Team-04,FINISHED,0.0,0.0,0.98,1.0,3.49,3.39,2.11,2.13,1.72,2.45,1.57,True
3063,Serie A (Italy),2024,2025-07-30 16:00:00,Ser-Team-09,Ser-Team-14,FINISHED,1.0,0.0,0.56,0.93,2.85,2.92,2.72,2.61,1.5,3.36,1.33,True
3064,Serie A (Italy),2024,2025-07-30 18:00:00,Ser-Team-16,Ser-Team-06,FINISHED,1.0,0.0,1.0,0.5,2.25,2.57,4.49,3.82,1.27,5.37,1.16,True
3065,Bundesliga (Germany),2024,2025-07-30 18:00:00,Bun-Team-01,Bun-Team-05,FINISHED,2.0,3.0,1.07,0.92,2.27,3.16,3.36,2.34,1.62,2.79,1.45,True
3066,Bundesliga (Germany),2024,2025-07-30 21:00:00,Bun-Team-08,Bun-Team-04,FINISHED,0.0,2.0,0.87,0.98,3.25,2.79,2.56,2.92,1.41,3.9,1.26,True
3067,Bundesliga (Germany),2024,2025-07-30 16:00:00,Bun-Team-06,Bun-Team-15,FINISHED,2.0,1.0,1.25,1.0,2.55,3.28,2.72,2.1,1.75,2.46,1.56,True
3068,Bundesliga (Germany),2024,2025-07-30 13:00:00,Bun-Team-13,Bun-Team-14,FINISHED,2.0,1.0,2.39,1.4,1.93,4.64,3.07,1.3,3.61,1.25,3.94,True
3069,Bundesliga (Germany),2024,2025-07-30 16:00:00,Bun-Team-16,Bun-Team-02,FINISHED,0.0,1.0,0.65,0.73,3.15,3.19,2.31,2.25,1.65,2.66,1.49,True
3070,Bundesliga (Germany),2024,2025-07-30 18:00:00,Bun-Team-07,Bun-Team-10,FINISHED,1.0,0.0,1.13,0.83,2.32,3.24,3.17,2.21,1.68,2.63,1.5,True
3071,Bundesliga (Germany),2024,2025-07-30 16:00:00,Bun-Team-09,Bun-Team-03,FINISHED,3.0,0.0,1.44,0.71,1.54,3.41,8.75,3.87,1.27,3.7,1.27,True
3072,Bundesliga (Germany),2024,2025-07-30 18:00:00,Bun-Team-11,Bun-Team-12,FINISHED,2.0,2.0,0.87,1.91,4.59,4.13,1.67,1.8,2.02,1.79,2.04,True
3073,Ligue 1 (France),2024,2025-07-30 18:00:00,Lig-Team-14,Lig-Team-02,FINISHED,1.0,0.0,0.99,0.55,1.92,3.23,4.3,2.54,1.53,2.91,1.43,True
3074,Ligue 1 (France),2024,2025-07-30 21:00:00,Lig-Team-12,Lig-Team-07,FINISHED,2.0,0.0,1.24,0.69,2.8,3.0,2.73,2.49,1.54,3.09,1.37,True
3075,Ligue 1 (France),2024,2025-07-30 21:00:00,Lig-Team-10,Lig-Team-15,FINISHED,1.0,3.0,0.65,2.17,8.38,5.18,1.34,2.05,1.78,1.71,2.16,True
3076,Ligue 1 (France),2024,2025-07-30 16:00:00,Lig-Team-06,Lig-Team-04,FINISHED,2.0,0.0,0.86,1.1,2.81,3.19,2.55,2.2,1.68,2.61,1.5,True
3077,Ligue 1 (France),2024,2025-07-30 18:00:00,Lig-Team-16,Lig-Team-09,FINISHED,1.0,2.0,0.62,1.09,3.54,2.7,2.44,3.14,1.36,4.29,1.22,True
3078,Ligue 1 (France),2024,2025-07-30 18:00:00,Lig-Team-03,Lig-Team-05,FINISHED,1.0,0.0,0.96,0.88,2.38,2.76,3.61,3.02,1.38,4.02,1.25,True
3079,Ligue 1 (France),2024,2025-07-30 21:00:00,Lig-Team-13,Lig-Team-11,FINISHED,1.0,4.0,0.69,1.23,3.05,3.05,2.45,2.41,1.57,2.92,1.41,True
3080,Ligue 1 (France),2024,2025-07-30 21:00:00,Lig-Team-01,Lig-Team-08,FINISHED,1.0,1.0,1.29,0.74,2.0,3.02,4.39,2.79,1.45,3.34,1.34,True
3081,Premier League (England),2024,2025-07-31 21:00:00,Pre-Team-03,Pre-Team-15,FINISHED,2.0,1.0,1.31,0.72,2.17,3.24,3.47,2.27,1.64,2.68,1.47,True
3082,Premier League (England),2024,2025-07-31 21:00:00,Pre-Team-12,Pre-Team-06,FINISHED,1.0,2.0,1.71,1.42,2.52,3.69,2.55,1.71,2.16,1.82,1.98,True
3083,Premier League (England),2024,2025-07-31 16:00:00,Pre-Team-13,Pre-Team-08,FINISHED,1.0,0.0,1.48,0.93,1.81,3.08,5.51,3.2,1.36,3.68,1.3,True
3084,Premier League (England),2024,2025-07-31 18:00:00,Pre-Team-02,Pre-Team-09,FINISHED,1.0,1.0,1.19,1.04,1.7,3.24,6.03,3.13,1.36,3.42,1.32,True
3085,Premier League (England),2024,2025-07-31 18:00:00,Pre-Team-04,Pre-Team-01,FINISHED,0.0,0.0,1.81,0.74,1.68,3.99,4.63,1.88,1.91,1.9,1.92,True
3086,Premier League (England),2024,2025-07-31 13:00:00,Pre-Team-14,Pre-Team-11,FINISHED,0.0,0.0,1.38,1.24,3.52,3.26,2.13,2.23,1.65,2.6,1.51,True
3087,Premier League (England),2024,2025-07-31 16:00:00,Pre-Team-07,Pre-Team-10,FINISHED,3.0,0.0,1.87,1.51,1.91,4.38,3.27,1.44,2.82,1.42,2.9,True
3088,Premier League (England),2024,2025-07-31 13:00:00,Pre-Team-05,Pre-Team-16,FINISHED,2.0,0.0,1.04,0.96,3.06,2.54,2.94,3.53,1.31,5.19,1.17,True
3089,La Liga (Spain),2024,2025-07-31 21:00:00,La -Team-11,La -Team-03,FINISHED,5.0,1.0,1.9,0.88,1.54,4.39,5.61,1.87,1.96,1.74,2.09,True
3090,La Liga (Spain),2024,2025-07-31 18:00:00,La -Team-02,La -Team-05,FINISHED,3.0,1.0,1.3,1.41,3.0,3.99,2.1,1.54,2.48,1.58,2.37,True
3091,La Liga (Spain),2024,2025-07-31 18:00:00,La -Team-14,La -Team-07,FINISHED,1.0,0.0,1.78,0.45,1.47,3.86,8.26,2.98,1.39,2.74,1.45,True
3092,La Liga (Spain),2024,2025-07-31 21:00:00,La -Team-12,La -Team-13,FINISHED,0.0,1.0,1.45,1.01,1.55,3.92,6.57,2.51,1.56,2.39,1.6,True
3093,La Liga (Spain),2024,2025-07-31 13:00:00,La -Team-15,La -Team-01,FINISHED,2.0,0.0,1.06,1.2,2.06,3.57,3.41,1.93,1.9,2.11,1.75,True
3094,La Liga (Spain),2024,2025-07-31 16:00:00,La -Team-16,La -Team-04,FINISHED,0.0,2.0,0.95,0.91,3.15,2.86,2.56,2.76,1.46,3.64,1.29,True
3095,La Liga (Spain),2024,2025-07-31 21:00:00,La -Team-06,La -Team-09,FINISHED,0.0,1.0,1.79,1.27,1.63,4.54,4.52,1.58,2.42,1.5,2.61,True
3096,La Liga (Spain),2024,2025-07-31 16:00:00,La -Team-08,La -Team-10,FINISHED,0.0,0.0,1.37,1.17,2.19,3.14,3.53,2.4,1.58,2.88,1.43,True
3097,Serie A (Italy),2024,2025-07-31 18:00:00,Ser-Team-15,Ser-Team-13,FINISHED,2.0,2.0,0.72,0.6,2.96,2.89,2.64,2.66,1.49,3.46,1.32,True
3098,Serie A (Italy),2024,2025-07-31 13:00:00,Ser-Team-04,Ser-Team-01,FINISHED,1.0,0.0,1.04,0.89,2.56,2.9,3.08,2.62,1.5,3.4,1.33,True
3099,Serie A (Italy),2024,2025-07-31 16:00:00,Ser-Team-08,Ser-Team-03,FINISHED,3.0,2.0,1.7,2.41,3.67,4.61,1.78,1.41,2.96,1.36,3.23,True
3100,Serie A (Italy),2024,2025-07-31 18:00:00,Ser-Team-07,Ser-Team-12,FINISHED,0.0,0.0,1.12,1.46,2.95,3.48,2.28,1.92,1.91,2.13,1.71,True
3101,Serie A (Italy),2024,2025-07-31 16:00:00,Ser-Team-10,Ser-Team-16,FINISHED,0.0,1.0,2.82,1.16,1.34,5.81,7.26,1.6,2.37,1.36,3.17,True
3102,Serie A (Italy),2024,2025-07-31 18:00:00,Ser-Team-05,Ser-Team-14,FINISHED,2.0,0.0,1.03,0.54,2.39,2.78,3.5,2.97,1.4,3.94,1.25,True
3103,Serie A (Italy),2024,2025-07-31 18:00:00,Ser-Team-06,Ser-Team-02,FINISHED,0.0,1.0,0.38,0.93,6.66,2.29,2.11,6.05,1.13,8.77,1.07,True
3104,Serie A (Italy),2024,2025-07-31 18:00:00,Ser-Team-11,Ser-Team-09,FINISHED,1.0,2.0,0.91,1.33,3.23,3.05,2.38,2.46,1.55,3.07,1.37,True
3105,Bundesliga (Germany),2024,2025-07-31 21:00:00,Bun-Team-02,Bun-Team-11,FINISHED,1.0,0.0,1.74,1.6,1.8,3.92,4.0,1.78,2.02,1.84,1.97,True
3106,Bundesliga (Germany),2024,2025-07-31 16:00:00,Bun-Team-06,Bun-Team-08,FINISHED,0.0,0.0,1.87,0.86,1.37,4.43,9.65,2.9,1.41,2.42,1.59,True
3107,Bundesliga (Germany),2024,2025-07-31 21:00:00,Bun-Team-15,Bun-Team-07,FINISHED,2.0,0.0,1.28,0.76,1.74,3.41,5.16,2.52,1.53,2.75,1.47,True
3108,Bundesliga (Germany),2024,2025-07-31 16:00:00,Bun-Team-14,Bun-Team-13,FINISHED,2.0,2.0,2.24,1.65,2.12,4.55,2.72,1.29,3.62,1.26,3.82,True
3109,Bundesliga (Germany),2024,2025-07-31 16:00:00,Bun-Team-01,Bun-Team-05,FINISHED,2.0,1.0,1.28,0.91,2.24,3.15,3.39,2.35,1.63,2.78,1.44,True
3110,Bundesliga (Germany),2024,2025-07-31 16:00:00,Bun-Team-16,Bun-Team-03,FINISHED,1.0,2.0,1.0,0.51,2.31,2.87,3.55,2.82,1.42,3.67,1.29,True
3111,Bundesliga (Germany),2024,2025-07-31 21:00:00,Bun-Team-10,Bun-Team-12,FINISHED,0.0,0.0,0.89,1.49,3.19,3.25,2.28,2.21,1.69,2.62,1.51,True
3112,Bundesliga (Germany),2024,2025-07-31 16:00:00,Bun-Team-04,Bun-Team-09,FINISHED,3.0,3.0,0.61,1.37,4.74,3.22,1.85,2.68,1.47,3.07,1.38,True
3113,Ligue 1 (France),2024,2025-07-31 13:00:00,Lig-Team-01,Lig-Team-03,FINISHED,1.0,1.0,1.13,0.56,2.29,3.05,3.45,2.51,1.54,3.08,1.37,True
3114,Ligue 1 (France),2024,2025-07-31 18:00:00,Lig-Team-05,Lig-Team-11,FINISHED,1.0,0.0,0.55,1.12,3.48,3.25,2.16,2.26,1.62,2.68,1.49,True
3115,Ligue 1 (France),2024,2025-07-31 16:00:00,Lig-Team-09,Lig-Team-10,FINISHED,1.0,1.0,1.64,0.52,1.36,4.63,9.05,2.56,1.52,2.11,1.72,True
3116,Ligue 1 (France),2024,2025-07-31 16:00:00,Lig-Team-13,Lig-Team-07,FINISHED,2.0,0.0,0.75,1.53,3.57,2.86,2.35,2.85,1.42,3.71,1.28,True
3117,Ligue 1 (France),2024,2025-07-31 18:00:00,Lig-Team-04,Lig-Team-16,FINISHED,2.0,1.0,1.1,0.48,2.42,2.39,4.38,4.36,1.2,6.66,1.11,True
3118,Ligue 1 (France),2024,2025-07-31 13:00:00,Lig-Team-02,Lig-Team-06,FINISHED,2.0,0.0,0.59,1.15,2.88,3.27,2.44,2.12,1.76,2.47,1.56,True
3119,Ligue 1 (France),2024,2025-07-31 21:00:00,Lig-Team-08,Lig-Team-14,FINISHED,3.0,0.0,1.14,1.21,3.16,2.98,2.49,2.54,1.52,3.21,1.36,True
3120,Ligue 1 (France),2024,2025-07-31 18:00:00,Lig-Team-12,Lig-Team-15,FINISHED,0.0,0.0,1.42,1.64,2.99,3.51,2.28,1.88,1.91,2.08,1.75,True
3121,Premier League (England),2024,2025-08-06 18:00:00,Pre-Team-02,Pre-Team-03,FINISHED,0.0,0.0,1.31,0.55,1.66,3.58,5.52,2.48,1.55,2.6,1.52,True
3122,Premier League (England),2024,2025-08-06 21:00:00,Pre-Team-15,Pre-Team-08,FINISHED,1.0,1.0,1.08,0.37,1.9,3.05,4.94,3.0,1.39,3.53,1.31,True
3123,Premier League (England),2024,2025-08-06 21:00:00,Pre-Team-12,Pre-Team-01,FINISHED,1.0,2.0,1.25,1.79,3.36,4.0,1.94,1.61,2.31,1.64,2.27,True
3124,Premier League (England),2024,2025-08-06 16:00:00,Pre-Team-10,Pre-Team-06,FINISHED,2.0,1.0,1.17,1.16,3.27,3.49,2.12,1.96,1.84,2.18,1.68,True
3125,Premier League (England),2024,2025-08-06 21:00:00,Pre-Team-05,Pre-Team-09,FINISHED,2.0,1.0,1.15,0.62,2.27,2.75,3.95,3.16,1.37,4.2,1.24,True
3126,Premier League (England),2024,2025-08-06 13:00:00,Pre-Team-13,Pre-Team-16,FINISHED,2.0,1.0,0.71,0.76,3.28,2.62,2.67,3.33,1.34,4.75,1.2,True
3127,Premier League (England),2024,2025-08-06 21:00:00,Pre-Team-14,Pre-Team-07,FINISHED,2.0,1.0,1.65,1.01,1.76,3.83,4.21,1.91,1.91,1.98,1.84,True
3128,Premier League (England),2024,2025-08-06 16:00:00,Pre-Team-04,Pre-Team-11,FINISHED,2.0,0.0,1.97,1.42,1.82,4.08,3.83,1.68,2.19,1.69,2.15,True
3129,La Liga (Spain),2024,2025-08-06 13:00:00,La -Team-12,La -Team-04,FINISHED,0.0,1.0,1.36,0.44,1.59,3.48,6.76,2.99,1.4,3.03,1.4,True
3130,La Liga (Spain),2024,2025-08-06 16:00:00,La -Team-07,La -Team-09,FINISHED,0.0,0.0,1.35,1.21,2.51,3.61,2.63,1.76,2.06,1.89,1.9,True
3131,La Liga (Spain),2024,2025-08-06 16:00:00,La -Team-13,La -Team-14,FINISHED,1.0,0.0,0.73,1.41,3.94,3.07,2.06,2.59,1.51,3.09,1.36,True
3132,La Liga (Spain),2024,2025-08-06 13:00:00,La -Team-01,La -Team-03,FINISHED,1.0,3.0,2.37,1.33,1.64,4.87,4.16,1.39,3.03,1.3,3.48,True
3133,La Liga (Spain),2024,2025-08-06 21:00:00,La -Team-15,La -Team-05,FINISHED,1.0,2.0,0.62,1.24,3.14,3.33,2.29,2.09,1.74,2.43,1.57,True
3134,La Liga (Spain),2024,2025-08-06 18:00:00,La -Team-11,La -Team-08,FINISHED,1.0,0.0,0.74,0.82,2.89,2.63,3.02,3.26,1.33,4.66,1.19,True
3135,La Liga (Spain),2024,2025-08-06 16:00:00,La -Team-10,La -Team-06,FINISHED,1.0,1.0,1.5,1.31,2.12,3.53,3.26,1.93,1.88,2.11,1.73,True
3136,La Liga (Spain),2024,2025-08-06 16:00:00,La -Team-02,La -Team-16,FINISHED,4.0,1.0,2.05,0.82,1.55,4.57,5.11,1.69,2.17,1.59,2.36,True
3137,Serie A (Italy),2024,2025-08-06 16:00:00,Ser-Team-07,Ser-Team-16,FINISHED,5.0,1.0,2.04,0.88,1.58,4.37,5.08,1.79,2.04,1.72,2.13,True
3138,Serie A (Italy),2024,2025-08-06 21:00:00,Ser-Team-12,Ser-Team-05,FINISHED,1.0,1.0,1.24,1.05,2.46,3.01,3.05,2.44,1.57,3.01,1.41,True
3139,Serie A (Italy),2024,2025-08-06 21:00:00,Ser-Team-04,Ser-Team-03,FINISHED,0.0,0.0,1.8,0.75,1.69,3.68,5.01,2.23,1.68,2.28,1.64,True
3140,Serie A (Italy),2024,2025-08-06 13:00:00,Ser-Team-13,Ser-Team-15,FINISHED,1.0,0.0,1.01,0.25,2.11,3.01,3.97,2.71,1.46,3.31,1.33,True
3141,Serie A (Italy),2024,2025-08-06 21:00:00,Ser-Team-14,Ser-Team-06,FINISHED,0.0,0.0,0.98,0.31,1.72,2.65,9.38,6.17,1.11,6.7,1.11,True
3142,Serie A (Italy),2024,2025-08-06 16:00:00,Ser-Team-01,Ser-Team-08,FINISHED,3.0,0.0,2.69,0.65,1.18,7.58,13.42,1.89,1.91,1.35,3.21,True
3143,Serie A (Italy),2024,2025-08-06 16:00:00,Ser-Team-02,Ser-Team-09,FINISHED,2.0,3.0,0.72,0.63,2.2,2.97,3.71,2.71,1.47,3.4,1.32,True
3144,Serie A (Italy),2024,2025-08-06 16:00:00,Ser-Team-11,Ser-Team-10,FINISHED,2.0,1.0,1.36,1.81,3.53,3.75,1.95,1.79,2.01,1.92,1.9,True
3145,Bundesliga (Germany),2024,2025-08-06 16:00:00,Bun-Team-02,Bun-Team-15,FINISHED,0.0,0.0,0.83,1.38,3.97,3.14,2.01,2.5,1.53,2.97,1.4,True
3146,Bundesliga (Germany),2024,2025-08-06 21:00:00,Bun-Team-01,Bun-Team-16,FINISHED,1.0,0.0,1.49,0.55,1.68,3.61,5.36,2.42,1.57,2.52,1.53,True
3147,Bundesliga (Germany),2024,2025-08-06 13:00:00,Bun-Team-13,Bun-Team-06,FINISHED,3.0,1.0,0.9,2.0,3.41,4.25,1.91,1.5,2.63,1.51,2.63,True
3148,Bundesliga (Germany),2024,2025-08-06 21:00:00,Bun-Team-09,Bun-Team-04,FINISHED,1.0,0.0,1.67,0.35,1.56,3.68,6.91,2.81,1.45,2.72,1.46,True
3149,Bundesliga (Germany),2024,2025-08-06 16:00:00,Bun-Team-05,Bun-Team-03,FINISHED,1.0,0.0,1.22,0.4,1.75,3.2,5.58,2.96,1.41,3.32,1.34,True
3150,Bundesliga (Germany),2024,2025-08-06 18:00:00,Bun-Team-08,Bun-Team-11,FINISHED,1.0,1.0,0.92,0.74,3.03,2.96,2.54,2.57,1.51,3.24,1.35,True
3151,Bundesliga (Germany),2024,2025-08-06 21:00:00,Bun-Team-12,Bun-Team-14,FINISHED,2.0,2.0,2.24,1.45,1.46,5.12,5.66,1.55,2.48,1.41,3.0,True
3152,Bundesliga (Germany),2024,2025-08-06 21:00:00,Bun-Team-07,Bun-Team-10,FINISHED,0.0,1.0,1.19,1.07,2.32,3.21,3.17,2.19,1.67,2.6,1.5,True
3153,Ligue 1 (France),2024,2025-08-06 21:00:00,Lig-Team-09,Lig-Team-03,FINISHED,2.0,1.0,1.31,0.95,1.95,2.96,4.77,3.01,1.39,3.64,1.28,True
3154,Ligue 1 (France),2024,2025-08-06 21:00:00,Lig-Team-14,Lig-Team-07,FINISHED,1.0,2.0,1.12,0.79,3.38,3.34,2.15,2.11,1.72,2.43,1.57,True
3155,Ligue 1 (France),2024,2025-08-06 21:00:00,Lig-Team-13,Lig-Team-16,FINISHED,2.0,1.0,0.72,0.75,2.51,2.6,3.57,3.41,1.32,4.84,1.18,True
3156,Ligue 1 (France),2024,2025-08-06 16:00:00,Lig-Team-04,Lig-Team-11,FINISHED,0.0,1.0,0.99,0.45,2.78,2.75,3.0,2.95,1.41,4.04,1.25,True
3157,Ligue 1 (France),2024,2025-08-06 13:00:00,Lig-Team-06,Lig-Team-08,FINISHED,2.0,3.0,1.5,0.92,1.92,3.44,4.02,2.21,1.67,2.44,1.57,True
3158,Ligue 1 (France),2024,2025-08-06 21:00:00,Lig-Team-05,Lig-Team-02,FINISHED,2.0,1.0,0.78,0.58,2.32,2.74,3.8,3.2,1.37,4.37,1.23,True
3159,Ligue 1 (France),2024,2025-08-06 13:00:00,Lig-Team-12,Lig-Team-01,FINISHED,2.0,1.0,1.44,0.76,1.91,3.53,3.86,2.05,1.79,2.23,1.68,True
3160,Ligue 1 (France),2024,2025-08-06 16:00:00,Lig-Team-10,Lig-Team-15,FINISHED,1.0,2.0,0.75,2.36,8.35,5.2,1.34,2.07,1.79,1.71,2.16,True
3161,Premier League (England),2024,2025-08-07 18:00:00,Pre-Team-10,Pre-Team-07,FINISHED,1.0,2.0,1.82,1.68,2.26,4.17,2.62,1.41,2.88,1.44,2.86,True
3162,Premier League (England),2024,2025-08-07 21:00:00,Pre-Team-16,Pre-Team-03,FINISHED,2.0,1.0,1.35,0.43,2.04,2.91,4.33,3.05,1.38,3.81,1.27,True
3163,Premier League (England),2024,2025-08-07 21:00:00,Pre-Team-01,Pre-Team-12,FINISHED,0.0,0.0,2.31,0.61,1.54,4.67,5.16,1.66,2.22,1.56,2.42,True
3164,Premier League (England),2024,2025-08-07 16:00:00,Pre-Team-13,Pre-Team-08,FINISHED,1.0,0.0,1.04,0.34,1.81,3.09,5.56,3.2,1.36,3.66,1.29,True
3165,Premier League (England),2024,2025-08-07 18:00:00,Pre-Team-04,Pre-Team-02,FINISHED,0.0,1.0,1.44,1.17,2.26,3.24,3.2,2.18,1.69,2.55,1.52,True
3166,Premier League (England),2024,2025-08-07 16:00:00,Pre-Team-14,Pre-Team-15,FINISHED,0.0,0.0,0.93,0.82,2.55,2.8,3.25,2.93,1.41,3.88,1.25,True
3167,Premier League (England),2024,2025-08-07 13:00:00,Pre-Team-09,Pre-Team-11,FINISHED,1.0,0.0,0.82,0.79,3.37,3.3,2.18,2.14,1.71,2.46,1.54,True
3168,Premier League (England),2024,2025-08-07 21:00:00,Pre-Team-05,Pre-Team-06,FINISHED,1.0,0.0,1.09,1.09,2.05,3.15,3.92,2.52,1.52,3.02,1.39,True
3169,La Liga (Spain),2024,2025-08-07 13:00:00,La -Team-03,La -Team-09,FINISHED,1.0,2.0,2.13,1.81,2.22,4.79,2.48,1.2,4.5,1.17,5.07,True
3170,La Liga (Spain),2024,2025-08-07 16:00:00,La -Team-05,La -Team-16,FINISHED,3.0,0.0,2.15,0.62,1.37,4.82,8.02,2.2,1.68,1.85,1.96,True
3171,La Liga (Spain),2024,2025-08-07 18:00:00,La -Team-04,La -Team-15,FINISHED,2.0,0.0,0.94,1.17,2.89,2.74,2.85,2.96,1.41,3.98,1.26,True
3172,La Liga (Spain),2024,2025-08-07 21:00:00,La -Team-13,La -Team-10,FINISHED,1.0,1.0,0.74,0.95,2.91,3.26,2.43,2.13,1.71,2.49,1.55,True
3173,La Liga (Spain),2024,2025-08-07 21:00:00,La -Team-06,La -Team-07,FINISHED,0.0,1.0,1.52,0.76,1.72,3.46,5.26,2.56,1.52,2.69,1.47,True
3174,La Liga (Spain),2024,2025-08-07 21:00:00,La -Team-08,La -Team-14,FINISHED,4.0,1.0,0.71,1.07,2.85,2.79,2.84,2.88,1.42,3.88,1.27,True
3175,La Liga (Spain),2024,2025-08-07 13:00:00,La -Team-12,La -Team-11,FINISHED,3.0,0.0,1.2,0.59,1.84,3.26,4.95,2.67,1.48,2.99,1.4,True
3176,La Liga (Spain),2024,2025-08-07 13:00:00,La -Team-02,La -Team-01,FINISHED,2.0,1.0,1.85,1.32,1.88,4.27,3.33,1.45,2.77,1.45,2.8,True
3177,Serie A (Italy),2024,2025-08-07 16:00:00,Ser-Team-04,Ser-Team-07,FINISHED,0.0,2.0,1.71,0.76,1.8,3.46,4.79,2.43,1.58,2.62,1.51,True
3178,Serie A (Italy),2024,2025-08-07 13:00:00,Ser-Team-06,Ser-Team-09,FINISHED,0.0,0.0,0.39,0.82,5.75,2.29,2.24,5.55,1.15,8.43,1.08,True
3179,Serie A (Italy),2024,2025-08-07 13:00:00,Ser-Team-02,Ser-Team-15,FINISHED,3.0,0.0,1.48,0.85,1.83,3.23,4.97,2.72,1.47,3.07,1.37,True
3180,Serie A (Italy),2024,2025-08-07 18:00:00,Ser-Team-11,Ser-Team-01,FINISHED,1.0,0.0,0.66,1.48,4.8,3.37,1.78,2.52,1.55,2.75,1.47,True
3181,Serie A (Italy),2024,2025-08-07 16:00:00,Ser-Team-10,Ser-Team-13,FINISHED,2.0,0.0,1.32,1.16,1.96,3.59,3.66,1.97,1.85,2.16,1.71,True
3182,Serie A (Italy),2024,2025-08-07 21:00:00,Ser-Team-05,Ser-Team-14,FINISHED,2.0,0.0,1.07,0.65,2.42,2.79,3.5,2.97,1.4,3.96,1.25,True
3183,Serie A (Italy),2024,2025-08-07 18:00:00,Ser-Team-03,Ser-Team-16,FINISHED,3.0,1.0,2.12,1.28,1.57,4.52,4.95,1.66,2.25,1.56,2.43,True
3184,Serie A (Italy),2024,2025-08-07 16:00:00,Ser-Team-12,Ser-Team-08,FINISHED,0.0,0.0,3.21,1.16,1.22,7.11,10.33,1.64,2.25,1.28,3.69,True
3185,Bundesliga (Germany),2024,2025-08-07 13:00:00,Bun-Team-10,Bun-Team-05,FINISHED,0.0,2.0,1.09,0.81,2.5,2.99,3.1,2.51,1.55,3.13,1.36,True
3186,Bundesliga (Germany),2024,2025-08-07 21:00:00,Bun-Team-15,Bun-Team-16,FINISHED,3.0,1.0,1.72,0.34,1.45,3.9,8.7,3.1,1.37,2.73,1.45,True
3187,Bundesliga (Germany),2024,2025-08-07 16:00:00,Bun-Team-03,Bun-Team-06,FINISHED,1.0,3.0,0.89,1.39,5.64,3.87,1.59,2.25,1.65,2.21,1.66,True
3188,Bundesliga (Germany),2024,2025-08-07 16:00:00,Bun-Team-13,Bun-Team-02,FINISHED,1.0,0.0,1.41,1.16,2.21,3.78,2.93,1.67,2.22,1.77,2.06,True
3189,Bundesliga (Germany),2024,2025-08-07 18:00:00,Bun-Team-14,Bun-Team-08,FINISHED,2.0,1.0,1.65,1.18,1.65,3.85,5.17,2.14,1.72,2.17,1.7,True
3190,Bundesliga (Germany),2024,2025-08-07 16:00:00,Bun-Team-04,Bun-Team-09,FINISHED,1.0,1.0,0.96,1.32,4.77,3.23,1.87,2.72,1.48,3.1,1.38,True
3191,Bundesliga (Germany),2024,2025-08-07 16:00:00,Bun-Team-11,Bun-Team-01,FINISHED,0.0,1.0,1.69,1.79,3.38,3.69,2.01,1.81,2.0,1.96,1.86,True
3192,Bundesliga (Germany),2024,2025-08-07 13:00:00,Bun-Team-12,Bun-Team-07,FINISHED,2.0,1.0,1.64,0.68,1.78,3.76,4.4,2.02,1.8,2.13,1.72,True
3193,Ligue 1 (France),2024,2025-08-07 13:00:00,Lig-Team-03,Lig-Team-09,FINISHED,1.0,0.0,0.87,0.73,3.48,2.8,2.41,2.96,1.4,3.98,1.25,True
3194,Ligue 1 (France),2024,2025-08-07 18:00:00,Lig-Team-13,Lig-Team-05,FINISHED,1.0,1.0,1.12,0.64,2.21,2.94,3.73,2.7,1.47,3.36,1.32,True
3195,Ligue 1 (France),2024,2025-08-07 18:00:00,Lig-Team-08,Lig-Team-12,FINISHED,0.0,1.0,0.31,1.3,4.05,2.82,2.2,3.12,1.39,4.01,1.25,True
3196,Ligue 1 (France),2024,2025-08-07 16:00:00,Lig-Team-15,Lig-Team-10,FINISHED,2.0,1.0,2.84,0.78,1.17,7.08,14.6,2.21,1.67,1.52,2.57,True
3197,Ligue 1 (France),2024,2025-08-07 16:00:00,Lig-Team-11,Lig-Team-02,FINISHED,0.0,1.0,1.57,0.58,1.71,3.32,5.96,2.97,1.4,3.22,1.36,True
3198,Ligue 1 (France),2024,2025-08-07 21:00:00,Lig-Team-04,Lig-Team-06,FINISHED,0.0,2.0,1.35,0.87,1.98,3.37,3.88,2.23,1.65,2.51,1.53,True
3199,Ligue 1 (France),2024,2025-08-07 21:00:00,Lig-Team-14,Lig-Team-16,FINISHED,1.0,1.0,1.07,0.9,2.28,3.05,3.4,2.45,1.55,3.04,1.38,True
3200,Ligue 1 (France),2024,2025-08-07 13:00:00,Lig-Team-07,Lig-Team-01,FINISHED,0.0,1.0,1.42,1.01,1.77,3.53,4.74,2.3,1.62,2.5,1.54,True
3201,Premier League (England),2024,2025-08-13 18:00:00,Pre-Team-05,Pre-Team-11,FINISHED,0.0,2.0,1.03,1.1,2.77,3.33,2.49,2.02,1.8,2.31,1.61,True
3202,Premier League (England),2024,2025-08-13 18:00:00,Pre-Team-09,Pre-Team-16,FINISHED,0.0,2.0,0.57,0.59,3.7,2.47,2.6,3.8,1.26,5.76,1.15,True
3203,Premier League (England),2024,2025-08-13 13:00:00,Pre-Team-14,Pre-Team-15,FINISHED,0.0,0.0,0.87,0.86,2.53,2.79,3.25,2.93,1.41,3.98,1.25,True
3204,Premier League (England),2024,2025-08-13 13:00:00,Pre-Team-10,Pre-Team-12,FINISHED,2.0,2.0,1.59,1.63,2.71,3.89,2.31,1.58,2.41,1.64,2.27,True
3205,Premier League (England),2024,2025-08-13 16:00:00,Pre-Team-07,Pre-Team-01,FINISHED,4.0,3.0,1.24,2.69,4.12,4.6,1.66,1.47,2.72,1.41,2.93,True
3206,Premier League (England),2024,2025-08-13 21:00:00,Pre-Team-03,Pre-Team-13,FINISHED,2.0,0.0,1.35,1.13,2.39,3.08,3.12,2.37,1.6,2.9,1.43,True
3207,Premier League (England),2024,2025-08-13 18:00:00,Pre-Team-06,Pre-Team-02,FINISHED,4.0,1.0,0.85,1.4,4.33,3.32,1.9,2.41,1.58,2.73,1.45,True
3208,Premier League (England),2024,2025-08-13 21:00:00,Pre-Team-04,Pre-Team-08,FINISHED,2.0,0.0,1.8,0.37,1.3,4.91,11.64,2.9,1.41,2.18,1.69,True
3209,La Liga (Spain),2024,2025-08-13 18:00:00,La -Team-11,La -Team-01,FINISHED,2.0,1.0,1.1,1.0,1.95,3.4,3.96,2.22,1.68,2.48,1.53,True
3210,La Liga (Spain),2024,2025-08-13 21:00:00,La -Team-15,La -Team-14,FINISHED,3.0,2.0,0.7,1.28,3.46,3.11,2.23,2.46,1.55,2.99,1.39,True
3211,La Liga (Spain),2024,2025-08-13 13:00:00,La -Team-16,La -Team-07,FINISHED,1.0,1.0,0.68,1.0,2.42,3.03,3.1,2.46,1.56,3.05,1.38,True
3212,La Liga (Spain),2024,2025-08-13 18:00:00,La -Team-08,La -Team-06,FINISHED,1.0,1.0,1.35,0.84,2.12,3.08,3.86,2.61,1.5,3.17,1.36,True
3213,La Liga (Spain),2024,2025-08-13 13:00:00,La -Team-02,La -Team-05,FINISHED,0.0,0.0,1.26,1.97,3.0,4.01,2.06,1.55,2.46,1.58,2.36,True
3214,La Liga (Spain),2024,2025-08-13 21:00:00,La -Team-03,La -Team-10,FINISHED,3.0,4.0,1.38,2.31,3.74,4.51,1.76,1.44,2.8,1.38,2.99,True
3215,La Liga (Spain),2024,2025-08-13 21:00:00,La -Team-13,La -Team-09,FINISHED,1.0,0.0,1.7,1.17,1.89,3.93,3.56,1.68,2.17,1.75,2.1,True
3216,La Liga (Spain),2024,2025-08-13 16:00:00,La -Team-12,La -Team-04,FINISHED,2.0,1.0,1.35,0.82,1.59,3.56,6.87,3.0,1.4,3.01,1.4,True
3217,Serie A (Italy),2024,2025-08-13 18:00:00,Ser-Team-09,Ser-Team-03,FINISHED,2.0,2.0,1.18,1.06,2.1,3.44,3.39,2.02,1.79,2.3,1.65,True
3218,Serie A (Italy),2024,2025-08-13 16:00:00,Ser-Team-08,Ser-Team-12,FINISHED,0.0,1.0,1.06,2.26,5.89,5.27,1.42,1.53,2.51,1.38,3.13,True
3219,Serie A (Italy),2024,2025-08-13 16:00:00,Ser-Team-06,Ser-Team-14,FINISHED,0.0,0.0,0.54,1.03,6.84,2.37,2.05,5.88,1.13,8.13,1.08,True
3220,Serie A (Italy),2024,2025-08-13 21:00:00,Ser-Team-11,Ser-Team-13,FINISHED,2.0,0.0,0.71,1.24,3.13,2.91,2.5,2.66,1.5,3.36,1.33,True
3221,Serie A (Italy),2024,2025-08-13 16:00:00,Ser-Team-07,Ser-Team-15,FINISHED,1.0,1.0,1.3,1.16,2.01,3.37,3.78,2.19,1.67,2.49,1.54,True
3222,Serie A (Italy),2024,2025-08-13 13:00:00,Ser-Team-05,Ser-Team-02,FINISHED,0.0,0.0,1.14,0.96,2.36,2.75,3.61,3.1,1.38,4.08,1.24,True
3223,Serie A (Italy),2024,2025-08-13 16:00:00,Ser-Team-10,Ser-Team-16,FINISHED,2.0,2.0,2.48,0.93,1.32,5.82,7.27,1.59,2.34,1.35,3.21,True
3224,Serie A (Italy),2024,2025-08-13 21:00:00,Ser-Team-04,Ser-Team-01,FINISHED,1.0,0.0,1.08,0.81,2.57,2.91,3.07,2.65,1.5,3.36,1.33,True
3225,Bundesliga (Germany),2024,2025-08-13 16:00:00,Bun-Team-04,Bun-Team-13,FINISHED,0.0,4.0,1.67,1.76,2.6,3.79,2.4,1.62,2.3,1.7,2.14,True
3226,Bundesliga (Germany),2024,2025-08-13 13:00:00,Bun-Team-08,Bun-Team-15,FINISHED,0.0,2.0,0.47,0.58,7.34,2.94,1.72,4.22,1.24,4.59,1.19,True
3227,Bundesliga (Germany),2024,2025-08-13 16:00:00,Bun-Team-02,Bun-Team-12,FINISHED,3.0,2.0,1.05,1.74,3.4,3.45,2.08,2.02,1.81,2.23,1.66,True
3228,Bundesliga (Germany),2024,2025-08-13 16:00:00,Bun-Team-10,Bun-Team-14,FINISHED,2.0,1.0,1.38,0.97,1.92,4.06,3.45,1.61,2.35,1.65,2.27,True
3229,Bundesliga (Germany),2024,2025-08-13 21:00:00,Bun-Team-07,Bun-Team-09,FINISHED,0.0,1.0,0.74,1.21,3.49,2.94,2.33,2.7,1.47,3.41,1.3,True
3230,Bundesliga (Germany),2024,2025-08-13 18:00:00,Bun-Team-01,Bun-Team-16,FINISHED,0.0,2.0,1.47,0.76,1.67,3.59,5.4,2.4,1.57,2.51,1.53,True
3231,Bundesliga (Germany),2024,2025-08-13 16:00:00,Bun-Team-06,Bun-Team-05,FINISHED,1.0,0.0,1.6,0.88,1.75,3.78,4.4,1.98,1.82,2.06,1.77,True
3232,Bundesliga (Germany),2024,2025-08-13 21:00:00,Bun-Team-03,Bun-Team-11,FINISHED,0.0,0.0,1.48,1.21,2.65,3.22,2.61,2.11,1.71,2.52,1.52,True
3233,Ligue 1 (France),2024,2025-08-13 21:00:00,Lig-Team-13,Lig-Team-09,FINISHED,0.0,2.0,0.96,1.12,3.24,2.9,2.46,2.65,1.48,3.4,1.32,True
3234,Ligue 1 (France),2024,2025-08-13 21:00:00,Lig-Team-06,Lig-Team-05,FINISHED,1.0,1.0,1.78,0.94,2.02,3.76,3.35,1.76,2.09,1.85,1.96,True
3235,Ligue 1 (France),2024,2025-08-13 18:00:00,Lig-Team-07,Lig-Team-10,FINISHED,1.0,1.0,2.06,0.45,1.33,4.67,10.16,2.74,1.45,2.19,1.67,True
3236,Ligue 1 (France),2024,2025-08-13 16:00:00,Lig-Team-12,Lig-Team-11,FINISHED,1.0,0.0,0.95,1.07,2.42,3.25,2.94,2.12,1.73,2.5,1.55,True
3237,Ligue 1 (France),2024,2025-08-13 16:00:00,Lig-Team-03,Lig-Team-16,FINISHED,0.0,2.0,0.86,0.39,2.72,2.46,3.51,3.83,1.26,5.85,1.13,True
3238,Ligue 1 (France),2024,2025-08-13 16:00:00,Lig-Team-04,Lig-Team-15,FINISHED,0.0,1.0,1.22,0.91,3.36,2.98,2.34,2.57,1.51,3.26,1.35,True
3239,Ligue 1 (France),2024,2025-08-13 21:00:00,Lig-Team-08,Lig-Team-14,FINISHED,1.0,0.0,0.65,1.24,3.17,2.98,2.49,2.52,1.52,3.22,1.35,True
3240,Ligue 1 (France),2024,2025-08-13 16:00:00,Lig-Team-02,Lig-Team-01,FINISHED,0.0,2.0,0.86,1.21,3.2,2.93,2.45,2.63,1.5,3.38,1.33,True
3241,Premier League (England),2024,2025-08-14 21:00:00,Pre-Team-06,Pre-Team-02,FINISHED,0.0,0.0,0.89,1.79,4.34,3.31,1.91,2.43,1.56,2.75,1.45,True
3242,Premier League (England),2024,2025-08-14 21:00:00,Pre-Team-07,Pre-Team-09,FINISHED,0.0,3.0,1.59,1.44,3.03,3.6,2.19,1.79,2.01,1.96,1.85,True
3243,Premier League (England),2024,2025-08-14 21:00:00,Pre-Team-13,Pre-Team-03,FINISHED,3.0,2.0,1.08,0.75,2.36,3.12,3.14,2.38,1.59,2.94,1.41,True
3244,Premier League (England),2024,2025-08-14 16:00:00,Pre-Team-01,Pre-Team-12,FINISHED,2.0,2.0,2.01,0.92,1.54,4.61,5.15,1.67,2.21,1.57,2.41,True
3245,Premier League (England),2024,2025-08-14 21:00:00,Pre-Team-14,Pre-Team-04,FINISHED,0.0,2.0,0.39,1.31,4.57,3.23,1.91,2.58,1.53,2.96,1.4,True
3246,Premier League (England),2024,2025-08-14 13:00:00,Pre-Team-11,Pre-Team-16,FINISHED,0.0,1.0,0.94,0.84,2.32,3.13,3.26,2.39,1.59,2.88,1.42,True
3247,Premier League (England),2024,2025-08-14 21:00:00,Pre-Team-10,Pre-Team-15,FINISHED,0.0,1.0,0.87,1.36,3.34,3.4,2.14,2.05,1.77,2.33,1.6,True
3248,Premier League (England),2024,2025-08-14 21:00:00,Pre-Team-05,Pre-Team-08,FINISHED,0.0,0.0,1.54,0.49,1.74,3.12,6.26,3.43,1.33,3.8,1.27,True
3249,La Liga (Spain),2024,2025-08-14 21:00:00,La -Team-01,La -Team-08,FINISHED,0.0,3.0,0.69,1.0,3.24,3.24,2.24,2.24,1.66,2.63,1.49,True
3250,La Liga (Spain),2024,2025-08-14 13:00:00,La -Team-02,La -Team-06,FINISHED,1.0,0.0,1.8,1.53,2.27,3.86,2.77,1.59,2.35,1.68,2.2,True
3251,La Liga (Spain),2024,2025-08-14 18:00:00,La -Team-15,La -Team-07,FINISHED,3.0,2.0,1.43,0.49,1.81,3.23,4.92,2.72,1.46,3.11,1.38,True
3252,La Liga (Spain),2024,2025-08-14 16:00:00,La -Team-04,La -Team-14,FINISHED,3.0,1.0,0.87,0.83,4.18,2.84,2.14,3.11,1.38,4.04,1.24,True
3253,La Liga (Spain),2024,2025-08-14 21:00:00,La -Team-11,La -Team-12,FINISHED,1.0,0.0,0.95,1.24,3.52,3.01,2.27,2.58,1.51,3.22,1.36,True
3254,La Liga (Spain),2024,2025-08-14 16:00:00,La -Team-16,La -Team-09,FINISHED,0.0,1.0,1.28,1.51,2.48,3.99,2.47,1.55,2.51,1.58,2.36,True
3255,La Liga (Spain),2024,2025-08-14 16:00:00,La -Team-10,La -Team-05,FINISHED,1.0,1.0,1.21,1.1,2.69,3.53,2.48,1.82,1.99,2.01,1.8,True
3256,La Liga (Spain),2024,2025-08-14 16:00:00,La -Team-13,La -Team-03,FINISHED,3.0,2.0,1.87,0.95,1.74,4.21,4.05,1.66,2.24,1.64,2.26,True
3257,Serie A (Italy),2024,2025-08-14 13:00:00,Ser-Team-15,Ser-Team-05,FINISHED,0.0,3.0,0.97,1.29,3.94,2.91,2.14,2.84,1.44,3.58,1.29,True
3258,Serie A (Italy),2024,2025-08-14 21:00:00,Ser-Team-02,Ser-Team-10,FINISHED,3.0,1.0,1.36,0.99,2.22,3.47,3.11,1.92,1.88,2.16,1.7,True
3259,Serie A (Italy),2024,2025-08-14 13:00:00,Ser-Team-03,Ser-Team-11,FINISHED,3.0,1.0,1.57,0.88,1.9,3.59,3.91,1.98,1.8,2.14,1.72,True
3260,Serie A (Italy),2024,2025-08-14 13:00:00,Ser-Team-04,Ser-Team-13,FINISHED,1.0,2.0,1.27,0.78,1.93,3.02,4.73,2.98,1.4,3.62,1.3,True
3261,Serie A (Italy),2024,2025-08-14 21:00:00,Ser-Team-07,Ser-Team-08,FINISHED,5.0,2.0,2.38,1.05,1.41,5.33,6.1,1.56,2.44,1.38,3.03,True
3262,Serie A (Italy),2024,2025-08-14 16:00:00,Ser-Team-06,Ser-Team-12,FINISHED,0.0,2.0,0.34,1.23,6.94,2.67,1.84,4.69,1.2,5.75,1.14,True
3263,Serie A (Italy),2024,2025-08-14 16:00:00,Ser-Team-09,Ser-Team-14,FINISHED,2.0,1.0,0.77,1.02,2.84,2.93,2.74,2.61,1.49,3.35,1.33,True
3264,Serie A (Italy),2024,2025-08-14 21:00:00,Ser-Team-16,Ser-Team-01,FINISHED,1.0,2.0,0.92,1.95,6.15,4.33,1.49,2.02,1.82,1.87,1.93,True
3265,Bundesliga (Germany),2024,2025-08-14 13:00:00,Bun-Team-03,Bun-Team-05,FINISHED,2.0,1.0,0.99,1.15,4.0,2.9,2.15,2.87,1.44,3.62,1.29,True
3266,Bundesliga (Germany),2024,2025-08-14 18:00:00,Bun-Team-10,Bun-Team-02,FINISHED,2.0,2.0,1.01,0.69,2.22,3.23,3.32,2.23,1.65,2.62,1.5,True
3267,Bundesliga (Germany),2024,2025-08-14 13:00:00,Bun-Team-07,Bun-Team-04,FINISHED,4.0,1.0,1.62,1.1,1.79,3.75,4.27,1.97,1.86,2.05,1.78,True
3268,Bundesliga (Germany),2024,2025-08-14 16:00:00,Bun-Team-11,Bun-Team-01,FINISHED,1.0,2.0,0.95,1.46,3.37,3.7,2.03,1.83,2.0,1.94,1.87,True
3269,Bundesliga (Germany),2024,2025-08-14 18:00:00,Bun-Team-14,Bun-Team-08,FINISHED,0.0,2.0,1.7,1.36,1.67,3.83,5.18,2.13,1.71,2.18,1.7,True
3270,Bundesliga (Germany),2024,2025-08-14 21:00:00,Bun-Team-16,Bun-Team-06,FINISHED,1.0,2.0,1.01,2.11,5.08,3.98,1.64,2.01,1.81,1.99,1.83,True
3271,Bundesliga (Germany),2024,2025-08-14 16:00:00,Bun-Team-12,Bun-Team-15,FINISHED,0.0,0.0,1.24,1.1,2.68,3.01,2.79,2.42,1.57,3.03,1.38,True
3272,Bundesliga (Germany),2024,2025-08-14 18:00:00,Bun-Team-13,Bun-Team-09,FINISHED,0.0,2.0,0.71,1.69,3.71,3.38,2.03,2.21,1.69,2.52,1.52,True
3273,Ligue 1 (France),2024,2025-08-14 21:00:00,Lig-Team-09,Lig-Team-16,FINISHED,2.0,0.0,0.96,0.74,1.97,2.89,4.82,3.21,1.35,4.0,1.25,True
3274,Ligue 1 (France),2024,2025-08-14 16:00:00,Lig-Team-12,Lig-Team-13,FINISHED,4.0,0.0,1.35,0.82,2.01,3.12,4.03,2.54,1.51,3.03,1.39,True
3275,Ligue 1 (France),2024,2025-08-14 21:00:00,Lig-Team-05,Lig-Team-06,FINISHED,2.0,1.0,1.02,1.53,2.42,3.66,2.69,1.73,2.13,1.88,1.94,True
3276,Ligue 1 (France),2024,2025-08-14 18:00:00,Lig-Team-04,Lig-Team-07,FINISHED,0.0,0.0,0.34,0.59,3.24,2.5,2.83,3.59,1.29,5.29,1.17,True
3277,Ligue 1 (France),2024,2025-08-14 18:00:00,Lig-Team-14,Lig-Team-02,FINISHED,0.0,0.0,1.7,0.39,1.94,3.21,4.28,2.54,1.53,2.94,1.41,True
3278,Ligue 1 (France),2024,2025-08-14 21:00:00,Lig-Team-01,Lig-Team-03,FINISHED,3.0,3.0,1.09,0.66,2.29,3.03,3.39,2.51,1.53,3.09,1.37,True
3279,Ligue 1 (France),2024,2025-08-14 18:00:00,Lig-Team-11,Lig-Team-15,FINISHED,0.0,2.0,1.07,1.09,2.83,3.56,2.33,1.81,1.98,2.02,1.83,True
3280,Ligue 1 (France),2024,2025-08-14 21:00:00,Lig-Team-10,Lig-Team-08,FINISHED,1.0,0.0,0.76,1.04,3.13,2.77,2.65,2.95,1.41,3.96,1.25,True
3281,Premier League (England),2024,2025-08-20 13:00:00,Pre-Team-08,Pre-Team-13,FINISHED,0.0,0.0,0.78,0.73,3.98,2.81,2.22,3.09,1.37,4.05,1.25,True
3282,Premier League (England),2024,2025-08-20 13:00:00,Pre-Team-09,Pre-Team-15,FINISHED,1.0,2.0,0.65,0.6,2.49,2.83,3.33,2.81,1.44,3.72,1.28,True
3283,Premier League (England),2024,2025-08-20 21:00:00,Pre-Team-01,Pre-Team-14,FINISHED,2.0,2.0,1.55,0.53,1.96,3.16,4.26,2.58,1.52,3.03,1.4,True
3284,Premier League (England),2024,2025-08-20 21:00:00,Pre-Team-12,Pre-Team-07,FINISHED,1.0,1.0,2.6,1.53,1.76,4.78,3.52,1.31,3.54,1.26,3.98,True
3285,Premier League (England),2024,2025-08-20 18:00:00,Pre-Team-04,Pre-Team-05,FINISHED,1.0,1.0,1.48,0.71,1.73,3.57,5.02,2.36,1.61,2.5,1.54,True
3286,Premier League (England),2024,2025-08-20 21:00:00,Pre-Team-16,Pre-Team-06,FINISHED,2.0,0.0,0.7,0.49,1.93,2.98,4.91,3.04,1.39,3.67,1.3,True
3287,Premier League (England),2024,2025-08-20 16:00:00,Pre-Team-10,Pre-Team-11,FINISHED,1.0,3.0,1.55,2.03,5.68,4.72,1.49,1.74,2.11,1.6,2.37,True
3288,Premier League (England),2024,2025-08-20 16:00:00,Pre-Team-02,Pre-Team-03,FINISHED,2.0,1.0,1.39,0.27,1.67,3.56,5.5,2.47,1.54,2.58,1.51,True
3289,La Liga (Spain),2024,2025-08-20 16:00:00,La -Team-07,La -Team-10,FINISHED,3.0,0.0,0.87,1.32,3.98,3.31,1.97,2.29,1.63,2.6,1.5,True
3290,La Liga (Spain),2024,2025-08-20 16:00:00,La -Team-01,La -Team-06,FINISHED,2.0,3.0,1.05,1.21,2.61,3.57,2.51,1.82,2.04,1.95,1.84,True
3291,La Liga (Spain),2024,2025-08-20 18:00:00,La -Team-11,La -Team-05,FINISHED,1.0,1.0,0.76,1.11,2.91,3.03,2.58,2.38,1.57,3.01,1.4,True
3292,La Liga (Spain),2024,2025-08-20 21:00:00,La -Team-14,La -Team-02,FINISHED,2.0,0.0,1.53,0.92,1.6,4.24,4.96,1.8,2.0,1.76,2.06,True
3293,La Liga (Spain),2024,2025-08-20 21:00:00,La -Team-09,La -Team-13,FINISHED,1.0,3.0,1.08,1.16,2.52,3.75,2.53,1.67,2.22,1.77,2.05,True
3294,La Liga (Spain),2024,2025-08-20 13:00:00,La -Team-08,La -Team-04,FINISHED,0.0,0.0,1.03,0.72,2.02,2.74,5.0,3.68,1.28,4.73,1.19,True
3295,La Liga (Spain),2024,2025-08-20 16:00:00,La -Team-15,La -Team-16,FINISHED,3.0,3.0,1.85,0.89,1.71,3.6,5.04,2.29,1.64,2.42,1.57,True
3296,La Liga (Spain),2024,2025-08-20 13:00:00,La -Team-03,La -Team-12,FINISHED,0.0,3.0,0.86,2.59,6.76,5.44,1.38,1.62,2.31,1.4,2.96,True
3297,Serie A (Italy),2024,2025-08-20 13:00:00,Ser-Team-03,Ser-Team-11,FINISHED,4.0,1.0,1.54,1.13,1.89,3.65,3.89,2.01,1.81,2.14,1.73,True
3298,Serie A (Italy),2024,2025-08-20 13:00:00,Ser-Team-16,Ser-Team-12,FINISHED,3.0,2.0,1.17,1.86,4.93,4.36,1.6,1.78,2.08,1.69,2.17,True
3299,Serie A (Italy),2024,2025-08-20 13:00:00,Ser-Team-09,Ser-Team-14,FINISHED,2.0,1.0,1.03,1.02,2.86,2.92,2.76,2.61,1.5,3.36,1.32,True
3300,Serie A (Italy),2024,2025-08-20 16:00:00,Ser-Team-08,Ser-Team-04,FINISHED,1.0,1.0,0.63,2.15,6.69,4.91,1.42,1.84,1.98,1.61,2.31,True
3301,Serie A (Italy),2024,2025-08-20 13:00:00,Ser-Team-01,Ser-Team-06,FINISHED,3.0,1.0,1.44,-0.09,1.55,3.05,11.9,6.03,1.13,5.28,1.16,True
3302,Serie A (Italy),2024,2025-08-20 21:00:00,Ser-Team-13,Ser-Team-05,FINISHED,0.0,2.0,0.6,1.06,3.27,2.72,2.61,3.11,1.37,4.31,1.23,True
3303,Serie A (Italy),2024,2025-08-20 18:00:00,Ser-Team-15,Ser-Team-07,FINISHED,1.0,2.0,0.98,1.01,2.76,3.22,2.58,2.17,1.71,2.56,1.51,True
3304,Serie A (Italy),2024,2025-08-20 21:00:00,Ser-Team-02,Ser-Team-10,FINISHED,1.0,1.0,1.26,1.12,2.22,3.48,3.1,1.94,1.9,2.15,1.69,True
3305,Bundesliga (Germany),2024,2025-08-20 18:00:00,Bun-Team-05,Bun-Team-01,FINISHED,1.0,0.0,1.36,0.86,2.53,3.12,2.95,2.33,1.63,2.82,1.44,True
3306,Bundesliga (Germany),2024,2025-08-20 18:00:00,Bun-Team-08,Bun-Team-04,FINISHED,1.0,1.0,0.31,0.66,3.21,2.77,2.54,2.89,1.41,3.91,1.27,True
3307,Bundesliga (Germany),2024,2025-08-20 13:00:00,Bun-Team-03,Bun-Team-02,FINISHED,0.0,0.0,0.83,1.15,3.51,3.07,2.23,2.52,1.53,3.1,1.37,True
3308,Bundesliga (Germany),2024,2025-08-20 13:00:00,Bun-Team-12,Bun-Team-09,FINISHED,0.0,0.0,0.74,0.97,2.56,2.86,3.05,2.69,1.48,3.54,1.3,True
3309,Bundesliga (Germany),2024,2025-08-20 21:00:00,Bun-Team-15,Bun-Team-11,FINISHED,2.0,0.0,1.82,0.65,1.37,4.62,8.27,2.35,1.6,1.99,1.81,True
3310,Bundesliga (Germany),2024,2025-08-20 21:00:00,Bun-Team-14,Bun-Team-07,FINISHED,5.0,3.0,1.4,1.74,2.45,4.1,2.48,1.47,2.73,1.5,2.64,True
3311,Bundesliga (Germany),2024,2025-08-20 16:00:00,Bun-Team-10,Bun-Team-06,FINISHED,0.0,0.0,1.11,1.28,3.13,3.5,2.18,1.93,1.89,2.13,1.73,True
3312,Bundesliga (Germany),2024,2025-08-20 13:00:00,Bun-Team-13,Bun-Team-16,FINISHED,1.0,0.0,1.71,0.79,1.75,3.87,4.32,1.88,1.93,1.93,1.87,True
3313,Ligue 1 (France),2024,2025-08-20 13:00:00,Lig-Team-10,Lig-Team-07,FINISHED,1.0,4.0,0.68,1.74,6.52,3.78,1.56,2.59,1.51,2.53,1.54,True
3314,Ligue 1 (France),2024,2025-08-20 18:00:00,Lig-Team-03,Lig-Team-01,FINISHED,2.0,2.0,1.22,1.12,2.58,2.98,2.96,2.49,1.55,3.14,1.38,True
3315,Ligue 1 (France),2024,2025-08-20 13:00:00,Lig-Team-02,Lig-Team-11,FINISHED,1.0,2.0,0.6,1.23,4.2,2.95,2.06,2.86,1.43,3.58,1.3,True
3316,Ligue 1 (France),2024,2025-08-20 18:00:00,Lig-Team-13,Lig-Team-15,FINISHED,3.0,0.0,0.92,1.18,3.91,3.43,1.96,2.14,1.73,2.41,1.57,True
3317,Ligue 1 (France),2024,2025-08-20 21:00:00,Lig-Team-08,Lig-Team-06,FINISHED,1.0,0.0,0.74,1.4,2.89,3.24,2.48,2.14,1.72,2.58,1.51,True
3318,Ligue 1 (France),2024,2025-08-20 16:00:00,Lig-Team-16,Lig-Team-12,FINISHED,0.0,1.0,0.65,0.99,3.23,2.76,2.57,2.93,1.41,3.99,1.25,True
3319,Ligue 1 (France),2024,2025-08-20 21:00:00,Lig-Team-05,Lig-Team-09,FINISHED,1.0,2.0,0.73,1.23,3.71,3.09,2.16,2.49,1.54,3.05,1.39,True
3320,Ligue 1 (France),2024,2025-08-20 21:00:00,Lig-Team-14,Lig-Team-04,FINISHED,1.0,1.0,0.85,0.9,2.8,2.9,2.74,2.59,1.52,3.34,1.33,True
3321,Premier League (England),2024,2025-08-21 13:00:00,Pre-Team-16,Pre-Team-10,FINISHED,3.0,1.0,1.41,0.79,1.49,3.8,7.77,2.92,1.41,2.7,1.47,True
3322,Premier League (England),2024,2025-08-21 18:00:00,Pre-Team-13,Pre-Team-01,FINISHED,1.0,1.0,0.87,1.03,2.71,3.21,2.64,2.15,1.7,2.58,1.51,True
3323,Premier League (England),2024,2025-08-21 21:00:00,Pre-Team-09,Pre-Team-12,FINISHED,2.0,0.0,1.4,0.95,1.97,3.48,3.68,2.07,1.78,2.31,1.62,True
3324,Premier League (England),2024,2025-08-21 16:00:00,Pre-Team-15,Pre-Team-04,FINISHED,0.0,0.0,0.6,1.29,4.42,3.58,1.81,2.13,1.72,2.29,1.64,True
3325,Premier League (England),2024,2025-08-21 21:00:00,Pre-Team-05,Pre-Team-14,FINISHED,1.0,0.0,1.13,0.43,2.21,2.75,4.09,3.28,1.34,4.41,1.21,True
3326,Premier League (England),2024,2025-08-21 13:00:00,Pre-Team-02,Pre-Team-11,FINISHED,3.0,0.0,1.55,0.85,1.94,3.6,3.72,1.94,1.84,2.12,1.72,True
3327,Premier League (England),2024,2025-08-21 21:00:00,Pre-Team-08,Pre-Team-07,FINISHED,3.0,0.0,1.34,1.29,2.43,3.53,2.7,1.85,1.98,2.04,1.79,True
3328,Premier League (England),2024,2025-08-21 16:00:00,Pre-Team-06,Pre-Team-03,FINISHED,1.0,0.0,1.19,0.71,2.55,3.24,2.78,2.16,1.72,2.55,1.52,True
3329,La Liga (Spain),2024,2025-08-21 21:00:00,La -Team-05,La -Team-09,FINISHED,3.0,1.0,2.52,1.15,1.36,5.66,7.02,1.59,2.36,1.37,3.13,True
3330,La Liga (Spain),2024,2025-08-21 13:00:00,La -Team-16,La -Team-06,FINISHED,2.0,1.0,0.98,1.1,3.68,3.47,2.0,2.09,1.76,2.33,1.61,True
3331,La Liga (Spain),2024,2025-08-21 16:00:00,La -Team-15,La -Team-14,FINISHED,0.0,0.0,0.71,0.87,3.46,3.08,2.23,2.46,1.55,3.01,1.39,True
3332,La Liga (Spain),2024,2025-08-21 21:00:00,La -Team-10,La -Team-01,FINISHED,4.0,2.0,1.86,0.81,1.79,4.02,3.97,1.71,2.13,1.74,2.1,True
3333,La Liga (Spain),2024,2025-08-21 13:00:00,La -Team-07,La -Team-12,FINISHED,0.0,0.0,0.74,1.43,6.42,3.65,1.58,2.64,1.49,2.63,1.51,True
3334,La Liga (Spain),2024,2025-08-21 18:00:00,La -Team-02,La -Team-11,FINISHED,1.0,1.0,1.36,1.31,2.52,3.47,2.71,1.91,1.93,2.17,1.71,True
3335,La Liga (Spain),2024,2025-08-21 16:00:00,La -Team-13,La -Team-03,FINISHED,1.0,3.0,1.56,0.8,1.74,4.13,4.06,1.65,2.24,1.65,2.26,True
3336,La Liga (Spain),2024,2025-08-21 13:00:00,La -Team-04,La -Team-08,FINISHED,1.0,0.0,0.93,0.58,3.71,2.56,2.48,3.6,1.3,5.14,1.16,True
3337,Serie A (Italy),2024,2025-08-21 13:00:00,Ser-Team-10,Ser-Team-08,FINISHED,4.0,0.0,3.49,1.43,1.22,7.6,9.66,1.44,2.81,1.17,5.27,True
3338,Serie A (Italy),2024,2025-08-21 18:00:00,Ser-Team-05,Ser-Team-06,FINISHED,3.0,0.0,0.86,0.23,1.75,2.58,10.18,6.9,1.1,7.47,1.1,True
3339,Serie A (Italy),2024,2025-08-21 16:00:00,Ser-Team-01,Ser-Team-03,FINISHED,2.0,1.0,1.68,1.12,1.6,4.01,5.34,2.08,1.75,2.03,1.78,True
3340,Serie A (Italy),2024,2025-08-21 13:00:00,Ser-Team-02,Ser-Team-04,FINISHED,0.0,0.0,0.77,0.84,2.89,2.8,2.78,2.84,1.41,3.84,1.27,True
3341,Serie A (Italy),2024,2025-08-21 18:00:00,Ser-Team-16,Ser-Team-09,FINISHED,2.0,1.0,0.75,1.82,3.75,3.6,1.92,1.96,1.88,2.1,1.74,True
3342,Serie A (Italy),2024,2025-08-21 16:00:00,Ser-Team-15,Ser-Team-13,FINISHED,0.0,1.0,0.85,0.82,2.97,2.88,2.64,2.65,1.49,3.47,1.32,True
3343,Serie A (Italy),2024,2025-08-21 18:00:00,Ser-Team-14,Ser-Team-12,FINISHED,0.0,1.0,1.21,1.06,2.43,3.17,2.99,2.22,1.66,2.68,1.48,True
3344,Serie A (Italy),2024,2025-08-21 21:00:00,Ser-Team-07,Ser-Team-11,FINISHED,3.0,0.0,1.17,0.77,1.89,3.43,4.05,2.19,1.69,2.42,1.57,True
3345,Bundesliga (Germany),2024,2025-08-21 13:00:00,Bun-Team-08,Bun-Team-11,FINISHED,3.0,0.0,0.61,1.08,3.05,2.93,2.52,2.6,1.52,3.26,1.33,True
3346,Bundesliga (Germany),2024,2025-08-21 21:00:00,Bun-Team-14,Bun-Team-15,FINISHED,1.0,1.0,0.91,1.62,4.25,4.03,1.75,1.77,2.06,1.78,2.04,True
3347,Bundesliga (Germany),2024,2025-08-21 18:00:00,Bun-Team-02,Bun-Team-03,FINISHED,0.0,1.0,1.58,0.76,1.78,3.32,4.94,2.58,1.5,2.86,1.44,True
3348,Bundesliga (Germany),2024,2025-08-21 16:00:00,Bun-Team-12,Bun-Team-06,FINISHED,1.0,1.0,1.51,1.07,2.22,3.71,2.98,1.74,2.12,1.86,1.97,True
3349,Bundesliga (Germany),2024,2025-08-21 18:00:00,Bun-Team-13,Bun-Team-07,FINISHED,0.0,1.0,1.29,1.64,2.38,3.75,2.66,1.66,2.23,1.77,2.06,True
3350,Bundesliga (Germany),2024,2025-08-21 16:00:00,Bun-Team-04,Bun-Team-09,FINISHED,3.0,0.0,0.85,1.08,4.73,3.2,1.87,2.67,1.48,3.08,1.38,True
3351,Bundesliga (Germany),2024,2025-08-21 21:00:00,Bun-Team-10,Bun-Team-16,FINISHED,1.0,0.0,1.79,0.91,1.83,3.32,4.76,2.59,1.52,2.85,1.42,True
3352,Bundesliga (Germany),2024,2025-08-21 21:00:00,Bun-Team-05,Bun-Team-01,FINISHED,0.0,1.0,0.86,0.92,2.51,3.08,2.95,2.32,1.62,2.82,1.44,True
3353,Ligue 1 (France),2024,2025-08-21 16:00:00,Lig-Team-07,Lig-Team-02,FINISHED,0.0,0.0,1.51,0.27,1.7,3.13,6.88,3.58,1.29,3.87,1.26,True
3354,Ligue 1 (France),2024,2025-08-21 21:00:00,Lig-Team-04,Lig-Team-13,FINISHED,2.0,0.0,0.84,0.6,2.36,2.55,4.01,3.61,1.28,5.17,1.16,True
3355,Ligue 1 (France),2024,2025-08-21 18:00:00,Lig-Team-15,Lig-Team-09,FINISHED,0.0,1.0,1.51,1.02,1.91,3.56,3.9,2.01,1.81,2.18,1.7,True
3356,Ligue 1 (France),2024,2025-08-21 21:00:00,Lig-Team-08,Lig-Team-14,FINISHED,0.0,2.0,1.06,0.98,3.15,2.99,2.46,2.55,1.52,3.23,1.35,True
3357,Ligue 1 (France),2024,2025-08-21 13:00:00,Lig-Team-06,Lig-Team-01,FINISHED,2.0,2.0,1.47,1.65,2.27,4.01,2.76,1.54,2.54,1.57,2.41,True
3358,Ligue 1 (France),2024,2025-08-21 18:00:00,Lig-Team-11,Lig-Team-12,FINISHED,1.0,2.0,1.18,1.23,2.24,3.28,3.24,2.11,1.74,2.44,1.57,True
3359,Ligue 1 (France),2024,2025-08-21 16:00:00,Lig-Team-03,Lig-Team-16,FINISHED,0.0,2.0,0.66,0.9,2.72,2.46,3.49,3.83,1.27,5.8,1.14,True
3360,Ligue 1 (France),2024,2025-08-21 16:00:00,Lig-Team-10,Lig-Team-05,FINISHED,0.0,0.0,0.92,1.68,3.39,3.17,2.2,2.29,1.63,2.7,1.45,True
3361,Premier League (England),2024,2025-08-27 18:00:00,Pre-Team-10,Pre-Team-06,FINISHED,0.0,0.0,1.13,1.09,3.26,3.49,2.13,1.97,1.86,2.21,1.69,True
3362,Premier League (England),2024,2025-08-27 21:00:00,Pre-Team-02,Pre-Team-11,FINISHED,0.0,2.0,1.26,0.81,1.94,3.6,3.71,1.98,1.85,2.14,1.73,True
3363,Premier League (England),2024,2025-08-27 21:00:00,Pre-Team-04,Pre-Team-09,FINISHED,2.0,0.0,1.98,0.44,1.57,3.7,6.32,2.59,1.5,2.55,1.52,True
3364,Premier League (England),2024,2025-08-27 13:00:00,Pre-Team-13,Pre-Team-14,FINISHED,0.0,0.0,1.12,0.62,2.37,2.77,3.68,3.1,1.37,4.22,1.24,True
3365,Premier League (England),2024,2025-08-27 18:00:00,Pre-Team-05,Pre-Team-07,FINISHED,3.0,1.0,1.78,1.31,1.51,4.58,5.71,1.8,2.02,1.67,2.2,True
3366,Premier League (England),2024,2025-08-27 18:00:00,Pre-Team-16,Pre-Team-03,FINISHED,1.0,0.0,1.09,0.59,2.07,2.89,4.35,3.04,1.38,3.83,1.27,True
3367,Premier League (England),2024,2025-08-27 16:00:00,Pre-Team-01,Pre-Team-15,FINISHED,2.0,1.0,1.47,1.07,1.87,3.52,4.11,2.11,1.73,2.3,1.6,True
3368,Premier League (England),2024,2025-08-27 21:00:00,Pre-Team-12,Pre-Team-08,FINISHED,3.0,3.0,1.32,0.91,1.91,3.5,4.03,2.14,1.71,2.36,1.6,True
3369,La Liga (Spain),2024,2025-08-27 16:00:00,La -Team-09,La -Team-11,FINISHED,2.0,3.0,1.26,1.43,3.27,3.67,2.09,1.81,1.99,1.97,1.86,True
3370,La Liga (Spain),2024,2025-08-27 16:00:00,La -Team-14,La -Team-07,FINISHED,3.0,1.0,1.25,0.05,1.48,3.85,8.18,3.03,1.39,2.74,1.48,True
3371,La Liga (Spain),2024,2025-08-27 16:00:00,La -Team-16,La -Team-02,FINISHED,3.0,2.0,1.27,1.69,3.38,3.98,1.97,1.62,2.31,1.67,2.23,True
3372,La Liga (Spain),2024,2025-08-27 13:00:00,La -Team-12,La -Team-15,FINISHED,3.0,0.0,1.27,0.95,1.64,3.79,5.71,2.35,1.61,2.37,1.6,True
3373,La Liga (Spain),2024,2025-08-27 18:00:00,La -Team-08,La -Team-05,FINISHED,2.0,1.0,1.05,0.73,2.58,3.03,2.96,2.47,1.55,3.05,1.38,True
3374,La Liga (Spain),2024,2025-08-27 13:00:00,La -Team-01,La -Team-10,FINISHED,1.0,1.0,1.52,1.41,2.75,3.71,2.33,1.68,2.2,1.81,2.02,True
3375,La Liga (Spain),2024,2025-08-27 16:00:00,La -Team-13,La -Team-06,FINISHED,2.0,0.0,1.23,1.0,2.75,3.11,2.66,2.3,1.64,2.75,1.46,True
3376,La Liga (Spain),2024,2025-08-27 21:00:00,La -Team-03,La -Team-04,FINISHED,2.0,1.0,1.09,0.95,2.75,3.52,2.41,1.86,1.95,2.07,1.75,True
3377,Serie A (Italy),2024,2025-08-27 16:00:00,Ser-Team-10,Ser-Team-15,FINISHED,1.0,0.0,1.71,0.94,1.64,4.03,4.79,1.87,1.94,1.85,1.95,True
3378,Serie A (Italy),2024,2025-08-27 21:00:00,Ser-Team-04,Ser-Team-09,FINISHED,0.0,0.0,1.31,0.38,1.96,3.09,4.52,2.74,1.46,3.23,1.34,True
3379,Serie A (Italy),2024,2025-08-27 16:00:00,Ser-Team-05,Ser-Team-07,FINISHED,0.0,0.0,0.96,0.75,1.91,3.22,4.43,2.54,1.53,2.91,1.41,True
3380,Serie A (Italy),2024,2025-08-27 13:00:00,Ser-Team-12,Ser-Team-13,FINISHED,1.0,0.0,1.42,1.05,1.94,3.31,4.12,2.38,1.6,2.7,1.46,True
3381,Serie A (Italy),2024,2025-08-27 13:00:00,Ser-Team-08,Ser-Team-06,FINISHED,0.0,1.0,0.74,0.61,2.21,2.84,3.92,3.02,1.39,3.89,1.25,True
3382,Serie A (Italy),2024,2025-08-27 16:00:00,Ser-Team-02,Ser-Team-01,FINISHED,3.0,0.0,0.72,0.49,2.97,2.93,2.61,2.65,1.48,3.41,1.31,True
3383,Serie A (Italy),2024,2025-08-27 21:00:00,Ser-Team-03,Ser-Team-16,FINISHED,3.0,1.0,2.4,1.31,1.56,4.54,4.94,1.66,2.23,1.56,2.44,True
3384,Serie A (Italy),2024,2025-08-27 21:00:00,Ser-Team-11,Ser-Team-14,FINISHED,1.0,1.0,0.64,1.42,3.92,3.08,2.08,2.55,1.51,3.09,1.39,True
3385,Bundesliga (Germany),2024,2025-08-27 13:00:00,Bun-Team-14,Bun-Team-05,FINISHED,1.0,1.0,1.69,1.48,2.52,3.86,2.49,1.6,2.37,1.69,2.18,True
3386,Bundesliga (Germany),2024,2025-08-27 13:00:00,Bun-Team-01,Bun-Team-09,FINISHED,1.0,0.0,0.8,1.03,3.24,2.86,2.53,2.8,1.44,3.71,1.28,True
3387,Bundesliga (Germany),2024,2025-08-27 13:00:00,Bun-Team-04,Bun-Team-06,FINISHED,1.0,2.0,1.31,1.69,4.43,4.16,1.7,1.73,2.11,1.72,2.12,True
3388,Bundesliga (Germany),2024,2025-08-27 21:00:00,Bun-Team-13,Bun-Team-15,FINISHED,1.0,1.0,0.76,1.58,3.98,3.57,1.87,2.03,1.79,2.2,1.67,True
3389,Bundesliga (Germany),2024,2025-08-27 16:00:00,Bun-Team-08,Bun-Team-02,FINISHED,0.0,2.0,0.27,0.72,4.01,2.81,2.2,3.09,1.37,4.02,1.24,True
3390,Bundesliga (Germany),2024,2025-08-27 13:00:00,Bun-Team-07,Bun-Team-11,FINISHED,2.0,0.0,1.99,1.15,1.68,4.08,4.5,1.8,2.03,1.78,2.06,True
3391,Bundesliga (Germany),2024,2025-08-27 21:00:00,Bun-Team-03,Bun-Team-16,FINISHED,2.0,1.0,0.63,0.91,2.7,2.82,3.0,2.8,1.44,3.74,1.27,True
3392,Bundesliga (Germany),2024,2025-08-27 18:00:00,Bun-Team-12,Bun-Team-10,FINISHED,0.0,0.0,1.54,0.93,1.81,3.51,4.51,2.26,1.63,2.48,1.56,True
3393,Ligue 1 (France),2024,2025-08-27 21:00:00,Lig-Team-06,Lig-Team-09,FINISHED,1.0,2.0,1.37,1.88,3.17,3.76,2.1,1.73,2.12,1.85,1.99,True
3394,Ligue 1 (France),2024,2025-08-27 21:00:00,Lig-Team-16,Lig-Team-02,FINISHED,1.0,0.0,0.75,0.32,2.36,2.48,4.33,4.11,1.23,6.15,1.13,True
3395,Ligue 1 (France),2024,2025-08-27 13:00:00,Lig-Team-14,Lig-Team-11,FINISHED,0.0,3.0,1.18,1.33,2.89,3.58,2.31,1.83,2.0,1.99,1.81,True
3396,Ligue 1 (France),2024,2025-08-27 13:00:00,Lig-Team-01,Lig-Team-15,FINISHED,1.0,4.0,1.36,1.59,3.77,3.91,1.86,1.75,2.1,1.81,1.99,True
3397,Ligue 1 (France),2024,2025-08-27 16:00:00,Lig-Team-05,Lig-Team-12,FINISHED,0.0,1.0,1.24,1.46,3.36,3.15,2.26,2.34,1.59,2.84,1.42,True
3398,Ligue 1 (France),2024,2025-08-27 13:00:00,Lig-Team-08,Lig-Team-07,FINISHED,0.0,1.0,0.48,1.0,4.91,2.73,2.06,3.6,1.29,4.67,1.21,True
3399,Ligue 1 (France),2024,2025-08-27 16:00:00,Lig-Team-03,Lig-Team-10,FINISHED,1.0,0.0,1.09,0.81,1.75,3.27,5.37,2.82,1.43,3.12,1.37,True
3400,Ligue 1 (France),2024,2025-08-27 16:00:00,Lig-Team-13,Lig-Team-04,FINISHED,0.0,0.0,0.78,0.46,3.05,2.51,3.01,3.57,1.3,5.31,1.17,True
3401,Premier League (England),2024,2025-08-28 13:00:00,Pre-Team-07,Pre-Team-14,FINISHED,1.0,1.0,1.4,1.29,2.95,3.53,2.28,1.87,1.97,2.06,1.78,True
3402,Premier League (England),2024,2025-08-28 18:00:00,Pre-Team-05,Pre-Team-15,FINISHED,1.0,1.0,0.91,0.93,2.1,3.02,3.88,2.67,1.48,3.24,1.36,True
3403,Premier League (England),2024,2025-08-28 18:00:00,Pre-Team-10,Pre-Team-11,FINISHED,2.0,2.0,0.82,2.2,5.65,4.69,1.48,1.71,2.13,1.59,2.37,True
3404,Premier League (England),2024,2025-08-28 16:00:00,Pre-Team-12,Pre-Team-04,FINISHED,1.0,2.0,1.32,2.09,5.52,4.77,1.48,1.68,2.21,1.53,2.46,True
3405,Premier League (England),2024,2025-08-28 21:00:00,Pre-Team-03,Pre-Team-16,FINISHED,2.0,2.0,0.91,0.89,3.22,2.77,2.57,2.95,1.4,4.05,1.25,True
3406,Premier League (England),2024,2025-08-28 13:00:00,Pre-Team-02,Pre-Team-06,FINISHED,1.0,1.0,1.49,0.58,1.56,3.79,6.36,2.54,1.53,2.49,1.56,True
3407,Premier League (England),2024,2025-08-28 16:00:00,Pre-Team-13,Pre-Team-08,FINISHED,1.0,1.0,1.22,0.49,1.82,3.06,5.53,3.2,1.36,3.7,1.27,True
3408,Premier League (England),2024,2025-08-28 18:00:00,Pre-Team-09,Pre-Team-01,FINISHED,1.0,1.0,0.91,0.89,2.97,3.06,2.52,2.43,1.57,3.02,1.39,True
3409,La Liga (Spain),2024,2025-08-28 13:00:00,La -Team-16,La -Team-01,FINISHED,1.0,2.0,1.02,1.22,3.04,3.6,2.21,1.81,2.01,1.99,1.84,True
3410,La Liga (Spain),2024,2025-08-28 13:00:00,La -Team-04,La -Team-07,FINISHED,2.0,1.0,0.91,0.98,2.19,2.72,4.29,3.37,1.32,4.52,1.2,True
3411,La Liga (Spain),2024,2025-08-28 16:00:00,La -Team-14,La -Team-12,FINISHED,2.0,1.0,1.13,0.93,2.65,3.1,2.78,2.28,1.63,2.8,1.45,True
3412,La Liga (Spain),2024,2025-08-28 13:00:00,La -Team-06,La -Team-10,FINISHED,1.0,2.0,1.41,0.97,2.41,3.49,2.79,1.9,1.91,2.15,1.73,True
3413,La Liga (Spain),2024,2025-08-28 16:00:00,La -Team-03,La -Team-08,FINISHED,0.0,4.0,1.0,1.72,4.34,3.98,1.72,1.84,1.98,1.85,1.95,True
3414,La Liga (Spain),2024,2025-08-28 16:00:00,La -Team-15,La -Team-11,FINISHED,1.0,2.0,0.84,0.98,2.72,2.83,2.95,2.73,1.47,3.56,1.29,True
3415,La Liga (Spain),2024,2025-08-28 18:00:00,La -Team-05,La -Team-13,FINISHED,1.0,0.0,1.39,0.16,1.69,3.65,5.15,2.29,1.63,2.37,1.6,True
3416,La Liga (Spain),2024,2025-08-28 16:00:00,La -Team-09,La -Team-02,FINISHED,4.0,1.0,2.03,2.39,2.73,4.65,2.1,1.27,3.8,1.25,4.07,True
3417,Serie A (Italy),2024,2025-08-28 21:00:00,Ser-Team-13,Ser-Team-08,FINISHED,2.0,3.0,2.05,1.43,1.47,4.66,6.04,1.84,1.98,1.66,2.22,True
3418,Serie A (Italy),2024,2025-08-28 21:00:00,Ser-Team-02,Ser-Team-11,FINISHED,0.0,0.0,1.3,0.77,1.73,3.33,5.35,2.72,1.46,2.96,1.41,True
3419,Serie A (Italy),2024,2025-08-28 13:00:00,Ser-Team-14,Ser-Team-12,FINISHED,0.0,1.0,1.17,1.1,2.44,3.19,2.98,2.25,1.66,2.66,1.48,True
3420,Serie A (Italy),2024,2025-08-28 18:00:00,Ser-Team-01,Ser-Team-07,FINISHED,1.0,0.0,1.45,0.6,1.66,3.7,5.22,2.27,1.67,2.32,1.6,True
3421,Serie A (Italy),2024,2025-08-28 21:00:00,Ser-Team-03,Ser-Team-16,FINISHED,3.0,3.0,1.83,0.97,1.57,4.53,5.01,1.64,2.24,1.57,2.41,True
3422,Serie A (Italy),2024,2025-08-28 16:00:00,Ser-Team-06,Ser-Team-15,FINISHED,1.0,2.0,0.54,0.82,4.47,2.19,2.62,5.29,1.16,8.86,1.06,True
3423,Serie A (Italy),2024,2025-08-28 16:00:00,Ser-Team-04,Ser-Team-09,FINISHED,0.0,2.0,1.02,0.65,1.93,3.07,4.47,2.76,1.46,3.27,1.35,True
3424,Serie A (Italy),2024,2025-08-28 13:00:00,Ser-Team-10,Ser-Team-05,FINISHED,1.0,4.0,1.26,0.98,2.55,3.35,2.69,2.01,1.8,2.32,1.61,True
3425,Bundesliga (Germany),2024,2025-08-28 16:00:00,Bun-Team-05,Bun-Team-01,FINISHED,2.0,1.0,1.3,0.93,2.5,3.09,2.91,2.32,1.62,2.81,1.45,True
3426,Bundesliga (Germany),2024,2025-08-28 13:00:00,Bun-Team-13,Bun-Team-07,FINISHED,2.0,2.0,1.12,1.48,2.38,3.74,2.64,1.66,2.24,1.76,2.08,True
3427,Bundesliga (Germany),2024,2025-08-28 18:00:00,Bun-Team-08,Bun-Team-02,FINISHED,1.0,2.0,0.61,0.96,3.99,2.81,2.2,3.08,1.38,4.05,1.23,True
3428,Bundesliga (Germany),2024,2025-08-28 13:00:00,Bun-Team-14,Bun-Team-03,FINISHED,3.0,1.0,2.34,0.79,1.67,4.11,4.64,1.79,2.0,1.78,2.02,True
3429,Bundesliga (Germany),2024,2025-08-28 13:00:00,Bun-Team-16,Bun-Team-10,FINISHED,0.0,0.0,0.72,1.27,3.45,3.05,2.27,2.52,1.54,3.08,1.37,True
3430,Bundesliga (Germany),2024,2025-08-28 21:00:00,Bun-Team-06,Bun-Team-04,FINISHED,0.0,0.0,2.01,0.7,1.4,5.11,6.96,1.84,1.99,1.61,2.36,True
3431,Bundesliga (Germany),2024,2025-08-28 13:00:00,Bun-Team-15,Bun-Team-12,FINISHED,0.0,0.0,1.13,0.89,2.19,3.14,3.63,2.43,1.55,2.95,1.4,True
3432,Bundesliga (Germany),2024,2025-08-28 18:00:00,Bun-Team-11,Bun-Team-09,FINISHED,0.0,0.0,0.76,1.6,4.9,3.48,1.77,2.38,1.57,2.61,1.52,True
3433,Ligue 1 (France),2024,2025-08-28 16:00:00,Lig-Team-09,Lig-Team-11,FINISHED,0.0,0.0,1.24,1.34,2.25,3.22,3.2,2.24,1.66,2.64,1.49,True
3434,Ligue 1 (France),2024,2025-08-28 18:00:00,Lig-Team-07,Lig-Team-14,FINISHED,1.0,2.0,1.91,0.61,1.72,3.67,4.81,2.18,1.69,2.27,1.63,True
3435,Ligue 1 (France),2024,2025-08-28 21:00:00,Lig-Team-02,Lig-Team-10,FINISHED,1.0,1.0,1.14,0.95,2.09,2.92,4.16,2.87,1.41,3.6,1.28,True
3436,Ligue 1 (France),2024,2025-08-28 13:00:00,Lig-Team-08,Lig-Team-01,FINISHED,1.0,2.0,0.7,1.12,3.22,2.89,2.49,2.73,1.47,3.54,1.31,True
3437,Ligue 1 (France),2024,2025-08-28 18:00:00,Lig-Team-12,Lig-Team-04,FINISHED,1.0,1.0,0.79,0.95,2.44,2.72,3.53,3.1,1.37,4.27,1.23,True
3438,Ligue 1 (France),2024,2025-08-28 18:00:00,Lig-Team-16,Lig-Team-05,FINISHED,1.0,2.0,0.64,0.68,2.43,2.72,3.6,3.18,1.36,4.38,1.21,True
3439,Ligue 1 (France),2024,2025-08-28 18:00:00,Lig-Team-13,Lig-Team-15,FINISHED,1.0,1.0,1.01,1.44,3.92,3.45,1.96,2.16,1.71,2.42,1.58,True
3440,Ligue 1 (France),2024,2025-08-28 13:00:00,Lig-Team-06,Lig-Team-03,FINISHED,2.0,0.0,1.6,1.21,2.26,3.38,3.05,2.02,1.82,2.29,1.63,True
3441,Premier League (England),2024,2025-09-03 16:00:00,Pre-Team-10,Pre-Team-08,FINISHED,1.0,1.0,0.75,0.9,2.37,3.04,3.2,2.45,1.54,3.06,1.38,True
3442,Premier League (England),2024,2025-09-03 16:00:00,Pre-Team-01,Pre-Team-11,FINISHED,1.0,2.0,0.85,1.22,2.49,3.74,2.54,1.65,2.25,1.75,2.07,True
3443,Premier League (England),2024,2025-09-03 21:00:00,Pre-Team-16,Pre-Team-05,FINISHED,3.0,1.0,0.97,0.21,2.35,2.59,4.08,3.53,1.31,4.94,1.18,True
3444,Premier League (England),2024,2025-09-03 18:00:00,Pre-Team-04,Pre-Team-12,FINISHED,4.0,0.0,2.54,0.97,1.26,6.23,9.38,1.8,2.05,1.43,2.88,True
3445,Premier League (England),2024,2025-09-03 13:00:00,Pre-Team-09,Pre-Team-14,FINISHED,1.0,2.0,0.4,0.52,2.6,2.55,3.51,3.56,1.3,5.09,1.18,True
3446,Premier League (England),2024,2025-09-03 18:00:00,Pre-Team-15,Pre-Team-07,FINISHED,1.0,2.0,2.04,1.15,1.68,4.29,4.27,1.62,2.28,1.6,2.38,True
3447,Premier League (England),2024,2025-09-03 16:00:00,Pre-Team-13,Pre-Team-06,FINISHED,1.0,2.0,0.73,0.93,2.2,3.15,3.5,2.38,1.58,2.87,1.41,True
3448,Premier League (England),2024,2025-09-03 21:00:00,Pre-Team-03,Pre-Team-02,FINISHED,1.0,1.0,1.03,1.1,3.84,3.18,2.06,2.41,1.6,2.85,1.44,True
3449,La Liga (Spain),2024,2025-09-03 18:00:00,La -Team-12,La -Team-01,FINISHED,1.0,1.0,2.12,0.9,1.42,4.7,6.82,1.98,1.85,1.74,2.11,True
3450,La Liga (Spain),2024,2025-09-03 21:00:00,La -Team-04,La -Team-16,FINISHED,0.0,1.0,1.21,0.48,2.02,3.01,4.27,2.81,1.45,3.4,1.32,True
3451,La Liga (Spain),2024,2025-09-03 18:00:00,La -Team-02,La -Team-13,FINISHED,0.0,1.0,1.49,1.04,1.99,3.73,3.41,1.77,2.05,1.88,1.94,True
3452,La Liga (Spain),2024,2025-09-03 13:00:00,La -Team-11,La -Team-07,FINISHED,3.0,0.0,1.37,0.72,1.78,3.08,5.68,3.21,1.35,3.66,1.28,True
3453,La Liga (Spain),2024,2025-09-03 13:00:00,La -Team-10,La -Team-05,FINISHED,0.0,1.0,1.44,1.19,2.68,3.5,2.46,1.84,1.98,2.03,1.79,True
3454,La Liga (Spain),2024,2025-09-03 13:00:00,La -Team-09,La -Team-14,FINISHED,0.0,1.0,1.01,1.89,4.7,4.34,1.64,1.73,2.14,1.64,2.25,True
3455,La Liga (Spain),2024,2025-09-03 16:00:00,La -Team-06,La -Team-08,FINISHED,1.0,0.0,0.88,0.66,2.87,2.95,2.7,2.59,1.52,3.31,1.34,True
3456,La Liga (Spain),2024,2025-09-03 13:00:00,La -Team-03,La -Team-15,FINISHED,1.0,5.0,1.53,2.0,3.22,4.02,2.01,1.59,2.4,1.62,2.3,True
3457,Serie A (Italy),2024,2025-09-03 13:00:00,Ser-Team-15,Ser-Team-03,FINISHED,2.0,0.0,1.42,1.11,2.63,3.38,2.61,1.99,1.83,2.23,1.64,True
3458,Serie A (Italy),2024,2025-09-03 21:00:00,Ser-Team-07,Ser-Team-13,FINISHED,2.0,0.0,1.05,0.94,2.45,3.1,3.05,2.36,1.6,2.87,1.42,True
3459,Serie A (Italy),2024,2025-09-03 13:00:00,Ser-Team-11,Ser-Team-16,FINISHED,4.0,2.0,1.37,1.01,1.94,3.63,3.67,1.9,1.92,2.04,1.8,True
3460,Serie A (Italy),2024,2025-09-03 16:00:00,Ser-Team-04,Ser-Team-14,FINISHED,2.0,0.0,1.21,0.85,2.22,2.91,3.73,2.81,1.45,3.52,1.3,True
3461,Serie A (Italy),2024,2025-09-03 13:00:00,Ser-Team-08,Ser-Team-09,FINISHED,1.0,4.0,1.3,1.79,4.2,4.19,1.71,1.66,2.23,1.64,2.27,True
3462,Serie A (Italy),2024,2025-09-03 21:00:00,Ser-Team-05,Ser-Team-12,FINISHED,1.0,2.0,1.04,0.79,2.37,3.07,3.27,2.44,1.56,2.99,1.39,True
3463,Serie A (Italy),2024,2025-09-03 18:00:00,Ser-Team-02,Ser-Team-01,FINISHED,2.0,1.0,0.92,0.66,2.99,2.91,2.61,2.64,1.5,3.37,1.33,True
3464,Serie A (Italy),2024,2025-09-03 16:00:00,Ser-Team-10,Ser-Team-06,FINISHED,0.0,1.0,1.72,0.69,1.54,3.38,8.85,3.92,1.26,3.71,1.29,True
3465,Bundesliga (Germany),2024,2025-09-03 21:00:00,Bun-Team-15,Bun-Team-06,FINISHED,0.0,0.0,1.22,1.04,2.1,3.38,3.48,2.13,1.72,2.42,1.57,True
3466,Bundesliga (Germany),2024,2025-09-03 21:00:00,Bun-Team-01,Bun-Team-07,FINISHED,0.0,0.0,1.78,0.78,2.14,3.39,3.3,2.06,1.77,2.33,1.6,True
3467,Bundesliga (Germany),2024,2025-09-03 16:00:00,Bun-Team-05,Bun-Team-14,FINISHED,1.0,1.0,2.02,1.4,1.89,4.01,3.59,1.62,2.32,1.65,2.25,True
3468,Bundesliga (Germany),2024,2025-09-03 18:00:00,Bun-Team-12,Bun-Team-16,FINISHED,1.0,0.0,1.76,0.67,1.44,4.29,7.51,2.45,1.55,2.16,1.71,True
3469,Bundesliga (Germany),2024,2025-09-03 13:00:00,Bun-Team-13,Bun-Team-04,FINISHED,1.0,0.0,1.66,1.29,1.82,4.05,3.76,1.64,2.26,1.66,2.19,True
3470,Bundesliga (Germany),2024,2025-09-03 18:00:00,Bun-Team-09,Bun-Team-11,FINISHED,3.0,0.0,1.93,0.68,1.46,4.13,7.42,2.52,1.51,2.3,1.62,True
3471,Bundesliga (Germany),2024,2025-09-03 16:00:00,Bun-Team-03,Bun-Team-08,FINISHED,1.0,0.0,0.8,1.07,2.57,2.43,3.83,3.99,1.25,6.06,1.12,True
3472,Bundesliga (Germany),2024,2025-09-03 13:00:00,Bun-Team-10,Bun-Team-02,FINISHED,1.0,1.0,0.92,0.91,2.21,3.28,3.35,2.26,1.65,2.64,1.49,True
3473,Ligue 1 (France),2024,2025-09-03 13:00:00,Lig-Team-14,Lig-Team-09,FINISHED,0.0,3.0,1.09,1.31,3.07,3.41,2.28,1.99,1.82,2.26,1.65,True
3474,Ligue 1 (France),2024,2025-09-03 18:00:00,Lig-Team-02,Lig-Team-16,FINISHED,3.0,3.0,0.58,0.42,3.33,2.37,2.92,4.11,1.24,6.4,1.11,True
3475,Ligue 1 (France),2024,2025-09-03 13:00:00,Lig-Team-12,Lig-Team-06,FINISHED,3.0,1.0,1.61,1.04,1.74,4.16,4.16,1.68,2.17,1.68,2.2,True
3476,Ligue 1 (France),2024,2025-09-03 21:00:00,Lig-Team-03,Lig-Team-11,FINISHED,1.0,1.0,0.91,0.81,3.28,2.91,2.43,2.67,1.49,3.42,1.32,True
3477,Ligue 1 (France),2024,2025-09-03 18:00:00,Lig-Team-07,Lig-Team-01,FINISHED,1.0,0.0,1.56,1.0,1.77,3.55,4.72,2.31,1.62,2.46,1.54,True
3478,Ligue 1 (France),2024,2025-09-03 18:00:00,Lig-Team-04,Lig-Team-13,FINISHED,0.0,0.0,1.0,0.59,2.37,2.57,3.99,3.6,1.3,5.18,1.16,True
3479,Ligue 1 (France),2024,2025-09-03 18:00:00,Lig-Team-15,Lig-Team-08,FINISHED,2.0,0.0,1.8,0.25,1.45,4.08,8.29,2.82,1.44,2.49,1.55,True
3480,Ligue 1 (France),2024,2025-09-03 13:00:00,Lig-Team-05,Lig-Team-10,FINISHED,0.0,0.0,1.43,0.7,1.76,3.49,4.83,2.36,1.6,2.54,1.51,True
3481,Premier League (England),2024,2025-09-04 21:00:00,Pre-Team-13,Pre-Team-05,FINISHED,1.0,0.0,0.47,1.01,2.71,2.84,2.95,2.76,1.45,3.59,1.29,True
3482,Premier League (England),2024,2025-09-04 13:00:00,Pre-Team-08,Pre-Team-11,FINISHED,2.0,0.0,0.9,1.8,5.58,3.79,1.62,2.32,1.61,2.32,1.61,True
3483,Premier League (England),2024,2025-09-04 16:00:00,Pre-Team-10,Pre-Team-09,FINISHED,1.0,2.0,0.9,0.82,3.46,3.12,2.21,2.39,1.58,2.9,1.42,True
3484,Premier League (England),2024,2025-09-04 18:00:00,Pre-Team-04,Pre-Team-14,FINISHED,3.0,3.0,1.18,0.91,1.58,3.7,6.55,2.7,1.48,2.67,1.49,True
3485,Premier League (England),2024,2025-09-04 16:00:00,Pre-Team-02,Pre-Team-16,FINISHED,1.0,1.0,0.64,0.59,2.25,2.7,4.12,3.37,1.33,4.55,1.22,True
3486,Premier League (England),2024,2025-09-04 21:00:00,Pre-Team-15,Pre-Team-07,FINISHED,1.0,1.0,1.74,1.33,1.7,4.28,4.32,1.63,2.32,1.59,2.37,True
3487,Premier League (England),2024,2025-09-04 21:00:00,Pre-Team-03,Pre-Team-12,FINISHED,2.0,2.0,1.94,1.02,1.76,4.01,4.07,1.73,2.1,1.77,2.04,True
3488,Premier League (England),2024,2025-09-04 18:00:00,Pre-Team-06,Pre-Team-01,FINISHED,3.0,1.0,1.23,1.37,2.95,3.4,2.34,1.98,1.82,2.26,1.65,True
3489,La Liga (Spain),2024,2025-09-04 16:00:00,La -Team-11,La -Team-15,FINISHED,2.0,1.0,1.25,0.89,2.29,2.93,3.59,2.77,1.47,3.49,1.32,True
3490,La Liga (Spain),2024,2025-09-04 13:00:00,La -Team-01,La -Team-04,FINISHED,1.0,0.0,0.81,0.78,2.31,3.15,3.25,2.35,1.61,2.84,1.43,True
3491,La Liga (Spain),2024,2025-09-04 16:00:00,La -Team-13,La -Team-14,FINISHED,0.0,1.0,0.47,1.34,3.94,3.09,2.06,2.59,1.51,3.1,1.37,True
3492,La Liga (Spain),2024,2025-09-04 18:00:00,La -Team-16,La -Team-12,FINISHED,0.0,2.0,1.12,1.74,6.7,4.21,1.51,2.25,1.64,2.1,1.74,True
3493,La Liga (Spain),2024,2025-09-04 13:00:00,La -Team-08,La -Team-02,FINISHED,3.0,1.0,1.54,0.8,1.85,3.66,3.97,1.98,1.84,2.1,1.74,True
3494,La Liga (Spain),2024,2025-09-04 16:00:00,La -Team-05,La -Team-09,FINISHED,3.0,3.0,2.95,1.07,1.33,5.6,7.04,1.6,2.36,1.38,3.12,True
3495,La Liga (Spain),2024,2025-09-04 21:00:00,La -Team-03,La -Team-07,FINISHED,1.0,2.0,1.55,0.81,2.14,3.77,3.07,1.72,2.14,1.83,2.0,True
3496,La Liga (Spain),2024,2025-09-04 21:00:00,La -Team-06,La -Team-10,FINISHED,0.0,1.0,1.32,0.97,2.41,3.46,2.83,1.91,1.9,2.14,1.72,True
3497,Serie A (Italy),2024,2025-09-04 18:00:00,Ser-Team-10,Ser-Team-14,FINISHED,3.0,3.0,1.36,0.91,2.36,3.51,2.86,1.87,1.91,2.09,1.75,True
3498,Serie A (Italy),2024,2025-09-04 21:00:00,Ser-Team-13,Ser-Team-06,FINISHED,3.0,0.0,0.78,-0.04,1.98,2.35,7.47,6.22,1.12,8.29,1.09,True
3499,Serie A (Italy),2024,2025-09-04 21:00:00,Ser-Team-09,Ser-Team-07,FINISHED,1.0,1.0,1.53,0.8,2.22,3.25,3.32,2.22,1.65,2.62,1.51,True
3500,Serie A (Italy),2024,2025-09-04 16:00:00,Ser-Team-12,Ser-Team-02,FINISHED,2.0,0.0,1.24,1.06,2.24,3.19,3.35,2.31,1.63,2.74,1.46,True
3501,Serie A (Italy),2024,2025-09-04 13:00:00,Ser-Team-05,Ser-Team-08,FINISHED,5.0,0.0,2.38,0.74,1.28,5.72,9.66,2.03,1.8,1.6,2.37,True
3502,Serie A (Italy),2024,2025-09-04 13:00:00,Ser-Team-04,Ser-Team-16,FINISHED,2.0,1.0,2.08,0.38,1.33,4.98,8.92,2.29,1.62,1.86,1.95,True
3503,Serie A (Italy),2024,2025-09-04 13:00:00,Ser-Team-03,Ser-Team-01,FINISHED,4.0,1.0,0.76,1.46,3.68,3.54,1.98,2.0,1.82,2.2,1.68,True
3504,Serie A (Italy),2024,2025-09-04 16:00:00,Ser-Team-15,Ser-Team-11,FINISHED,3.0,0.0,0.83,0.84,2.27,3.08,3.37,2.41,1.57,2.97,1.41,True
3505,Bundesliga (Germany),2024,2025-09-04 18:00:00,Bun-Team-08,Bun-Team-03,FINISHED,0.0,0.0,0.72,0.95,2.96,2.41,3.26,3.97,1.25,6.17,1.13,True
3506,Bundesliga (Germany),2024,2025-09-04 21:00:00,Bun-Team-02,Bun-Team-12,FINISHED,1.0,1.0,0.99,0.96,3.4,3.49,2.09,2.0,1.82,2.26,1.65,True
3507,Bundesliga (Germany),2024,2025-09-04 13:00:00,Bun-Team-10,Bun-Team-14,FINISHED,4.0,2.0,1.58,1.52,1.92,4.02,3.44,1.6,2.34,1.64,2.28,True
3508,Bundesliga (Germany),2024,2025-09-04 21:00:00,Bun-Team-16,Bun-Team-07,FINISHED,1.0,2.0,1.1,1.28,3.44,3.26,2.17,2.24,1.66,2.62,1.52,True
3509,Bundesliga (Germany),2024,2025-09-04 16:00:00,Bun-Team-15,Bun-Team-13,FINISHED,4.0,1.0,1.52,0.94,1.54,4.14,5.96,2.13,1.71,2.03,1.8,True
3510,Bundesliga (Germany),2024,2025-09-04 16:00:00,Bun-Team-04,Bun-Team-11,FINISHED,2.0,3.0,1.32,1.35,2.1,3.78,3.09,1.71,2.18,1.81,2.02,True
3511,Bundesliga (Germany),2024,2025-09-04 16:00:00,Bun-Team-01,Bun-Team-09,FINISHED,2.0,1.0,0.73,0.69,3.24,2.82,2.47,2.8,1.43,3.72,1.28,True
3512,Bundesliga (Germany),2024,2025-09-04 16:00:00,Bun-Team-06,Bun-Team-05,FINISHED,3.0,0.0,1.5,0.9,1.77,3.77,4.36,1.99,1.84,2.06,1.78,True
3513,Ligue 1 (France),2024,2025-09-04 16:00:00,Lig-Team-16,Lig-Team-03,FINISHED,0.0,2.0,0.8,0.34,2.74,2.41,3.46,3.84,1.27,5.87,1.13,True
3514,Ligue 1 (France),2024,2025-09-04 13:00:00,Lig-Team-10,Lig-Team-14,FINISHED,0.0,0.0,0.94,1.74,3.99,3.78,1.84,1.89,1.95,1.99,1.85,True
3515,Ligue 1 (France),2024,2025-09-04 16:00:00,Lig-Team-15,Lig-Team-01,FINISHED,4.0,1.0,2.12,0.78,1.52,4.58,5.8,1.84,1.99,1.7,2.17,True
3516,Ligue 1 (France),2024,2025-09-04 21:00:00,Lig-Team-06,Lig-Team-08,FINISHED,1.0,1.0,1.08,0.76,1.93,3.44,3.98,2.21,1.68,2.45,1.56,True
3517,Ligue 1 (France),2024,2025-09-04 13:00:00,Lig-Team-11,Lig-Team-07,FINISHED,0.0,0.0,0.76,0.98,2.64,3.04,2.81,2.37,1.58,2.95,1.4,True
3518,Ligue 1 (France),2024,2025-09-04 18:00:00,Lig-Team-04,Lig-Team-12,FINISHED,1.0,1.0,1.15,0.84,2.7,2.71,3.15,3.13,1.38,4.33,1.21,True
3519,Ligue 1 (France),2024,2025-09-04 16:00:00,Lig-Team-05,Lig-Team-02,FINISHED,3.0,3.0,1.12,0.33,2.32,2.75,3.82,3.2,1.36,4.33,1.22,True
3520,Ligue 1 (France),2024,2025-09-04 16:00:00,Lig-Team-13,Lig-Team-09,FINISHED,0.0,1.0,0.83,0.76,3.25,2.89,2.45,2.66,1.49,3.39,1.32,True
3521,Premier League (England),2024,2025-09-10 21:00:00,Pre-Team-11,Pre-Team-03,FINISHED,1.0,0.0,1.61,1.05,1.72,3.97,4.35,1.82,1.99,1.84,1.97,True
3522,Premier League (England),2024,2025-09-10 13:00:00,Pre-Team-13,Pre-Team-08,FINISHED,1.0,0.0,1.05,0.61,1.79,3.05,5.56,3.2,1.35,3.69,1.28,True
3523,Premier League (England),2024,2025-09-10 21:00:00,Pre-Team-12,Pre-Team-09,FINISHED,2.0,1.0,1.06,1.43,2.69,3.32,2.62,2.06,1.78,2.34,1.6,True
3524,Premier League (England),2024,2025-09-10 13:00:00,Pre-Team-06,Pre-Team-05,FINISHED,1.0,0.0,0.87,0.8,2.89,2.99,2.61,2.48,1.54,3.15,1.38,True
3525,Premier League (England),2024,2025-09-10 18:00:00,Pre-Team-16,Pre-Team-07,FINISHED,0.0,1.0,2.09,0.79,1.43,4.58,7.21,2.15,1.7,1.9,1.93,True
3526,Premier League (England),2024,2025-09-10 13:00:00,Pre-Team-15,Pre-Team-02,FINISHED,1.0,0.0,0.76,0.98,4.28,3.21,1.94,2.56,1.53,2.95,1.41,True
3527,Premier League (England),2024,2025-09-10 18:00:00,Pre-Team-04,Pre-Team-10,FINISHED,5.0,0.0,2.35,0.88,1.2,6.74,13.18,2.17,1.7,1.52,2.53,True
3528,Premier League (England),2024,2025-09-10 18:00:00,Pre-Team-01,Pre-Team-14,FINISHED,1.0,1.0,1.36,0.52,1.96,3.19,4.27,2.59,1.5,3.03,1.4,True
3529,La Liga (Spain),2024,2025-09-10 18:00:00,La -Team-11,La -Team-05,FINISHED,2.0,1.0,0.79,0.6,2.87,3.03,2.6,2.41,1.57,3.0,1.42,True
3530,La Liga (Spain),2024,2025-09-10 13:00:00,La -Team-14,La -Team-02,FINISHED,2.0,0.0,2.24,1.13,1.62,4.21,4.9,1.83,1.99,1.76,2.06,True
3531,La Liga (Spain),2024,2025-09-10 21:00:00,La -Team-16,La -Team-13,FINISHED,1.0,1.0,1.23,1.21,3.14,3.14,2.39,2.33,1.62,2.79,1.45,True
3532,La Liga (Spain),2024,2025-09-10 16:00:00,La -Team-08,La -Team-10,FINISHED,0.0,0.0,1.22,0.66,2.18,3.14,3.5,2.39,1.57,2.86,1.42,True
3533,La Liga (Spain),2024,2025-09-10 18:00:00,La -Team-03,La -Team-01,FINISHED,0.0,1.0,1.59,1.78,2.72,4.37,2.14,1.36,3.22,1.34,3.29,True
3534,La Liga (Spain),2024,2025-09-10 21:00:00,La -Team-15,La -Team-04,FINISHED,0.0,0.0,0.84,0.48,2.27,2.8,3.83,2.99,1.39,3.93,1.26,True
3535,La Liga (Spain),2024,2025-09-10 18:00:00,La -Team-07,La -Team-12,FINISHED,2.0,0.0,0.48,1.66,6.36,3.7,1.59,2.65,1.49,2.63,1.49,True
3536,La Liga (Spain),2024,2025-09-10 18:00:00,La -Team-06,La -Team-09,FINISHED,3.0,0.0,2.15,0.75,1.62,4.52,4.51,1.58,2.42,1.5,2.58,True
3537,Serie A (Italy),2024,2025-09-10 16:00:00,Ser-Team-04,Ser-Team-14,FINISHED,0.0,0.0,0.89,0.42,2.21,2.91,3.74,2.81,1.45,3.58,1.31,True
3538,Serie A (Italy),2024,2025-09-10 21:00:00,Ser-Team-12,Ser-Team-05,FINISHED,1.0,1.0,1.3,0.78,2.46,3.03,3.09,2.43,1.57,3.0,1.38,True
3539,Serie A (Italy),2024,2025-09-10 13:00:00,Ser-Team-07,Ser-Team-08,FINISHED,1.0,3.0,2.46,1.08,1.41,5.3,6.07,1.57,2.45,1.39,3.05,True
3540,Serie A (Italy),2024,2025-09-10 13:00:00,Ser-Team-16,Ser-Team-06,FINISHED,0.0,2.0,1.04,0.86,2.24,2.57,4.46,3.81,1.26,5.37,1.15,True
3541,Serie A (Italy),2024,2025-09-10 16:00:00,Ser-Team-03,Ser-Team-09,FINISHED,0.0,1.0,1.28,0.86,2.49,3.32,2.75,2.01,1.82,2.31,1.63,True
3542,Serie A (Italy),2024,2025-09-10 13:00:00,Ser-Team-13,Ser-Team-01,FINISHED,1.0,2.0,0.78,1.04,3.59,2.98,2.27,2.69,1.47,3.39,1.32,True
3543,Serie A (Italy),2024,2025-09-10 13:00:00,Ser-Team-11,Ser-Team-15,FINISHED,1.0,1.0,0.79,0.91,2.52,3.06,2.98,2.44,1.57,2.97,1.4,True
3544,Serie A (Italy),2024,2025-09-10 16:00:00,Ser-Team-02,Ser-Team-10,FINISHED,1.0,0.0,1.42,1.48,2.2,3.49,3.14,1.92,1.88,2.13,1.7,True
3545,Bundesliga (Germany),2024,2025-09-10 16:00:00,Bun-Team-16,Bun-Team-03,FINISHED,2.0,0.0,1.1,0.68,2.31,2.85,3.57,2.8,1.44,3.65,1.28,True
3546,Bundesliga (Germany),2024,2025-09-10 21:00:00,Bun-Team-01,Bun-Team-14,FINISHED,3.0,0.0,2.25,1.06,1.74,4.4,3.86,1.54,2.49,1.5,2.58,True
3547,Bundesliga (Germany),2024,2025-09-10 18:00:00,Bun-Team-15,Bun-Team-04,FINISHED,0.0,2.0,1.95,0.22,1.46,4.12,7.65,2.6,1.48,2.34,1.59,True
3548,Bundesliga (Germany),2024,2025-09-10 18:00:00,Bun-Team-11,Bun-Team-05,FINISHED,3.0,2.0,0.99,0.8,3.14,3.47,2.17,1.95,1.89,2.17,1.71,True
3549,Bundesliga (Germany),2024,2025-09-10 18:00:00,Bun-Team-06,Bun-Team-10,FINISHED,4.0,2.0,1.67,0.97,1.73,3.84,4.54,1.96,1.84,2.02,1.82,True
3550,Bundesliga (Germany),2024,2025-09-10 21:00:00,Bun-Team-09,Bun-Team-13,FINISHED,1.0,2.0,1.6,0.83,1.66,3.76,5.38,2.3,1.63,2.32,1.6,True
3551,Bundesliga (Germany),2024,2025-09-10 13:00:00,Bun-Team-02,Bun-Team-08,FINISHED,2.0,1.0,1.18,0.61,1.8,3.08,5.57,3.2,1.36,3.69,1.29,True
3552,Bundesliga (Germany),2024,2025-09-10 21:00:00,Bun-Team-12,Bun-Team-07,FINISHED,2.0,1.0,1.77,1.02,1.78,3.74,4.41,2.03,1.78,2.13,1.73,True
3553,Ligue 1 (France),2024,2025-09-10 21:00:00,Lig-Team-02,Lig-Team-04,FINISHED,1.0,1.0,0.57,0.8,4.11,2.36,2.55,4.34,1.22,6.82,1.11,True
3554,Ligue 1 (France),2024,2025-09-10 21:00:00,Lig-Team-14,Lig-Team-06,FINISHED,4.0,0.0,1.77,1.46,2.0,4.23,3.07,1.47,2.69,1.48,2.71,True
3555,Ligue 1 (France),2024,2025-09-10 13:00:00,Lig-Team-12,Lig-Team-11,FINISHED,2.0,1.0,1.25,0.89,2.39,3.26,2.94,2.13,1.74,2.48,1.54,True
3556,Ligue 1 (France),2024,2025-09-10 16:00:00,Lig-Team-15,Lig-Team-10,FINISHED,1.0,1.0,2.42,0.52,1.17,7.08,14.53,2.22,1.66,1.52,2.55,True
3557,Ligue 1 (France),2024,2025-09-10 21:00:00,Lig-Team-05,Lig-Team-16,FINISHED,1.0,1.0,0.83,0.7,2.76,2.65,3.1,3.16,1.37,4.45,1.21,True
3558,Ligue 1 (France),2024,2025-09-10 21:00:00,Lig-Team-01,Lig-Team-13,FINISHED,2.0,0.0,1.06,0.85,2.32,3.19,3.17,2.26,1.64,2.7,1.47,True
3559,Ligue 1 (France),2024,2025-09-10 21:00:00,Lig-Team-09,Lig-Team-07,FINISHED,1.0,1.0,1.04,0.68,2.65,2.92,2.97,2.64,1.49,3.38,1.33,True
3560,Ligue 1 (France),2024,2025-09-10 21:00:00,Lig-Team-08,Lig-Team-03,FINISHED,0.0,0.0,0.51,0.72,3.29,2.4,2.93,4.0,1.25,6.23,1.13,True
3561,Premier League (England),2024,2025-09-11 18:00:00,Pre-Team-11,Pre-Team-16,FINISHED,0.0,0.0,0.98,1.25,2.32,3.11,3.25,2.38,1.58,2.89,1.41,True
3562,Premier League (England),2024,2025-09-11 18:00:00,Pre-Team-02,Pre-Team-12,FINISHED,1.0,1.0,2.22,0.57,1.34,5.14,8.32,2.06,1.77,1.72,2.14,True
3563,Premier League (England),2024,2025-09-11 13:00:00,Pre-Team-07,Pre-Team-06,FINISHED,5.0,2.0,1.3,1.56,2.88,4.01,2.15,1.53,2.52,1.57,2.41,True
3564,Premier League (England),2024,2025-09-11 16:00:00,Pre-Team-05,Pre-Team-08,FINISHED,1.0,0.0,0.88,0.54,1.75,3.11,6.3,3.39,1.32,3.77,1.27,True
3565,Premier League (England),2024,2025-09-11 16:00:00,Pre-Team-13,Pre-Team-15,FINISHED,1.0,1.0,0.87,1.06,2.23,3.04,3.5,2.52,1.53,3.09,1.38,True
3566,Premier League (England),2024,2025-09-11 13:00:00,Pre-Team-10,Pre-Team-14,FINISHED,0.0,1.0,0.56,1.2,3.4,3.06,2.3,2.49,1.54,3.07,1.38,True
3567,Premier League (England),2024,2025-09-11 16:00:00,Pre-Team-01,Pre-Team-03,FINISHED,1.0,1.0,1.35,0.65,2.0,3.52,3.67,2.01,1.81,2.21,1.67,True
3568,Premier League (England),2024,2025-09-11 18:00:00,Pre-Team-04,Pre-Team-09,FINISHED,3.0,0.0,1.66,0.73,1.58,3.74,6.37,2.6,1.51,2.55,1.54,True
3569,La Liga (Spain),2024,2025-09-11 18:00:00,La -Team-07,La -Team-16,FINISHED,0.0,1.0,1.21,0.38,2.37,3.05,3.24,2.44,1.55,3.03,1.39,True
3570,La Liga (Spain),2024,2025-09-11 13:00:00,La -Team-08,La -Team-12,FINISHED,0.0,2.0,0.94,1.06,3.12,2.94,2.51,2.61,1.49,3.35,1.34,True
3571,La Liga (Spain),2024,2025-09-11 18:00:00,La -Team-06,La -Team-10,FINISHED,1.0,2.0,1.21,1.45,2.39,3.44,2.83,1.93,1.91,2.15,1.73,True
3572,La Liga (Spain),2024,2025-09-11 16:00:00,La -Team-15,La -Team-09,FINISHED,4.0,2.0,1.67,1.09,1.72,4.24,4.12,1.64,2.26,1.64,2.28,True
3573,La Liga (Spain),2024,2025-09-11 21:00:00,La -Team-04,La -Team-01,FINISHED,0.0,1.0,1.07,0.96,2.46,3.11,3.03,2.31,1.61,2.83,1.42,True
3574,La Liga (Spain),2024,2025-09-11 18:00:00,La -Team-13,La -Team-14,FINISHED,0.0,2.0,1.0,1.14,3.93,3.11,2.07,2.57,1.5,3.12,1.38,True
3575,La Liga (Spain),2024,2025-09-11 18:00:00,La -Team-05,La -Team-03,FINISHED,2.0,1.0,2.69,1.05,1.26,6.4,8.51,1.59,2.35,1.31,3.56,True
3576,La Liga (Spain),2024,2025-09-11 13:00:00,La -Team-11,La -Team-02,FINISHED,1.0,0.0,1.63,0.85,2.03,3.56,3.42,1.93,1.88,2.08,1.73,True
3577,Serie A (Italy),2024,2025-09-11 18:00:00,Ser-Team-13,Ser-Team-02,FINISHED,0.0,1.0,0.32,0.9,2.94,2.79,2.75,2.92,1.41,3.9,1.24,True
3578,Serie A (Italy),2024,2025-09-11 16:00:00,Ser-Team-10,Ser-Team-08,FINISHED,5.0,1.0,3.31,1.52,1.22,7.63,9.48,1.43,2.84,1.16,5.22,True
3579,Serie A (Italy),2024,2025-09-11 21:00:00,Ser-Team-07,Ser-Team-15,FINISHED,0.0,1.0,1.07,0.83,2.01,3.37,3.78,2.17,1.68,2.46,1.54,True
3580,Serie A (Italy),2024,2025-09-11 16:00:00,Ser-Team-09,Ser-Team-16,FINISHED,2.0,3.0,1.69,0.78,1.56,4.12,5.64,2.04,1.8,1.97,1.85,True
3581,Serie A (Italy),2024,2025-09-11 18:00:00,Ser-Team-11,Ser-Team-03,FINISHED,3.0,3.0,1.34,0.97,2.8,3.43,2.42,1.95,1.84,2.24,1.65,True
3582,Serie A (Italy),2024,2025-09-11 18:00:00,Ser-Team-05,Ser-Team-12,FINISHED,4.0,2.0,1.1,0.72,2.33,3.08,3.26,2.44,1.57,3.02,1.39,True
3583,Serie A (Italy),2024,2025-09-11 16:00:00,Ser-Team-04,Ser-Team-06,FINISHED,3.0,0.0,1.08,0.28,1.65,2.76,11.25,6.53,1.12,6.34,1.12,True
3584,Serie A (Italy),2024,2025-09-11 21:00:00,Ser-Team-14,Ser-Team-01,FINISHED,2.0,1.0,0.71,0.91,2.88,2.96,2.66,2.55,1.51,3.24,1.34,True
3585,Bundesliga (Germany),2024,2025-09-11 16:00:00,Bun-Team-16,Bun-Team-09,FINISHED,0.0,1.0,0.61,0.99,5.43,3.02,1.83,3.22,1.36,3.76,1.28,True
3586,Bundesliga (Germany),2024,2025-09-11 21:00:00,Bun-Team-11,Bun-Team-10,FINISHED,1.0,3.0,1.08,1.47,3.07,3.51,2.23,1.92,1.9,2.14,1.72,True
3587,Bundesliga (Germany),2024,2025-09-11 16:00:00,Bun-Team-02,Bun-Team-14,FINISHED,1.0,1.0,1.76,1.75,1.98,4.21,3.16,1.48,2.65,1.49,2.63,True
3588,Bundesliga (Germany),2024,2025-09-11 18:00:00,Bun-Team-01,Bun-Team-15,FINISHED,0.0,2.0,0.61,1.23,3.38,3.0,2.31,2.56,1.52,3.2,1.36,True
3589,Bundesliga (Germany),2024,2025-09-11 13:00:00,Bun-Team-03,Bun-Team-06,FINISHED,0.0,2.0,0.65,1.95,5.64,3.87,1.59,2.24,1.67,2.24,1.66,True
3590,Bundesliga (Germany),2024,2025-09-11 18:00:00,Bun-Team-07,Bun-Team-13,FINISHED,2.0,3.0,1.76,1.46,2.0,3.84,3.32,1.67,2.21,1.72,2.1,True
3591,Bundesliga (Germany),2024,2025-09-11 16:00:00,Bun-Team-12,Bun-Team-04,FINISHED,0.0,0.0,2.24,0.84,1.45,4.48,6.61,2.1,1.76,1.88,1.93,True
3592,Bundesliga (Germany),2024,2025-09-11 16:00:00,Bun-Team-08,Bun-Team-05,FINISHED,0.0,2.0,1.04,1.11,4.52,2.69,2.15,3.57,1.31,4.75,1.19,True
3593,Ligue 1 (France),2024,2025-09-11 13:00:00,Lig-Team-14,Lig-Team-05,FINISHED,2.0,0.0,1.69,1.37,2.03,3.5,3.58,2.02,1.8,2.24,1.64,True
3594,Ligue 1 (France),2024,2025-09-11 13:00:00,Lig-Team-15,Lig-Team-01,FINISHED,3.0,2.0,2.19,0.82,1.51,4.53,5.8,1.83,1.97,1.71,2.18,True
3595,Ligue 1 (France),2024,2025-09-11 21:00:00,Lig-Team-09,Lig-Team-06,FINISHED,3.0,0.0,1.72,1.15,1.65,4.2,4.66,1.78,2.04,1.76,2.1,True
3596,Ligue 1 (France),2024,2025-09-11 21:00:00,Lig-Team-08,Lig-Team-16,FINISHED,0.0,1.0,0.89,0.82,3.34,2.34,3.0,4.24,1.22,6.77,1.11,True
3597,Ligue 1 (France),2024,2025-09-11 13:00:00,Lig-Team-07,Lig-Team-12,FINISHED,5.0,2.0,1.48,0.89,2.12,3.07,3.72,2.49,1.54,3.01,1.38,True
3598,Ligue 1 (France),2024,2025-09-11 13:00:00,Lig-Team-03,Lig-Team-02,FINISHED,2.0,0.0,0.76,0.74,2.29,2.53,4.35,3.88,1.26,5.6,1.14,True
3599,Ligue 1 (France),2024,2025-09-11 13:00:00,Lig-Team-04,Lig-Team-10,FINISHED,1.0,0.0,1.54,0.36,1.62,3.41,7.08,3.25,1.34,3.32,1.35,True
3600,Ligue 1 (France),2024,2025-09-11 13:00:00,Lig-Team-11,Lig-Team-13,FINISHED,0.0,0.0,1.03,0.79,1.96,3.26,4.19,2.45,1.56,2.81,1.44,True
3601,Premier League (England),2024,2025-09-17 16:00:00,Pre-Team-14,Pre-Team-06,FINISHED,1.0,0.0,0.96,1.29,2.49,2.87,3.25,2.76,1.46,3.63,1.28,True
3602,Premier League (England),2024,2025-09-17 16:00:00,Pre-Team-15,Pre-Team-11,FINISHED,1.0,0.0,0.83,1.56,3.37,3.6,2.04,1.86,1.93,2.03,1.79,True
3603,Premier League (England),2024,2025-09-17 21:00:00,Pre-Team-12,Pre-Team-08,FINISHED,0.0,0.0,1.16,1.23,1.9,3.47,4.02,2.14,1.72,2.36,1.6,True
3604,Premier League (England),2024,2025-09-17 21:00:00,Pre-Team-07,Pre-Team-09,FINISHED,2.0,3.0,1.14,1.11,3.02,3.63,2.23,1.81,2.03,1.97,1.86,True
3605,Premier League (England),2024,2025-09-17 16:00:00,Pre-Team-01,Pre-Team-10,FINISHED,0.0,0.0,2.18,0.94,1.41,4.81,7.04,1.98,1.84,1.72,2.12,True
3606,Premier League (England),2024,2025-09-17 18:00:00,Pre-Team-03,Pre-Team-16,FINISHED,1.0,1.0,0.88,1.04,3.24,2.79,2.61,2.96,1.39,4.05,1.25,True
3607,Premier League (England),2024,2025-09-17 18:00:00,Pre-Team-02,Pre-Team-13,FINISHED,1.0,0.0,1.39,0.79,1.72,3.36,5.49,2.77,1.45,2.99,1.4,True
3608,Premier League (England),2024,2025-09-17 21:00:00,Pre-Team-04,Pre-Team-05,FINISHED,1.0,0.0,1.24,0.5,1.72,3.55,5.01,2.37,1.58,2.51,1.55,True
3609,La Liga (Spain),2024,2025-09-17 16:00:00,La -Team-15,La -Team-10,FINISHED,2.0,1.0,1.17,1.09,2.58,3.33,2.71,2.05,1.79,2.36,1.59,True
3610,La Liga (Spain),2024,2025-09-17 13:00:00,La -Team-11,La -Team-03,FINISHED,2.0,0.0,1.91,0.48,1.53,4.42,5.56,1.85,1.94,1.74,2.11,True
3611,La Liga (Spain),2024,2025-09-17 16:00:00,La -Team-06,La -Team-08,FINISHED,0.0,0.0,0.93,0.98,2.89,2.91,2.71,2.6,1.52,3.25,1.33,True
3612,La Liga (Spain),2024,2025-09-17 13:00:00,La -Team-07,La -Team-14,FINISHED,1.0,0.0,0.63,1.28,5.47,3.29,1.74,2.86,1.42,3.12,1.36,True
3613,La Liga (Spain),2024,2025-09-17 16:00:00,La -Team-02,La -Team-13,FINISHED,3.0,1.0,1.3,1.0,2.0,3.76,3.42,1.76,2.06,1.88,1.91,True
3614,La Liga (Spain),2024,2025-09-17 21:00:00,La -Team-16,La -Team-12,FINISHED,1.0,1.0,0.49,1.53,6.72,4.2,1.48,2.27,1.64,2.09,1.75,True
3615,La Liga (Spain),2024,2025-09-17 21:00:00,La -Team-09,La -Team-01,FINISHED,4.0,0.0,1.76,1.96,2.43,4.25,2.4,1.38,3.08,1.38,3.06,True
3616,La Liga (Spain),2024,2025-09-17 16:00:00,La -Team-04,La -Team-05,FINISHED,0.0,0.0,0.89,0.89,3.79,3.06,2.15,2.62,1.49,3.22,1.35,True
3617,Serie A (Italy),2024,2025-09-17 18:00:00,Ser-Team-13,Ser-Team-14,FINISHED,0.0,0.0,0.87,0.76,3.02,2.81,2.68,2.82,1.44,3.73,1.28,True
3618,Serie A (Italy),2024,2025-09-17 13:00:00,Ser-Team-06,Ser-Team-09,FINISHED,1.0,1.0,0.57,0.9,5.73,2.29,2.23,5.54,1.15,8.49,1.07,True
3619,Serie A (Italy),2024,2025-09-17 18:00:00,Ser-Team-16,Ser-Team-10,FINISHED,0.0,3.0,1.32,2.65,4.4,4.69,1.61,1.5,2.57,1.44,2.82,True
3620,Serie A (Italy),2024,2025-09-17 13:00:00,Ser-Team-01,Ser-Team-03,FINISHED,0.0,0.0,1.59,0.79,1.62,4.01,5.38,2.07,1.77,2.05,1.79,True
3621,Serie A (Italy),2024,2025-09-17 13:00:00,Ser-Team-08,Ser-Team-02,FINISHED,3.0,1.0,0.98,1.95,5.13,4.38,1.58,1.77,2.06,1.7,2.17,True
3622,Serie A (Italy),2024,2025-09-17 16:00:00,Ser-Team-07,Ser-Team-15,FINISHED,0.0,0.0,1.58,0.88,2.0,3.37,3.79,2.19,1.69,2.46,1.55,True
3623,Serie A (Italy),2024,2025-09-17 16:00:00,Ser-Team-04,Ser-Team-05,FINISHED,2.0,1.0,1.1,0.83,2.39,2.76,3.56,3.07,1.39,4.11,1.24,True
3624,Serie A (Italy),2024,2025-09-17 21:00:00,Ser-Team-11,Ser-Team-12,FINISHED,2.0,2.0,0.61,1.49,3.98,3.46,1.93,2.12,1.72,2.37,1.59,True
3625,Bundesliga (Germany),2024,2025-09-17 13:00:00,Bun-Team-09,Bun-Team-12,FINISHED,0.0,1.0,1.15,0.72,2.36,2.91,3.4,2.72,1.47,3.45,1.31,True
3626,Bundesliga (Germany),2024,2025-09-17 16:00:00,Bun-Team-02,Bun-Team-08,FINISHED,0.0,0.0,1.3,0.49,1.82,3.08,5.6,3.19,1.35,3.68,1.29,True
3627,Bundesliga (Germany),2024,2025-09-17 16:00:00,Bun-Team-04,Bun-Team-13,FINISHED,3.0,1.0,1.96,1.57,2.63,3.81,2.4,1.63,2.31,1.71,2.15,True
3628,Bundesliga (Germany),2024,2025-09-17 18:00:00,Bun-Team-01,Bun-Team-06,FINISHED,0.0,1.0,1.14,1.44,2.81,3.59,2.33,1.78,2.03,1.95,1.86,True
3629,Bundesliga (Germany),2024,2025-09-17 16:00:00,Bun-Team-15,Bun-Team-05,FINISHED,3.0,0.0,1.41,0.7,1.82,3.14,5.04,2.85,1.42,3.3,1.35,True
3630,Bundesliga (Germany),2024,2025-09-17 21:00:00,Bun-Team-14,Bun-Team-07,FINISHED,3.0,1.0,2.19,1.8,2.44,4.06,2.48,1.46,2.74,1.5,2.64,True
3631,Bundesliga (Germany),2024,2025-09-17 21:00:00,Bun-Team-16,Bun-Team-03,FINISHED,2.0,1.0,1.19,0.42,2.31,2.9,3.57,2.83,1.43,3.65,1.28,True
3632,Bundesliga (Germany),2024,2025-09-17 21:00:00,Bun-Team-10,Bun-Team-11,FINISHED,3.0,0.0,1.87,1.31,1.76,3.79,4.37,1.98,1.84,2.06,1.77,True
3633,Ligue 1 (France),2024,2025-09-17 21:00:00,Lig-Team-01,Lig-Team-11,FINISHED,2.0,0.0,1.2,0.99,2.89,3.44,2.36,1.95,1.87,2.15,1.71,True
3634,Ligue 1 (France),2024,2025-09-17 21:00:00,Lig-Team-08,Lig-Team-14,FINISHED,0.0,1.0,0.84,0.94,3.15,2.96,2.47,2.54,1.51,3.22,1.35,True
3635,Ligue 1 (France),2024,2025-09-17 21:00:00,Lig-Team-04,Lig-Team-13,FINISHED,0.0,0.0,0.49,0.62,2.37,2.61,3.98,3.66,1.29,5.14,1.17,True
3636,Ligue 1 (France),2024,2025-09-17 18:00:00,Lig-Team-09,Lig-Team-06,FINISHED,3.0,4.0,1.95,0.98,1.66,4.17,4.63,1.78,2.04,1.76,2.07,True
3637,Ligue 1 (France),2024,2025-09-17 16:00:00,Lig-Team-15,Lig-Team-16,FINISHED,4.0,0.0,1.68,0.37,1.61,3.63,6.1,2.61,1.49,2.62,1.49,True
3638,Ligue 1 (France),2024,2025-09-17 16:00:00,Lig-Team-05,Lig-Team-12,FINISHED,1.0,1.0,0.89,1.46,3.36,3.14,2.24,2.36,1.61,2.85,1.44,True
3639,Ligue 1 (France),2024,2025-09-17 21:00:00,Lig-Team-07,Lig-Team-10,FINISHED,1.0,0.0,1.57,0.76,1.34,4.64,10.14,2.78,1.45,2.19,1.68,True
3640,Ligue 1 (France),2024,2025-09-17 21:00:00,Lig-Team-02,Lig-Team-03,FINISHED,0.0,2.0,0.98,0.81,3.28,2.43,2.88,3.85,1.27,5.93,1.14,True
3641,Premier League (England),2024,2025-09-18 16:00:00,Pre-Team-11,Pre-Team-01,FINISHED,2.0,0.0,1.73,1.21,1.91,3.94,3.49,1.68,2.22,1.73,2.1,True
3642,Premier League (England),2024,2025-09-18 18:00:00,Pre-Team-03,Pre-Team-13,FINISHED,0.0,0.0,1.27,0.8,2.38,3.1,3.16,2.4,1.59,2.93,1.41,True
3643,Premier League (England),2024,2025-09-18 13:00:00,Pre-Team-10,Pre-Team-06,FINISHED,2.0,2.0,0.83,1.19,3.3,3.49,2.16,1.96,1.88,2.2,1.68,True
3644,Premier League (England),2024,2025-09-18 16:00:00,Pre-Team-05,Pre-Team-02,FINISHED,0.0,0.0,0.75,0.97,3.52,2.88,2.32,2.74,1.44,3.55,1.31,True
3645,Premier League (England),2024,2025-09-18 13:00:00,Pre-Team-07,Pre-Team-04,FINISHED,0.0,2.0,1.1,2.78,7.43,5.91,1.33,1.56,2.45,1.32,3.45,True
3646,Premier League (England),2024,2025-09-18 18:00:00,Pre-Team-12,Pre-Team-14,FINISHED,1.0,2.0,1.15,1.17,2.63,3.24,2.68,2.15,1.73,2.5,1.55,True
3647,Premier League (England),2024,2025-09-18 21:00:00,Pre-Team-08,Pre-Team-15,FINISHED,0.0,2.0,0.82,0.68,3.58,2.83,2.34,2.92,1.41,3.79,1.27,True
3648,Premier League (England),2024,2025-09-18 16:00:00,Pre-Team-09,Pre-Team-16,FINISHED,1.0,0.0,0.61,1.17,3.69,2.48,2.6,3.82,1.27,5.72,1.14,True
3649,La Liga (Spain),2024,2025-09-18 13:00:00,La -Team-11,La -Team-16,FINISHED,5.0,0.0,1.66,0.74,1.68,3.46,5.77,2.7,1.46,2.82,1.43,True
3650,La Liga (Spain),2024,2025-09-18 16:00:00,La -Team-09,La -Team-15,FINISHED,2.0,4.0,1.52,2.09,2.85,3.86,2.25,1.62,2.32,1.68,2.17,True
3651,La Liga (Spain),2024,2025-09-18 21:00:00,La -Team-13,La -Team-10,FINISHED,0.0,3.0,1.01,1.19,2.91,3.27,2.41,2.12,1.72,2.52,1.54,True
3652,La Liga (Spain),2024,2025-09-18 13:00:00,La -Team-02,La -Team-07,FINISHED,1.0,2.0,1.73,0.92,1.64,4.07,4.94,1.92,1.88,1.92,1.9,True
3653,La Liga (Spain),2024,2025-09-18 21:00:00,La -Team-12,La -Team-08,FINISHED,4.0,0.0,1.12,0.71,1.98,3.11,4.29,2.67,1.48,3.19,1.36,True
3654,La Liga (Spain),2024,2025-09-18 18:00:00,La -Team-05,La -Team-03,FINISHED,4.0,0.0,2.55,0.67,1.28,6.42,8.68,1.6,2.36,1.29,3.52,True
3655,La Liga (Spain),2024,2025-09-18 13:00:00,La -Team-14,La -Team-06,FINISHED,1.0,0.0,1.36,0.96,1.82,3.45,4.5,2.32,1.63,2.55,1.52,True
3656,La Liga (Spain),2024,2025-09-18 13:00:00,La -Team-01,La -Team-04,FINISHED,1.0,1.0,1.2,0.95,2.31,3.15,3.26,2.34,1.61,2.83,1.43,True
3657,Serie A (Italy),2024,2025-09-18 16:00:00,Ser-Team-04,Ser-Team-09,FINISHED,0.0,2.0,1.39,0.65,1.95,3.1,4.54,2.74,1.45,3.25,1.34,True
3658,Serie A (Italy),2024,2025-09-18 16:00:00,Ser-Team-15,Ser-Team-05,FINISHED,2.0,0.0,0.45,0.57,3.97,2.93,2.15,2.84,1.43,3.58,1.28,True
3659,Serie A (Italy),2024,2025-09-18 21:00:00,Ser-Team-07,Ser-Team-02,FINISHED,4.0,0.0,0.93,1.09,2.88,3.14,2.58,2.34,1.6,2.87,1.43,True
3660,Serie A (Italy),2024,2025-09-18 16:00:00,Ser-Team-11,Ser-Team-13,FINISHED,0.0,0.0,0.8,0.64,3.15,2.9,2.5,2.63,1.49,3.38,1.32,True
3661,Serie A (Italy),2024,2025-09-18 18:00:00,Ser-Team-06,Ser-Team-12,FINISHED,0.0,0.0,0.8,1.24,6.95,2.69,1.84,4.67,1.21,5.66,1.14,True
3662,Serie A (Italy),2024,2025-09-18 21:00:00,Ser-Team-01,Ser-Team-16,FINISHED,1.0,0.0,1.92,0.42,1.27,5.64,10.03,2.16,1.71,1.69,2.19,True
3663,Serie A (Italy),2024,2025-09-18 21:00:00,Ser-Team-10,Ser-Team-14,FINISHED,0.0,1.0,1.16,1.03,2.36,3.51,2.86,1.88,1.94,2.08,1.76,True
3664,Serie A (Italy),2024,2025-09-18 18:00:00,Ser-Team-08,Ser-Team-03,FINISHED,0.0,5.0,1.31,1.88,3.66,4.57,1.76,1.4,2.98,1.35,3.19,True
3665,Bundesliga (Germany),2024,2025-09-18 13:00:00,Bun-Team-04,Bun-Team-07,FINISHED,0.0,2.0,1.25,1.37,3.0,3.45,2.27,1.93,1.9,2.13,1.71,True
3666,Bundesliga (Germany),2024,2025-09-18 21:00:00,Bun-Team-09,Bun-Team-10,FINISHED,2.0,0.0,1.07,0.34,1.93,2.94,4.93,3.13,1.37,3.84,1.27,True
3667,Bundesliga (Germany),2024,2025-09-18 21:00:00,Bun-Team-14,Bun-Team-08,FINISHED,0.0,3.0,1.95,1.36,1.65,3.86,5.2,2.14,1.72,2.16,1.71,True
3668,Bundesliga (Germany),2024,2025-09-18 21:00:00,Bun-Team-06,Bun-Team-16,FINISHED,0.0,2.0,1.97,0.63,1.37,4.86,7.88,2.16,1.73,1.8,2.01,True
3669,Bundesliga (Germany),2024,2025-09-18 18:00:00,Bun-Team-03,Bun-Team-02,FINISHED,1.0,0.0,0.99,1.21,3.56,3.05,2.23,2.5,1.53,3.08,1.37,True
3670,Bundesliga (Germany),2024,2025-09-18 18:00:00,Bun-Team-05,Bun-Team-01,FINISHED,1.0,1.0,1.13,0.87,2.5,3.13,2.94,2.3,1.62,2.81,1.43,True
3671,Bundesliga (Germany),2024,2025-09-18 16:00:00,Bun-Team-12,Bun-Team-11,FINISHED,3.0,0.0,2.34,0.9,1.39,5.03,7.24,1.89,1.93,1.66,2.28,True
3672,Bundesliga (Germany),2024,2025-09-18 21:00:00,Bun-Team-13,Bun-Team-15,FINISHED,3.0,2.0,0.59,1.85,3.98,3.6,1.88,2.05,1.8,2.19,1.7,True
3673,Ligue 1 (France),2024,2025-09-18 21:00:00,Lig-Team-16,Lig-Team-15,FINISHED,0.0,1.0,1.23,1.75,4.24,3.21,1.96,2.49,1.54,2.9,1.41,True
3674,Ligue 1 (France),2024,2025-09-18 18:00:00,Lig-Team-11,Lig-Team-08,FINISHED,4.0,0.0,1.21,0.92,1.71,3.26,5.88,3.05,1.37,3.36,1.33,True
3675,Ligue 1 (France),2024,2025-09-18 21:00:00,Lig-Team-13,Lig-Team-10,FINISHED,0.0,0.0,1.38,0.26,1.64,3.6,5.79,2.56,1.51,2.65,1.5,True
3676,Ligue 1 (France),2024,2025-09-18 21:00:00,Lig-Team-14,Lig-Team-01,FINISHED,3.0,0.0,1.56,0.98,2.21,3.68,2.94,1.73,2.1,1.84,1.94,True
3677,Ligue 1 (France),2024,2025-09-18 16:00:00,Lig-Team-12,Lig-Team-04,FINISHED,1.0,2.0,0.31,0.56,2.43,2.72,3.52,3.13,1.37,4.23,1.23,True
3678,Ligue 1 (France),2024,2025-09-18 13:00:00,Lig-Team-03,Lig-Team-07,FINISHED,1.0,1.0,0.87,1.26,3.79,2.74,2.33,3.19,1.36,4.39,1.22,True
3679,Ligue 1 (France),2024,2025-09-18 18:00:00,Lig-Team-09,Lig-Team-02,FINISHED,1.0,0.0,1.25,0.99,1.73,3.12,6.28,3.33,1.33,3.66,1.3,True
3680,Ligue 1 (France),2024,2025-09-18 21:00:00,Lig-Team-05,Lig-Team-06,FINISHED,0.0,1.0,1.87,1.63,2.42,3.64,2.68,1.74,2.12,1.86,1.94,True
3681,Premier League (England),2024,2025-09-24 13:00:00,Pre-Team-15,Pre-Team-09,FINISHED,0.0,1.0,1.02,0.83,2.55,2.83,3.18,2.82,1.44,3.74,1.28,True
3682,Premier League (England),2024,2025-09-24 18:00:00,Pre-Team-04,Pre-Team-08,FINISHED,0.0,0.0,1.98,0.43,1.3,4.9,11.61,2.92,1.41,2.19,1.67,True
3683,Premier League (England),2024,2025-09-24 16:00:00,Pre-Team-16,Pre-Team-03,FINISHED,1.0,0.0,0.92,0.69,2.06,2.92,4.33,3.06,1.39,3.82,1.27,True
3684,Premier League (England),2024,2025-09-24 16:00:00,Pre-Team-12,Pre-Team-01,FINISHED,0.0,2.0,1.48,1.47,3.41,4.02,1.94,1.61,2.32,1.64,2.26,True
3685,Premier League (England),2024,2025-09-24 13:00:00,Pre-Team-11,Pre-Team-10,FINISHED,4.0,1.0,2.58,0.73,1.25,6.11,9.47,1.85,1.96,1.47,2.74,True
3686,Premier League (England),2024,2025-09-24 16:00:00,Pre-Team-06,Pre-Team-13,FINISHED,0.0,0.0,1.15,1.34,2.65,3.09,2.84,2.38,1.59,2.89,1.4,True
3687,Premier League (England),2024,2025-09-24 18:00:00,Pre-Team-14,Pre-Team-02,FINISHED,0.0,0.0,0.6,1.53,4.48,2.84,2.04,3.14,1.35,4.06,1.24,True
3688,Premier League (England),2024,2025-09-24 13:00:00,Pre-Team-05,Pre-Team-07,FINISHED,2.0,1.0,1.71,1.22,1.49,4.56,5.71,1.79,2.01,1.69,2.21,True
3689,La Liga (Spain),2024,2025-09-24 18:00:00,La -Team-09,La -Team-07,FINISHED,2.0,0.0,1.93,0.93,1.95,3.77,3.48,1.76,2.05,1.87,1.94,True
3690,La Liga (Spain),2024,2025-09-24 21:00:00,La -Team-14,La -Team-04,FINISHED,0.0,3.0,1.36,0.57,1.75,3.13,5.89,3.24,1.34,3.61,1.29,True
3691,La Liga (Spain),2024,2025-09-24 18:00:00,La -Team-15,La -Team-03,FINISHED,3.0,0.0,2.04,1.12,1.57,4.54,4.81,1.64,2.26,1.56,2.47,True
3692,La Liga (Spain),2024,2025-09-24 16:00:00,La -Team-11,La -Team-05,FINISHED,0.0,1.0,0.88,1.42,2.88,3.04,2.61,2.43,1.58,2.97,1.4,True
3693,La Liga (Spain),2024,2025-09-24 13:00:00,La -Team-16,La -Team-06,FINISHED,2.0,1.0,1.07,1.1,3.72,3.45,2.01,2.09,1.76,2.34,1.61,True
3694,La Liga (Spain),2024,2025-09-24 18:00:00,La -Team-12,La -Team-01,FINISHED,1.0,0.0,1.96,0.81,1.42,4.71,6.82,1.99,1.84,1.74,2.11,True
3695,La Liga (Spain),2024,2025-09-24 21:00:00,La -Team-08,La -Team-13,FINISHED,1.0,1.0,1.13,0.56,1.94,2.99,4.72,2.97,1.4,3.67,1.3,True
3696,La Liga (Spain),2024,2025-09-24 13:00:00,La -Team-10,La -Team-02,FINISHED,4.0,0.0,1.76,1.17,1.89,4.16,3.44,1.53,2.52,1.53,2.49,True
3697,Serie A (Italy),2024,2025-09-24 16:00:00,Ser-Team-06,Ser-Team-11,FINISHED,0.0,0.0,0.53,0.78,4.22,2.18,2.73,5.22,1.17,8.88,1.07,True
3698,Serie A (Italy),2024,2025-09-24 16:00:00,Ser-Team-03,Ser-Team-09,FINISHED,0.0,2.0,1.65,1.39,2.5,3.34,2.76,2.01,1.8,2.32,1.62,True
3699,Serie A (Italy),2024,2025-09-24 16:00:00,Ser-Team-04,Ser-Team-12,FINISHED,2.0,0.0,1.7,1.22,2.18,3.2,3.48,2.3,1.62,2.71,1.46,True
3700,Serie A (Italy),2024,2025-09-24 16:00:00,Ser-Team-02,Ser-Team-16,FINISHED,3.0,1.0,2.01,0.56,1.45,4.34,6.84,2.19,1.69,2.01,1.82,True
3701,Serie A (Italy),2024,2025-09-24 18:00:00,Ser-Team-15,Ser-Team-14,FINISHED,0.0,2.0,0.76,1.09,3.64,3.06,2.2,2.58,1.52,3.2,1.36,True
3702,Serie A (Italy),2024,2025-09-24 21:00:00,Ser-Team-08,Ser-Team-07,FINISHED,1.0,0.0,1.74,2.02,3.79,4.41,1.77,1.49,2.65,1.47,2.74,True
3703,Serie A (Italy),2024,2025-09-24 16:00:00,Ser-Team-13,Ser-Team-10,FINISHED,0.0,1.0,1.0,1.06,2.63,3.43,2.56,1.95,1.87,2.21,1.68,True
3704,Serie A (Italy),2024,2025-09-24 18:00:00,Ser-Team-01,Ser-Team-05,FINISHED,2.0,1.0,1.31,0.94,2.26,2.93,3.71,2.82,1.44,3.63,1.3,True
3705,Bundesliga (Germany),2024,2025-09-24 13:00:00,Bun-Team-15,Bun-Team-08,FINISHED,2.0,0.0,1.49,0.41,1.48,3.47,10.69,4.45,1.21,3.86,1.27,True
3706,Bundesliga (Germany),2024,2025-09-24 13:00:00,Bun-Team-03,Bun-Team-02,FINISHED,1.0,1.0,0.81,1.01,3.5,3.04,2.22,2.54,1.53,3.1,1.37,True
3707,Bundesliga (Germany),2024,2025-09-24 16:00:00,Bun-Team-12,Bun-Team-14,FINISHED,1.0,1.0,2.73,0.98,1.45,5.11,5.64,1.54,2.47,1.41,2.98,True
3708,Bundesliga (Germany),2024,2025-09-24 18:00:00,Bun-Team-05,Bun-Team-09,FINISHED,0.0,0.0,0.59,0.69,3.55,2.73,2.43,3.11,1.37,4.2,1.23,True
3709,Bundesliga (Germany),2024,2025-09-24 13:00:00,Bun-Team-04,Bun-Team-13,FINISHED,1.0,2.0,1.59,1.6,2.64,3.83,2.4,1.62,2.33,1.71,2.16,True
3710,Bundesliga (Germany),2024,2025-09-24 21:00:00,Bun-Team-11,Bun-Team-01,FINISHED,2.0,1.0,1.23,1.33,3.37,3.68,2.03,1.8,2.0,1.94,1.86,True
3711,Bundesliga (Germany),2024,2025-09-24 13:00:00,Bun-Team-07,Bun-Team-16,FINISHED,0.0,0.0,1.23,0.76,1.73,3.58,4.91,2.28,1.64,2.44,1.57,True
3712,Bundesliga (Germany),2024,2025-09-24 21:00:00,Bun-Team-06,Bun-Team-10,FINISHED,3.0,0.0,1.55,1.21,1.74,3.82,4.52,1.98,1.84,2.04,1.79,True
3713,Ligue 1 (France),2024,2025-09-24 18:00:00,Lig-Team-08,Lig-Team-13,FINISHED,1.0,0.0,0.71,0.83,3.39,2.56,2.7,3.51,1.31,5.14,1.17,True
3714,Ligue 1 (France),2024,2025-09-24 21:00:00,Lig-Team-16,Lig-Team-04,FINISHED,0.0,1.0,0.64,0.09,3.34,2.32,3.0,4.29,1.22,7.03,1.1,True
3715,Ligue 1 (France),2024,2025-09-24 16:00:00,Lig-Team-12,Lig-Team-07,FINISHED,2.0,0.0,1.0,0.89,2.77,2.98,2.73,2.49,1.54,3.09,1.37,True
3716,Ligue 1 (France),2024,2025-09-24 13:00:00,Lig-Team-01,Lig-Team-09,FINISHED,1.0,3.0,1.24,1.07,3.06,3.28,2.34,2.13,1.73,2.45,1.56,True
3717,Ligue 1 (France),2024,2025-09-24 21:00:00,Lig-Team-06,Lig-Team-10,FINISHED,3.0,0.0,1.94,1.03,1.48,4.77,5.7,1.71,2.16,1.56,2.44,True
3718,Ligue 1 (France),2024,2025-09-24 13:00:00,Lig-Team-14,Lig-Team-02,FINISHED,1.0,2.0,1.19,0.98,1.93,3.22,4.34,2.53,1.55,2.92,1.42,True
3719,Ligue 1 (France),2024,2025-09-24 18:00:00,Lig-Team-15,Lig-Team-05,FINISHED,3.0,1.0,1.85,0.6,1.43,4.47,7.11,2.19,1.69,1.96,1.87,True
3720,Ligue 1 (France),2024,2025-09-24 18:00:00,Lig-Team-03,Lig-Team-11,FINISHED,1.0,1.0,0.91,0.73,3.29,2.92,2.4,2.67,1.48,3.43,1.32,True
3721,Premier League (England),2024,2025-09-25 13:00:00,Pre-Team-15,Pre-Team-16,FINISHED,1.0,0.0,0.9,0.7,3.56,2.7,2.43,3.16,1.37,4.35,1.22,True
3722,Premier League (England),2024,2025-09-25 16:00:00,Pre-Team-02,Pre-Team-05,FINISHED,1.0,1.0,1.11,0.75,1.88,3.14,4.92,2.86,1.43,3.32,1.35,True
3723,Premier League (England),2024,2025-09-25 13:00:00,Pre-Team-04,Pre-Team-01,FINISHED,4.0,0.0,1.72,0.84,1.68,4.0,4.63,1.9,1.93,1.89,1.89,True
3724,Premier League (England),2024,2025-09-25 16:00:00,Pre-Team-12,Pre-Team-09,FINISHED,1.0,2.0,1.28,1.35,2.68,3.32,2.58,2.05,1.79,2.36,1.6,True
3725,Premier League (England),2024,2025-09-25 13:00:00,Pre-Team-06,Pre-Team-08,FINISHED,1.0,0.0,0.97,0.89,1.86,3.15,4.91,2.83,1.43,3.25,1.34,True
3726,Premier League (England),2024,2025-09-25 18:00:00,Pre-Team-03,Pre-Team-11,FINISHED,0.0,4.0,0.98,1.21,3.03,3.63,2.19,1.78,2.04,1.91,1.89,True
3727,Premier League (England),2024,2025-09-25 21:00:00,Pre-Team-10,Pre-Team-14,FINISHED,0.0,2.0,0.8,1.3,3.35,3.04,2.27,2.51,1.54,3.07,1.37,True
3728,Premier League (England),2024,2025-09-25 16:00:00,Pre-Team-07,Pre-Team-13,FINISHED,1.0,0.0,1.17,1.55,3.29,3.93,1.98,1.67,2.25,1.72,2.13,True
3729,La Liga (Spain),2024,2025-09-25 16:00:00,La -Team-10,La -Team-03,FINISHED,1.0,3.0,2.62,0.63,1.4,5.48,6.05,1.52,2.63,1.34,3.35,True
3730,La Liga (Spain),2024,2025-09-25 13:00:00,La -Team-01,La -Team-12,FINISHED,1.0,4.0,0.68,1.85,4.42,3.92,1.72,1.89,1.93,1.91,1.92,True
3731,La Liga (Spain),2024,2025-09-25 21:00:00,La -Team-05,La -Team-09,FINISHED,2.0,3.0,2.93,1.13,1.36,5.66,7.06,1.59,2.36,1.36,3.1,True
3732,La Liga (Spain),2024,2025-09-25 21:00:00,La -Team-16,La -Team-11,FINISHED,0.0,0.0,0.66,1.29,4.02,3.11,2.03,2.61,1.5,3.13,1.37,True
3733,La Liga (Spain),2024,2025-09-25 16:00:00,La -Team-06,La -Team-15,FINISHED,1.0,2.0,0.96,0.99,2.23,3.26,3.3,2.2,1.68,2.56,1.5,True
3734,La Liga (Spain),2024,2025-09-25 21:00:00,La -Team-08,La -Team-07,FINISHED,1.0,0.0,1.45,0.74,1.67,3.2,6.6,3.34,1.33,3.58,1.3,True
3735,La Liga (Spain),2024,2025-09-25 18:00:00,La -Team-04,La -Team-02,FINISHED,1.0,2.0,0.96,0.99,2.63,3.32,2.65,2.05,1.8,2.35,1.59,True
3736,La Liga (Spain),2024,2025-09-25 13:00:00,La -Team-14,La -Team-13,FINISHED,4.0,1.0,1.22,0.6,1.69,3.42,5.63,2.68,1.47,2.85,1.44,True
3737,Serie A (Italy),2024,2025-09-25 18:00:00,Ser-Team-15,Ser-Team-03,FINISHED,0.0,2.0,1.14,0.7,2.61,3.39,2.58,1.97,1.85,2.27,1.65,True
3738,Serie A (Italy),2024,2025-09-25 13:00:00,Ser-Team-07,Ser-Team-12,FINISHED,0.0,2.0,1.02,1.42,2.98,3.48,2.3,1.92,1.89,2.14,1.72,True
3739,Serie A (Italy),2024,2025-09-25 21:00:00,Ser-Team-14,Ser-Team-09,FINISHED,1.0,0.0,1.58,0.62,2.12,3.04,3.81,2.65,1.49,3.26,1.35,True
3740,Serie A (Italy),2024,2025-09-25 13:00:00,Ser-Team-01,Ser-Team-16,FINISHED,2.0,2.0,2.61,0.47,1.28,5.58,10.09,2.18,1.71,1.68,2.18,True
3741,Serie A (Italy),2024,2025-09-25 18:00:00,Ser-Team-05,Ser-Team-02,FINISHED,5.0,2.0,0.8,0.75,2.37,2.76,3.6,3.06,1.38,4.1,1.24,True
3742,Serie A (Italy),2024,2025-09-25 21:00:00,Ser-Team-13,Ser-Team-04,FINISHED,1.0,0.0,0.98,0.77,3.47,2.82,2.41,2.91,1.4,3.88,1.26,True
3743,Serie A (Italy),2024,2025-09-25 21:00:00,Ser-Team-08,Ser-Team-10,FINISHED,0.0,3.0,1.34,2.44,5.27,5.57,1.44,1.36,3.23,1.21,4.32,True
3744,Serie A (Italy),2024,2025-09-25 16:00:00,Ser-Team-06,Ser-Team-11,FINISHED,0.0,1.0,0.6,0.7,4.2,2.19,2.72,5.21,1.16,8.86,1.06,True
3745,Bundesliga (Germany),2024,2025-09-25 18:00:00,Bun-Team-15,Bun-Team-09,FINISHED,1.0,0.0,0.43,0.9,2.52,2.59,3.62,3.48,1.32,4.89,1.18,True
3746,Bundesliga (Germany),2024,2025-09-25 21:00:00,Bun-Team-06,Bun-Team-08,FINISHED,2.0,0.0,2.06,0.29,1.38,4.38,9.65,2.94,1.42,2.39,1.59,True
3747,Bundesliga (Germany),2024,2025-09-25 21:00:00,Bun-Team-12,Bun-Team-16,FINISHED,3.0,0.0,2.04,0.51,1.44,4.29,7.58,2.43,1.56,2.17,1.7,True
3748,Bundesliga (Germany),2024,2025-09-25 16:00:00,Bun-Team-13,Bun-Team-03,FINISHED,1.0,1.0,1.87,1.02,1.68,3.78,4.8,2.1,1.73,2.17,1.72,True
3749,Bundesliga (Germany),2024,2025-09-25 18:00:00,Bun-Team-10,Bun-Team-05,FINISHED,0.0,1.0,0.93,0.92,2.46,2.97,3.08,2.47,1.54,3.12,1.37,True
3750,Bundesliga (Germany),2024,2025-09-25 16:00:00,Bun-Team-07,Bun-Team-11,FINISHED,2.0,1.0,1.94,1.23,1.69,4.06,4.49,1.78,2.03,1.78,2.05,True
3751,Bundesliga (Germany),2024,2025-09-25 13:00:00,Bun-Team-01,Bun-Team-14,FINISHED,1.0,1.0,1.98,1.37,1.74,4.35,3.87,1.55,2.5,1.5,2.59,True
3752,Bundesliga (Germany),2024,2025-09-25 13:00:00,Bun-Team-04,Bun-Team-02,FINISHED,1.0,1.0,1.38,1.04,2.75,3.43,2.45,1.95,1.88,2.17,1.69,True
3753,Ligue 1 (France),2024,2025-09-25 13:00:00,Lig-Team-01,Lig-Team-12,FINISHED,1.0,1.0,1.18,1.38,2.76,3.38,2.49,2.0,1.82,2.3,1.63,True
3754,Ligue 1 (France),2024,2025-09-25 16:00:00,Lig-Team-10,Lig-Team-09,FINISHED,0.0,2.0,0.62,1.83,5.78,3.78,1.61,2.39,1.58,2.38,1.58,True
3755,Ligue 1 (France),2024,2025-09-25 13:00:00,Lig-Team-02,Lig-Team-16,FINISHED,1.0,1.0,0.63,0.8,3.34,2.39,2.95,4.09,1.25,6.45,1.12,True
3756,Ligue 1 (France),2024,2025-09-25 16:00:00,Lig-Team-11,Lig-Team-08,FINISHED,1.0,0.0,1.26,0.27,1.72,3.24,5.88,3.05,1.38,3.36,1.34,True
3757,Ligue 1 (France),2024,2025-09-25 18:00:00,Lig-Team-07,Lig-Team-15,FINISHED,1.0,1.0,1.32,1.03,2.61,3.3,2.69,2.1,1.73,2.47,1.57,True
3758,Ligue 1 (France),2024,2025-09-25 18:00:00,Lig-Team-04,Lig-Team-03,FINISHED,0.0,1.0,0.8,0.65,2.37,2.47,4.3,4.13,1.23,6.11,1.13,True
3759,Ligue 1 (France),2024,2025-09-25 13:00:00,Lig-Team-05,Lig-Team-13,FINISHED,1.0,1.0,0.48,0.84,2.78,2.92,2.83,2.67,1.46,3.47,1.3,True
3760,Ligue 1 (France),2024,2025-09-25 16:00:00,Lig-Team-06,Lig-Team-14,FINISHED,3.0,3.0,1.51,1.94,2.18,4.13,2.75,1.45,2.74,1.5,2.66,True
3761,Premier League (England),2024,2025-10-01 16:00:00,Pre-Team-12,Pre-Team-14,FINISHED,1.0,0.0,0.92,1.06,2.63,3.27,2.66,2.11,1.74,2.48,1.53,True
3762,Premier League (England),2024,2025-10-01 21:00:00,Pre-Team-09,Pre-Team-13,FINISHED,1.0,3.0,1.06,0.88,2.71,2.74,3.07,2.97,1.41,3.99,1.24,True
3763,Premier League (England),2024,2025-10-01 16:00:00,Pre-Team-10,Pre-Team-11,FINISHED,0.0,2.0,1.16,2.21,5.67,4.7,1.48,1.74,2.11,1.6,2.37,True
3764,Premier League (England),2024,2025-10-01 21:00:00,Pre-Team-04,Pre-Team-01,FINISHED,1.0,2.0,1.86,1.14,1.7,4.01,4.64,1.91,1.93,1.9,1.9,True
3765,Premier League (England),2024,2025-10-01 16:00:00,Pre-Team-05,Pre-Team-07,FINISHED,1.0,0.0,1.51,0.84,1.5,4.52,5.69,1.79,2.01,1.67,2.2,True
3766,Premier League (England),2024,2025-10-01 18:00:00,Pre-Team-02,Pre-Team-06,FINISHED,2.0,1.0,1.74,1.05,1.57,3.81,6.28,2.53,1.53,2.49,1.54,True
3767,Premier League (England),2024,2025-10-01 16:00:00,Pre-Team-08,Pre-Team-03,FINISHED,0.0,0.0,0.75,0.99,3.93,2.94,2.14,2.78,1.45,3.45,1.32,True
3768,Premier League (England),2024,2025-10-01 16:00:00,Pre-Team-16,Pre-Team-15,FINISHED,2.0,0.0,1.05,0.61,1.97,2.89,4.88,3.24,1.35,3.99,1.25,True
3769,La Liga (Spain),2024,2025-10-01 18:00:00,La -Team-12,La -Team-03,FINISHED,1.0,1.0,2.89,0.91,1.18,7.57,12.16,1.75,2.08,1.3,3.54,True
3770,La Liga (Spain),2024,2025-10-01 21:00:00,La -Team-08,La -Team-10,FINISHED,3.0,0.0,1.57,0.83,2.16,3.14,3.52,2.39,1.57,2.86,1.43,True
3771,La Liga (Spain),2024,2025-10-01 18:00:00,La -Team-07,La -Team-04,FINISHED,1.0,0.0,0.44,0.69,3.23,2.61,2.72,3.33,1.33,4.76,1.18,True
3772,La Liga (Spain),2024,2025-10-01 13:00:00,La -Team-13,La -Team-02,FINISHED,1.0,0.0,1.46,1.14,2.46,3.63,2.64,1.75,2.09,1.91,1.9,True
3773,La Liga (Spain),2024,2025-10-01 16:00:00,La -Team-09,La -Team-11,FINISHED,1.0,2.0,1.53,1.11,3.27,3.64,2.1,1.82,2.01,1.96,1.84,True
3774,La Liga (Spain),2024,2025-10-01 21:00:00,La -Team-05,La -Team-16,FINISHED,3.0,0.0,2.1,0.68,1.38,4.83,8.05,2.2,1.67,1.89,1.94,True
3775,La Liga (Spain),2024,2025-10-01 21:00:00,La -Team-15,La -Team-14,FINISHED,0.0,1.0,0.65,1.53,3.47,3.08,2.24,2.45,1.56,2.97,1.41,True
3776,La Liga (Spain),2024,2025-10-01 18:00:00,La -Team-06,La -Team-01,FINISHED,1.0,1.0,1.61,1.25,1.93,3.74,3.64,1.82,1.98,1.92,1.89,True
3777,Serie A (Italy),2024,2025-10-01 13:00:00,Ser-Team-02,Ser-Team-08,FINISHED,1.0,1.0,2.21,0.65,1.32,5.52,8.36,1.88,1.94,1.56,2.45,True
3778,Serie A (Italy),2024,2025-10-01 13:00:00,Ser-Team-04,Ser-Team-01,FINISHED,2.0,3.0,0.83,0.75,2.56,2.91,3.05,2.63,1.49,3.37,1.33,True
3779,Serie A (Italy),2024,2025-10-01 21:00:00,Ser-Team-12,Ser-Team-13,FINISHED,2.0,0.0,1.61,0.95,1.94,3.28,4.05,2.36,1.6,2.71,1.47,True
3780,Serie A (Italy),2024,2025-10-01 13:00:00,Ser-Team-16,Ser-Team-14,FINISHED,0.0,1.0,0.84,1.68,4.7,3.81,1.71,2.03,1.79,2.11,1.73,True
3781,Serie A (Italy),2024,2025-10-01 21:00:00,Ser-Team-05,Ser-Team-11,FINISHED,0.0,0.0,1.43,0.42,1.68,3.38,5.96,2.93,1.41,3.11,1.37,True
3782,Serie A (Italy),2024,2025-10-01 13:00:00,Ser-Team-07,Ser-Team-15,FINISHED,3.0,0.0,1.09,0.47,2.01,3.39,3.8,2.19,1.69,2.47,1.55,True
3783,Serie A (Italy),2024,2025-10-01 21:00:00,Ser-Team-03,Ser-Team-10,FINISHED,0.0,0.0,1.86,1.69,2.68,3.97,2.29,1.51,2.53,1.56,2.42,True
3784,Serie A (Italy),2024,2025-10-01 13:00:00,Ser-Team-09,Ser-Team-06,FINISHED,0.0,0.0,0.86,0.56,1.86,2.51,7.75,5.76,1.14,7.15,1.1,True
3785,Bundesliga (Germany),2024,2025-10-01 21:00:00,Bun-Team-05,Bun-Team-06,FINISHED,0.0,2.0,1.18,1.66,3.05,3.46,2.23,1.94,1.89,2.14,1.71,True
3786,Bundesliga (Germany),2024,2025-10-01 13:00:00,Bun-Team-16,Bun-Team-03,FINISHED,3.0,3.0,0.82,1.16,2.33,2.87,3.57,2.84,1.43,3.68,1.28,True
3787,Bundesliga (Germany),2024,2025-10-01 18:00:00,Bun-Team-01,Bun-Team-12,FINISHED,2.0,1.0,0.49,1.14,2.89,3.32,2.43,2.07,1.78,2.37,1.58,True
3788,Bundesliga (Germany),2024,2025-10-01 16:00:00,Bun-Team-11,Bun-Team-02,FINISHED,0.0,0.0,1.25,1.28,2.81,3.67,2.33,1.76,2.09,1.9,1.89,True
3789,Bundesliga (Germany),2024,2025-10-01 18:00:00,Bun-Team-15,Bun-Team-09,FINISHED,0.0,0.0,0.81,0.42,2.5,2.6,3.6,3.45,1.31,4.96,1.18,True
3790,Bundesliga (Germany),2024,2025-10-01 18:00:00,Bun-Team-08,Bun-Team-13,FINISHED,1.0,4.0,0.64,0.96,3.83,3.18,2.09,2.45,1.54,2.9,1.42,True
3791,Bundesliga (Germany),2024,2025-10-01 18:00:00,Bun-Team-04,Bun-Team-07,FINISHED,1.0,3.0,0.94,1.58,3.02,3.48,2.27,1.91,1.89,2.16,1.72,True
3792,Bundesliga (Germany),2024,2025-10-01 18:00:00,Bun-Team-14,Bun-Team-10,FINISHED,1.0,1.0,1.35,1.68,2.43,3.86,2.55,1.6,2.37,1.68,2.22,True
3793,Ligue 1 (France),2024,2025-10-01 21:00:00,Lig-Team-16,Lig-Team-09,FINISHED,0.0,1.0,0.57,1.01,3.53,2.7,2.45,3.15,1.36,4.28,1.23,True
3794,Ligue 1 (France),2024,2025-10-01 16:00:00,Lig-Team-02,Lig-Team-06,FINISHED,1.0,0.0,1.09,0.83,2.88,3.3,2.44,2.1,1.73,2.46,1.55,True
3795,Ligue 1 (France),2024,2025-10-01 21:00:00,Lig-Team-05,Lig-Team-08,FINISHED,1.0,1.0,1.05,0.84,2.34,2.69,3.84,3.3,1.33,4.53,1.2,True
3796,Ligue 1 (France),2024,2025-10-01 16:00:00,Lig-Team-12,Lig-Team-03,FINISHED,0.0,0.0,1.04,0.8,2.04,3.02,4.33,2.87,1.44,3.48,1.32,True
3797,Ligue 1 (France),2024,2025-10-01 21:00:00,Lig-Team-10,Lig-Team-15,FINISHED,1.0,2.0,0.84,2.21,8.38,5.2,1.33,2.06,1.78,1.71,2.17,True
3798,Ligue 1 (France),2024,2025-10-01 13:00:00,Lig-Team-13,Lig-Team-07,FINISHED,0.0,2.0,0.64,0.94,3.56,2.87,2.33,2.86,1.42,3.74,1.27,True
3799,Ligue 1 (France),2024,2025-10-01 21:00:00,Lig-Team-01,Lig-Team-04,FINISHED,1.0,0.0,0.82,0.81,2.82,2.82,2.85,2.77,1.46,3.63,1.29,True
3800,Ligue 1 (France),2024,2025-10-01 16:00:00,Lig-Team-11,Lig-Team-14,FINISHED,4.0,0.0,1.88,0.78,1.81,3.84,4.18,1.86,1.94,1.94,1.89,True
3801,Premier League (England),2024,2025-10-02 18:00:00,Pre-Team-08,Pre-Team-05,FINISHED,1.0,0.0,0.46,1.02,4.46,2.79,2.09,3.3,1.36,4.21,1.22,True
3802,Premier League (England),2024,2025-10-02 16:00:00,Pre-Team-10,Pre-Team-11,FINISHED,0.0,0.0,0.76,2.05,5.69,4.73,1.49,1.73,2.13,1.6,2.39,True
3803,Premier League (England),2024,2025-10-02 18:00:00,Pre-Team-02,Pre-Team-15,FINISHED,0.0,0.0,1.64,0.38,1.59,3.63,6.23,2.66,1.49,2.68,1.48,True
3804,Premier League (England),2024,2025-10-02 16:00:00,Pre-Team-01,Pre-Team-04,FINISHED,0.0,3.0,1.2,1.51,3.2,3.62,2.14,1.85,1.98,2.01,1.81,True
3805,Premier League (England),2024,2025-10-02 13:00:00,Pre-Team-16,Pre-Team-14,FINISHED,0.0,2.0,0.89,0.28,2.11,2.61,5.1,4.06,1.25,5.58,1.15,True
3806,Premier League (England),2024,2025-10-02 13:00:00,Pre-Team-09,Pre-Team-06,FINISHED,0.0,0.0,0.8,0.84,2.43,2.91,3.3,2.69,1.49,3.41,1.32,True
3807,Premier League (England),2024,2025-10-02 13:00:00,Pre-Team-07,Pre-Team-03,FINISHED,1.0,0.0,0.85,1.7,3.28,4.12,1.96,1.52,2.5,1.55,2.44,True
3808,Premier League (England),2024,2025-10-02 21:00:00,Pre-Team-12,Pre-Team-13,FINISHED,2.0,1.0,1.49,1.32,2.86,3.53,2.38,1.85,1.95,2.05,1.77,True
3809,La Liga (Spain),2024,2025-10-02 16:00:00,La -Team-07,La -Team-12,FINISHED,0.0,1.0,0.36,1.54,6.4,3.71,1.59,2.67,1.5,2.62,1.49,True
3810,La Liga (Spain),2024,2025-10-02 16:00:00,La -Team-06,La -Team-08,FINISHED,0.0,2.0,0.81,0.71,2.86,2.95,2.71,2.56,1.52,3.28,1.35,True
3811,La Liga (Spain),2024,2025-10-02 16:00:00,La -Team-15,La -Team-04,FINISHED,0.0,0.0,1.02,0.8,2.24,2.83,3.8,2.97,1.39,3.9,1.28,True
3812,La Liga (Spain),2024,2025-10-02 18:00:00,La -Team-05,La -Team-02,FINISHED,4.0,1.0,2.17,1.43,1.63,4.44,4.49,1.59,2.35,1.53,2.5,True
3813,La Liga (Spain),2024,2025-10-02 16:00:00,La -Team-09,La -Team-14,FINISHED,1.0,3.0,1.04,1.57,4.69,4.3,1.62,1.72,2.13,1.67,2.22,True
3814,La Liga (Spain),2024,2025-10-02 16:00:00,La -Team-16,La -Team-03,FINISHED,2.0,3.0,1.64,0.99,2.22,4.07,2.77,1.51,2.59,1.54,2.54,True
3815,La Liga (Spain),2024,2025-10-02 21:00:00,La -Team-10,La -Team-13,FINISHED,0.0,1.0,1.08,0.73,1.91,3.46,4.02,2.16,1.71,2.39,1.58,True
3816,La Liga (Spain),2024,2025-10-02 18:00:00,La -Team-11,La -Team-01,FINISHED,3.0,2.0,1.17,1.06,1.96,3.41,3.95,2.21,1.68,2.46,1.54,True
3817,Serie A (Italy),2024,2025-10-02 18:00:00,Ser-Team-13,Ser-Team-08,FINISHED,2.0,1.0,1.74,0.55,1.48,4.67,6.09,1.82,1.98,1.67,2.21,True
3818,Serie A (Italy),2024,2025-10-02 16:00:00,Ser-Team-07,Ser-Team-06,FINISHED,1.0,1.0,0.77,0.25,1.85,2.67,7.06,4.78,1.19,5.84,1.14,True
3819,Serie A (Italy),2024,2025-10-02 13:00:00,Ser-Team-12,Ser-Team-15,FINISHED,1.0,1.0,2.17,1.13,1.63,3.81,5.29,2.25,1.66,2.27,1.64,True
3820,Serie A (Italy),2024,2025-10-02 13:00:00,Ser-Team-04,Ser-Team-09,FINISHED,1.0,0.0,1.21,0.8,1.94,3.09,4.47,2.74,1.45,3.28,1.34,True
3821,Serie A (Italy),2024,2025-10-02 21:00:00,Ser-Team-14,Ser-Team-10,FINISHED,0.0,0.0,1.5,1.16,2.15,3.54,3.21,1.89,1.93,2.06,1.76,True
3822,Serie A (Italy),2024,2025-10-02 18:00:00,Ser-Team-01,Ser-Team-11,FINISHED,1.0,0.0,1.34,0.25,1.49,3.96,7.21,2.64,1.5,2.43,1.55,True
3823,Serie A (Italy),2024,2025-10-02 16:00:00,Ser-Team-03,Ser-Team-16,FINISHED,2.0,0.0,2.05,0.98,1.57,4.58,4.92,1.66,2.25,1.56,2.42,True
3824,Serie A (Italy),2024,2025-10-02 21:00:00,Ser-Team-05,Ser-Team-02,FINISHED,0.0,0.0,1.07,0.62,2.36,2.78,3.61,3.04,1.38,4.13,1.23,True
3825,Bundesliga (Germany),2024,2025-10-02 16:00:00,Bun-Team-14,Bun-Team-09,FINISHED,1.0,0.0,0.75,1.91,3.88,3.7,1.87,1.91,1.91,2.0,1.8,True
3826,Bundesliga (Germany),2024,2025-10-02 16:00:00,Bun-Team-05,Bun-Team-03,FINISHED,2.0,1.0,1.16,0.64,1.76,3.22,5.53,2.96,1.41,3.28,1.33,True
3827,Bundesliga (Germany),2024,2025-10-02 18:00:00,Bun-Team-12,Bun-Team-10,FINISHED,2.0,2.0,1.54,1.02,1.81,3.5,4.46,2.28,1.64,2.46,1.56,True
3828,Bundesliga (Germany),2024,2025-10-02 13:00:00,Bun-Team-06,Bun-Team-16,FINISHED,1.0,1.0,2.05,0.4,1.38,4.84,7.88,2.14,1.72,1.82,2.0,True
3829,Bundesliga (Germany),2024,2025-10-02 16:00:00,Bun-Team-11,Bun-Team-15,FINISHED,1.0,0.0,0.84,1.3,5.33,3.85,1.63,2.21,1.67,2.25,1.67,True
3830,Bundesliga (Germany),2024,2025-10-02 13:00:00,Bun-Team-02,Bun-Team-07,FINISHED,1.0,2.0,1.42,1.52,2.43,3.4,2.79,2.0,1.82,2.28,1.64,True
3831,Bundesliga (Germany),2024,2025-10-02 13:00:00,Bun-Team-01,Bun-Team-13,FINISHED,2.0,0.0,1.89,1.18,1.9,3.89,3.66,1.73,2.11,1.8,2.01,True
3832,Bundesliga (Germany),2024,2025-10-02 18:00:00,Bun-Team-08,Bun-Team-04,FINISHED,0.0,0.0,0.79,0.83,3.25,2.78,2.56,2.91,1.41,3.91,1.27,True
3833,Ligue 1 (France),2024,2025-10-02 16:00:00,Lig-Team-06,Lig-Team-04,FINISHED,1.0,1.0,0.97,1.2,2.84,3.17,2.52,2.2,1.69,2.58,1.49,True
3834,Ligue 1 (France),2024,2025-10-02 16:00:00,Lig-Team-13,Lig-Team-07,FINISHED,1.0,0.0,0.87,1.27,3.57,2.84,2.32,2.86,1.44,3.71,1.28,True
3835,Ligue 1 (France),2024,2025-10-02 18:00:00,Lig-Team-15,Lig-Team-02,FINISHED,0.0,0.0,1.74,0.67,1.42,4.18,8.43,2.76,1.46,2.38,1.59,True
3836,Ligue 1 (France),2024,2025-10-02 13:00:00,Lig-Team-11,Lig-Team-05,FINISHED,4.0,1.0,1.72,0.93,1.71,3.55,4.97,2.33,1.6,2.45,1.54,True
3837,Ligue 1 (France),2024,2025-10-02 16:00:00,Lig-Team-16,Lig-Team-03,FINISHED,0.0,0.0,0.48,0.39,2.74,2.47,3.49,3.87,1.27,5.85,1.13,True
3838,Ligue 1 (France),2024,2025-10-02 13:00:00,Lig-Team-01,Lig-Team-09,FINISHED,0.0,1.0,0.74,0.89,3.05,3.29,2.34,2.1,1.76,2.44,1.56,True
3839,Ligue 1 (France),2024,2025-10-02 18:00:00,Lig-Team-14,Lig-Team-10,FINISHED,1.0,4.0,1.83,0.79,1.5,4.43,6.02,1.96,1.85,1.81,2.0,True
3840,Ligue 1 (France),2024,2025-10-02 16:00:00,Lig-Team-08,Lig-Team-12,FINISHED,0.0,3.0,0.91,0.58,4.05,2.81,2.2,3.08,1.37,4.04,1.25,True
3841,Premier League (England),2024,2025-10-08 21:00:00,Pre-Team-07,Pre-Team-09,FINISHED,1.0,0.0,0.85,1.03,3.03,3.61,2.21,1.8,2.03,1.96,1.85,True
3842,Premier League (England),2024,2025-10-08 21:00:00,Pre-Team-15,Pre-Team-06,FINISHED,0.0,1.0,1.07,1.09,2.35,3.17,3.15,2.26,1.64,2.73,1.47,True
3843,Premier League (England),2024,2025-10-08 16:00:00,Pre-Team-10,Pre-Team-13,FINISHED,1.0,3.0,0.84,1.28,3.72,3.38,2.01,2.15,1.71,2.44,1.56,True
3844,Premier League (England),2024,2025-10-08 18:00:00,Pre-Team-01,Pre-Team-04,FINISHED,1.0,0.0,1.18,1.4,3.22,3.62,2.14,1.86,1.98,2.02,1.81,True
3845,Premier League (England),2024,2025-10-08 16:00:00,Pre-Team-16,Pre-Team-11,FINISHED,0.0,3.0,1.39,0.76,2.44,3.08,3.06,2.37,1.59,2.92,1.39,True
3846,Premier League (England),2024,2025-10-08 16:00:00,Pre-Team-05,Pre-Team-03,FINISHED,0.0,1.0,1.06,1.03,2.22,3.08,3.49,2.49,1.53,3.07,1.38,True
3847,Premier League (England),2024,2025-10-08 18:00:00,Pre-Team-14,Pre-Team-12,FINISHED,0.0,1.0,1.35,1.21,2.04,3.38,3.61,2.14,1.73,2.41,1.57,True
3848,Premier League (England),2024,2025-10-08 21:00:00,Pre-Team-02,Pre-Team-08,FINISHED,2.0,0.0,1.57,0.52,1.39,4.03,10.53,3.47,1.31,2.87,1.43,True
3849,La Liga (Spain),2024,2025-10-08 21:00:00,La -Team-11,La -Team-01,FINISHED,1.0,1.0,1.42,0.8,1.96,3.39,3.92,2.22,1.67,2.48,1.53,True
3850,La Liga (Spain),2024,2025-10-08 21:00:00,La -Team-02,La -Team-12,FINISHED,0.0,1.0,0.91,1.95,3.84,4.07,1.79,1.65,2.25,1.65,2.24,True
3851,La Liga (Spain),2024,2025-10-08 16:00:00,La -Team-06,La -Team-07,FINISHED,3.0,0.0,1.71,0.5,1.71,3.46,5.27,2.53,1.53,2.72,1.47,True
3852,La Liga (Spain),2024,2025-10-08 18:00:00,La -Team-09,La -Team-08,FINISHED,0.0,3.0,0.96,1.38,3.81,3.75,1.87,1.85,1.95,1.95,1.86,True
3853,La Liga (Spain),2024,2025-10-08 18:00:00,La -Team-16,La -Team-03,FINISHED,1.0,1.0,1.55,1.67,2.21,4.08,2.74,1.5,2.61,1.55,2.53,True
3854,La Liga (Spain),2024,2025-10-08 13:00:00,La -Team-05,La -Team-15,FINISHED,1.0,0.0,1.09,1.04,1.79,3.6,4.41,2.14,1.71,2.3,1.61,True
3855,La Liga (Spain),2024,2025-10-08 21:00:00,La -Team-14,La -Team-13,FINISHED,1.0,2.0,1.33,0.88,1.7,3.45,5.57,2.69,1.47,2.82,1.44,True
3856,La Liga (Spain),2024,2025-10-08 16:00:00,La -Team-10,La -Team-04,FINISHED,1.0,2.0,1.27,0.87,1.96,3.16,4.25,2.56,1.52,2.99,1.4,True
3857,Serie A (Italy),2024,2025-10-08 16:00:00,Ser-Team-11,Ser-Team-03,FINISHED,2.0,3.0,1.19,1.61,2.79,3.39,2.44,1.95,1.85,2.23,1.67,True
3858,Serie A (Italy),2024,2025-10-08 18:00:00,Ser-Team-12,Ser-Team-16,FINISHED,5.0,0.0,1.84,0.64,1.35,5.46,8.03,1.88,1.95,1.56,2.47,True
3859,Serie A (Italy),2024,2025-10-08 16:00:00,Ser-Team-08,Ser-Team-01,FINISHED,2.0,3.0,1.01,2.42,7.48,5.47,1.35,1.75,2.1,1.49,2.64,True
3860,Serie A (Italy),2024,2025-10-08 13:00:00,Ser-Team-04,Ser-Team-06,FINISHED,2.0,0.0,1.07,-0.02,1.64,2.81,11.05,6.53,1.11,6.3,1.12,True
3861,Serie A (Italy),2024,2025-10-08 16:00:00,Ser-Team-15,Ser-Team-13,FINISHED,0.0,0.0,0.83,0.64,2.99,2.9,2.67,2.67,1.48,3.46,1.31,True
3862,Serie A (Italy),2024,2025-10-08 18:00:00,Ser-Team-14,Ser-Team-07,FINISHED,0.0,2.0,1.59,0.61,1.96,3.31,4.11,2.32,1.62,2.63,1.51,True
3863,Serie A (Italy),2024,2025-10-08 18:00:00,Ser-Team-10,Ser-Team-05,FINISHED,1.0,1.0,1.6,1.34,2.57,3.36,2.71,2.01,1.79,2.34,1.62,True
3864,Serie A (Italy),2024,2025-10-08 16:00:00,Ser-Team-09,Ser-Team-02,FINISHED,1.0,0.0,0.63,0.86,2.8,2.89,2.84,2.72,1.46,3.51,1.31,True
3865,Bundesliga (Germany),2024,2025-10-08 16:00:00,Bun-Team-09,Bun-Team-10,FINISHED,1.0,0.0,1.4,0.4,1.93,2.95,4.96,3.15,1.37,3.81,1.26,True
3866,Bundesliga (Germany),2024,2025-10-08 16:00:00,Bun-Team-07,Bun-Team-16,FINISHED,2.0,0.0,1.39,0.52,1.72,3.57,4.88,2.31,1.62,2.43,1.58,True
3867,Bundesliga (Germany),2024,2025-10-08 13:00:00,Bun-Team-15,Bun-Team-03,FINISHED,1.0,0.0,1.52,0.15,1.45,3.84,9.61,3.54,1.3,3.05,1.38,True
3868,Bundesliga (Germany),2024,2025-10-08 18:00:00,Bun-Team-05,Bun-Team-08,FINISHED,0.0,0.0,1.46,0.56,1.78,2.94,6.26,3.68,1.28,4.23,1.23,True
3869,Bundesliga (Germany),2024,2025-10-08 13:00:00,Bun-Team-04,Bun-Team-13,FINISHED,1.0,0.0,1.49,1.48,2.64,3.84,2.39,1.61,2.32,1.71,2.17,True
3870,Bundesliga (Germany),2024,2025-10-08 21:00:00,Bun-Team-14,Bun-Team-12,FINISHED,3.0,2.0,1.47,2.25,3.58,4.35,1.82,1.48,2.67,1.47,2.71,True
3871,Bundesliga (Germany),2024,2025-10-08 21:00:00,Bun-Team-06,Bun-Team-01,FINISHED,2.0,1.0,1.37,0.94,1.82,3.87,4.03,1.82,1.99,1.89,1.93,True
3872,Bundesliga (Germany),2024,2025-10-08 18:00:00,Bun-Team-02,Bun-Team-11,FINISHED,1.0,2.0,1.82,1.3,1.79,3.92,4.0,1.79,2.03,1.83,1.97,True
3873,Ligue 1 (France),2024,2025-10-08 21:00:00,Lig-Team-06,Lig-Team-09,FINISHED,2.0,1.0,1.32,1.48,3.14,3.75,2.09,1.72,2.11,1.84,1.99,True
3874,Ligue 1 (France),2024,2025-10-08 16:00:00,Lig-Team-03,Lig-Team-02,FINISHED,0.0,0.0,0.41,0.73,2.3,2.53,4.31,3.9,1.27,5.56,1.15,True
3875,Ligue 1 (France),2024,2025-10-08 13:00:00,Lig-Team-14,Lig-Team-16,FINISHED,0.0,1.0,1.34,1.04,2.3,3.05,3.37,2.49,1.54,3.04,1.38,True
3876,Ligue 1 (France),2024,2025-10-08 18:00:00,Lig-Team-10,Lig-Team-07,FINISHED,2.0,0.0,0.38,1.81,6.43,3.77,1.56,2.58,1.52,2.5,1.52,True
3877,Ligue 1 (France),2024,2025-10-08 13:00:00,Lig-Team-05,Lig-Team-13,FINISHED,1.0,3.0,0.93,0.72,2.8,2.85,2.86,2.7,1.47,3.47,1.3,True
3878,Ligue 1 (France),2024,2025-10-08 13:00:00,Lig-Team-12,Lig-Team-08,FINISHED,2.0,1.0,1.44,0.83,1.79,3.09,5.66,3.2,1.36,3.66,1.29,True
3879,Ligue 1 (France),2024,2025-10-08 21:00:00,Lig-Team-01,Lig-Team-15,FINISHED,0.0,2.0,1.46,1.4,3.78,3.91,1.84,1.77,2.09,1.81,2.0,True
3880,Ligue 1 (France),2024,2025-10-08 18:00:00,Lig-Team-04,Lig-Team-11,FINISHED,1.0,0.0,1.33,0.46,2.77,2.76,2.99,2.94,1.39,4.02,1.26,True
3881,Premier League (England),2024,2025-10-09 18:00:00,Pre-Team-16,Pre-Team-02,FINISHED,2.0,0.0,1.01,0.7,3.1,2.61,2.8,3.3,1.33,4.78,1.18,True
3882,Premier League (England),2024,2025-10-09 18:00:00,Pre-Team-03,Pre-Team-11,FINISHED,1.0,2.0,1.16,1.16,3.04,3.66,2.2,1.78,2.04,1.93,1.87,True
3883,Premier League (England),2024,2025-10-09 18:00:00,Pre-Team-15,Pre-Team-04,FINISHED,0.0,2.0,1.08,1.62,4.44,3.6,1.81,2.12,1.73,2.27,1.65,True
3884,Premier League (England),2024,2025-10-09 21:00:00,Pre-Team-08,Pre-Team-10,FINISHED,2.0,2.0,1.14,0.99,2.46,3.03,3.11,2.47,1.56,3.06,1.38,True
3885,Premier League (England),2024,2025-10-09 13:00:00,Pre-Team-06,Pre-Team-13,FINISHED,0.0,1.0,1.21,1.34,2.62,3.06,2.87,2.36,1.58,2.92,1.4,True
3886,Premier League (England),2024,2025-10-09 18:00:00,Pre-Team-12,Pre-Team-09,FINISHED,1.0,0.0,1.25,1.16,2.69,3.33,2.57,2.06,1.79,2.39,1.58,True
3887,Premier League (England),2024,2025-10-09 21:00:00,Pre-Team-01,Pre-Team-07,FINISHED,2.0,0.0,2.39,0.73,1.37,5.68,6.78,1.54,2.48,1.34,3.28,True
3888,Premier League (England),2024,2025-10-09 13:00:00,Pre-Team-14,Pre-Team-05,FINISHED,1.0,1.0,0.68,0.58,3.1,2.64,2.82,3.24,1.35,4.65,1.21,True
3889,La Liga (Spain),2024,2025-10-09 18:00:00,La -Team-09,La -Team-03,FINISHED,1.0,1.0,2.56,2.03,1.79,5.03,3.33,1.21,4.36,1.17,5.24,True
3890,La Liga (Spain),2024,2025-10-09 21:00:00,La -Team-04,La -Team-15,FINISHED,0.0,1.0,0.34,1.05,2.9,2.76,2.85,2.92,1.4,4.03,1.24,True
3891,La Liga (Spain),2024,2025-10-09 16:00:00,La -Team-07,La -Team-14,FINISHED,0.0,3.0,0.54,1.2,5.48,3.3,1.74,2.84,1.42,3.15,1.37,True
3892,La Liga (Spain),2024,2025-10-09 16:00:00,La -Team-01,La -Team-10,FINISHED,1.0,4.0,1.3,1.35,2.76,3.75,2.32,1.69,2.2,1.81,2.02,True
3893,La Liga (Spain),2024,2025-10-09 13:00:00,La -Team-06,La -Team-02,FINISHED,0.0,1.0,1.47,1.43,2.06,3.98,3.19,1.6,2.34,1.67,2.25,True
3894,La Liga (Spain),2024,2025-10-09 16:00:00,La -Team-11,La -Team-16,FINISHED,0.0,0.0,1.33,0.57,1.67,3.5,5.77,2.69,1.48,2.81,1.43,True
3895,La Liga (Spain),2024,2025-10-09 18:00:00,La -Team-08,La -Team-12,FINISHED,1.0,2.0,0.68,0.72,3.11,2.95,2.51,2.62,1.51,3.35,1.33,True
3896,La Liga (Spain),2024,2025-10-09 13:00:00,La -Team-05,La -Team-13,FINISHED,1.0,0.0,1.38,0.62,1.7,3.7,5.15,2.28,1.64,2.38,1.59,True
3897,Serie A (Italy),2024,2025-10-09 16:00:00,Ser-Team-07,Ser-Team-11,FINISHED,2.0,0.0,1.18,0.87,1.89,3.44,4.09,2.2,1.68,2.41,1.58,True
3898,Serie A (Italy),2024,2025-10-09 21:00:00,Ser-Team-09,Ser-Team-04,FINISHED,1.0,2.0,0.71,0.99,3.27,2.92,2.44,2.68,1.47,3.52,1.32,True
3899,Serie A (Italy),2024,2025-10-09 13:00:00,Ser-Team-08,Ser-Team-06,FINISHED,1.0,0.0,1.04,0.67,2.2,2.83,3.89,3.04,1.4,3.92,1.27,True
3900,Serie A (Italy),2024,2025-10-09 16:00:00,Ser-Team-03,Ser-Team-10,FINISHED,1.0,0.0,1.61,1.6,2.67,3.98,2.31,1.52,2.53,1.58,2.42,True
3901,Serie A (Italy),2024,2025-10-09 18:00:00,Ser-Team-12,Ser-Team-15,FINISHED,3.0,2.0,1.65,0.94,1.64,3.79,5.34,2.24,1.64,2.24,1.66,True
3902,Serie A (Italy),2024,2025-10-09 16:00:00,Ser-Team-14,Ser-Team-16,FINISHED,1.0,2.0,2.03,0.72,1.44,4.53,7.17,2.15,1.71,1.91,1.9,True
3903,Serie A (Italy),2024,2025-10-09 21:00:00,Ser-Team-01,Ser-Team-13,FINISHED,0.0,1.0,1.3,0.59,1.83,3.21,5.03,2.78,1.44,3.15,1.38,True
3904,Serie A (Italy),2024,2025-10-09 21:00:00,Ser-Team-05,Ser-Team-02,FINISHED,1.0,2.0,1.24,0.7,2.37,2.75,3.61,3.07,1.38,4.09,1.24,True
3905,Bundesliga (Germany),2024,2025-10-09 18:00:00,Bun-Team-03,Bun-Team-14,FINISHED,0.0,1.0,1.49,1.49,3.12,3.71,2.11,1.73,2.09,1.88,1.93,True
3906,Bundesliga (Germany),2024,2025-10-09 13:00:00,Bun-Team-01,Bun-Team-02,FINISHED,2.0,0.0,1.19,0.73,2.01,3.38,3.69,2.11,1.74,2.34,1.6,True
3907,Bundesliga (Germany),2024,2025-10-09 18:00:00,Bun-Team-13,Bun-Team-12,FINISHED,2.0,0.0,0.94,1.76,3.4,3.93,1.98,1.67,2.22,1.73,2.11,True
3908,Bundesliga (Germany),2024,2025-10-09 16:00:00,Bun-Team-07,Bun-Team-06,FINISHED,2.0,0.0,1.07,1.21,3.06,3.73,2.18,1.74,2.12,1.86,1.95,True
3909,Bundesliga (Germany),2024,2025-10-09 16:00:00,Bun-Team-05,Bun-Team-11,FINISHED,2.0,4.0,1.61,1.03,1.72,3.82,4.54,2.02,1.83,2.08,1.77,True
3910,Bundesliga (Germany),2024,2025-10-09 13:00:00,Bun-Team-08,Bun-Team-10,FINISHED,0.0,1.0,0.6,0.96,4.36,2.7,2.18,3.51,1.3,4.75,1.2,True
3911,Bundesliga (Germany),2024,2025-10-09 13:00:00,Bun-Team-16,Bun-Team-15,FINISHED,2.0,2.0,0.73,1.37,5.79,3.32,1.71,2.94,1.41,3.15,1.35,True
3912,Bundesliga (Germany),2024,2025-10-09 21:00:00,Bun-Team-09,Bun-Team-04,FINISHED,3.0,1.0,1.21,0.61,1.53,3.64,6.91,2.81,1.43,2.72,1.46,True
3913,Ligue 1 (France),2024,2025-10-09 16:00:00,Lig-Team-10,Lig-Team-09,FINISHED,3.0,1.0,0.61,1.35,5.86,3.79,1.6,2.39,1.58,2.38,1.58,True
3914,Ligue 1 (France),2024,2025-10-09 13:00:00,Lig-Team-05,Lig-Team-06,FINISHED,2.0,1.0,1.5,1.02,2.41,3.61,2.68,1.74,2.13,1.89,1.93,True
3915,Ligue 1 (France),2024,2025-10-09 16:00:00,Lig-Team-16,Lig-Team-03,FINISHED,0.0,1.0,0.94,0.66,2.73,2.46,3.48,3.85,1.27,5.87,1.15,True
3916,Ligue 1 (France),2024,2025-10-09 16:00:00,Lig-Team-14,Lig-Team-13,FINISHED,1.0,1.0,1.54,0.93,2.31,3.28,3.11,2.12,1.73,2.48,1.55,True
3917,Ligue 1 (France),2024,2025-10-09 18:00:00,Lig-Team-12,Lig-Team-07,FINISHED,1.0,1.0,0.97,1.4,2.79,2.99,2.74,2.5,1.55,3.13,1.37,True
3918,Ligue 1 (France),2024,2025-10-09 21:00:00,Lig-Team-08,Lig-Team-15,FINISHED,0.0,3.0,0.76,1.54,5.55,3.42,1.71,2.65,1.49,2.83,1.42,True
3919,Ligue 1 (France),2024,2025-10-09 21:00:00,Lig-Team-11,Lig-Team-01,FINISHED,1.0,1.0,1.28,1.01,1.84,3.69,4.04,1.94,1.85,2.09,1.75,True
3920,Ligue 1 (France),2024,2025-10-09 16:00:00,Lig-Team-04,Lig-Team-02,FINISHED,0.0,0.0,0.51,0.78,2.08,2.54,5.5,4.45,1.22,6.17,1.13,True
3921,Premier League (England),2024,2025-10-15 16:00:00,Pre-Team-08,Pre-Team-12,FINISHED,1.0,0.0,1.17,0.87,2.91,3.29,2.44,2.1,1.73,2.46,1.54,True
3922,Premier League (England),2024,2025-10-15 18:00:00,Pre-Team-10,Pre-Team-09,FINISHED,1.0,3.0,0.85,0.92,3.48,3.13,2.23,2.4,1.57,2.9,1.42,True
3923,Premier League (England),2024,2025-10-15 13:00:00,Pre-Team-06,Pre-Team-01,FINISHED,0.0,0.0,1.37,1.56,2.96,3.41,2.34,1.96,1.83,2.27,1.64,True
3924,Premier League (England),2024,2025-10-15 21:00:00,Pre-Team-15,Pre-Team-11,FINISHED,0.0,2.0,1.16,1.33,3.41,3.65,2.03,1.88,1.94,2.04,1.81,True
3925,Premier League (England),2024,2025-10-15 21:00:00,Pre-Team-14,Pre-Team-16,FINISHED,1.0,2.0,0.79,1.07,3.76,2.42,2.58,3.96,1.25,6.07,1.13,True
3926,Premier League (England),2024,2025-10-15 18:00:00,Pre-Team-03,Pre-Team-07,FINISHED,1.0,1.0,1.87,1.06,1.54,4.74,4.98,1.59,2.38,1.49,2.63,True
3927,Premier League (England),2024,2025-10-15 18:00:00,Pre-Team-05,Pre-Team-02,FINISHED,0.0,3.0,0.93,1.11,3.5,2.9,2.31,2.77,1.45,3.6,1.3,True
3928,Premier League (England),2024,2025-10-15 13:00:00,Pre-Team-04,Pre-Team-13,FINISHED,0.0,0.0,1.43,0.72,1.6,3.86,5.76,2.31,1.63,2.28,1.63,True
3929,La Liga (Spain),2024,2025-10-15 21:00:00,La -Team-02,La -Team-08,FINISHED,0.0,1.0,1.0,1.49,2.83,3.43,2.39,1.94,1.87,2.18,1.69,True
3930,La Liga (Spain),2024,2025-10-15 21:00:00,La -Team-10,La -Team-05,FINISHED,4.0,1.0,0.87,1.27,2.69,3.56,2.45,1.83,1.96,2.03,1.82,True
3931,La Liga (Spain),2024,2025-10-15 16:00:00,La -Team-12,La -Team-13,FINISHED,2.0,1.0,1.58,0.83,1.53,3.89,6.61,2.47,1.54,2.41,1.58,True
3932,La Liga (Spain),2024,2025-10-15 18:00:00,La -Team-01,La -Team-15,FINISHED,2.0,1.0,1.4,1.44,2.51,3.46,2.69,1.89,1.9,2.15,1.71,True
3933,La Liga (Spain),2024,2025-10-15 16:00:00,La -Team-11,La -Team-09,FINISHED,3.0,1.0,1.85,1.0,1.65,4.07,4.81,1.87,1.94,1.85,1.95,True
3934,La Liga (Spain),2024,2025-10-15 21:00:00,La -Team-14,La -Team-16,FINISHED,4.0,1.0,1.72,0.56,1.39,4.49,8.74,2.56,1.51,2.17,1.69,True
3935,La Liga (Spain),2024,2025-10-15 16:00:00,La -Team-04,La -Team-07,FINISHED,1.0,1.0,0.97,0.54,2.19,2.72,4.32,3.36,1.32,4.51,1.22,True
3936,La Liga (Spain),2024,2025-10-15 18:00:00,La -Team-06,La -Team-03,FINISHED,2.0,1.0,2.53,1.16,1.49,4.94,5.29,1.56,2.44,1.45,2.83,True
3937,Serie A (Italy),2024,2025-10-15 13:00:00,Ser-Team-15,Ser-Team-08,FINISHED,1.0,2.0,1.9,1.28,1.65,4.33,4.42,1.65,2.25,1.61,2.36,True
3938,Serie A (Italy),2024,2025-10-15 18:00:00,Ser-Team-05,Ser-Team-03,FINISHED,1.0,3.0,1.5,0.92,1.82,3.48,4.56,2.32,1.62,2.52,1.52,True
3939,Serie A (Italy),2024,2025-10-15 16:00:00,Ser-Team-06,Ser-Team-14,FINISHED,2.0,1.0,0.14,0.63,6.85,2.38,2.03,5.86,1.14,8.12,1.08,True
3940,Serie A (Italy),2024,2025-10-15 21:00:00,Ser-Team-12,Ser-Team-10,FINISHED,3.0,1.0,1.74,0.98,1.99,3.99,3.26,1.64,2.31,1.68,2.18,True
3941,Serie A (Italy),2024,2025-10-15 21:00:00,Ser-Team-13,Ser-Team-04,FINISHED,1.0,0.0,0.48,1.43,3.47,2.82,2.42,2.92,1.41,3.85,1.27,True
3942,Serie A (Italy),2024,2025-10-15 21:00:00,Ser-Team-01,Ser-Team-11,FINISHED,3.0,0.0,1.75,0.54,1.49,3.95,7.23,2.62,1.5,2.44,1.57,True
3943,Serie A (Italy),2024,2025-10-15 13:00:00,Ser-Team-02,Ser-Team-07,FINISHED,0.0,2.0,1.34,0.74,2.01,3.27,3.93,2.4,1.58,2.75,1.46,True
3944,Serie A (Italy),2024,2025-10-15 16:00:00,Ser-Team-09,Ser-Team-16,FINISHED,3.0,1.0,2.15,0.89,1.57,4.13,5.54,2.03,1.78,1.96,1.86,True
3945,Bundesliga (Germany),2024,2025-10-15 16:00:00,Bun-Team-07,Bun-Team-11,FINISHED,3.0,3.0,1.7,1.22,1.69,4.09,4.5,1.77,2.04,1.79,2.04,True
3946,Bundesliga (Germany),2024,2025-10-15 16:00:00,Bun-Team-13,Bun-Team-12,FINISHED,1.0,1.0,1.24,1.67,3.38,3.88,1.94,1.68,2.21,1.74,2.11,True
3947,Bundesliga (Germany),2024,2025-10-15 18:00:00,Bun-Team-16,Bun-Team-02,FINISHED,0.0,1.0,1.14,0.84,3.14,3.18,2.33,2.23,1.64,2.68,1.48,True
3948,Bundesliga (Germany),2024,2025-10-15 13:00:00,Bun-Team-15,Bun-Team-01,FINISHED,3.0,0.0,1.32,0.92,1.84,3.27,4.69,2.62,1.5,2.97,1.4,True
3949,Bundesliga (Germany),2024,2025-10-15 16:00:00,Bun-Team-10,Bun-Team-05,FINISHED,1.0,0.0,1.12,0.76,2.47,3.04,3.1,2.49,1.53,3.11,1.37,True
3950,Bundesliga (Germany),2024,2025-10-15 16:00:00,Bun-Team-06,Bun-Team-14,FINISHED,2.0,2.0,3.04,1.36,1.39,5.71,5.89,1.4,2.95,1.25,4.03,True
3951,Bundesliga (Germany),2024,2025-10-15 18:00:00,Bun-Team-03,Bun-Team-04,FINISHED,2.0,0.0,0.89,1.02,2.85,3.05,2.67,2.4,1.58,2.98,1.4,True
3952,Bundesliga (Germany),2024,2025-10-15 21:00:00,Bun-Team-08,Bun-Team-09,FINISHED,0.0,3.0,0.32,0.87,6.85,2.71,1.84,4.61,1.2,5.7,1.14,True
3953,Ligue 1 (France),2024,2025-10-15 21:00:00,Lig-Team-04,Lig-Team-13,FINISHED,0.0,1.0,1.14,0.66,2.36,2.6,3.96,3.6,1.31,5.23,1.17,True
3954,Ligue 1 (France),2024,2025-10-15 16:00:00,Lig-Team-14,Lig-Team-09,FINISHED,0.0,3.0,0.89,1.77,3.06,3.43,2.28,1.98,1.82,2.25,1.66,True
3955,Ligue 1 (France),2024,2025-10-15 21:00:00,Lig-Team-12,Lig-Team-02,FINISHED,4.0,3.0,1.2,1.07,1.79,3.14,5.65,3.08,1.36,3.46,1.31,True
3956,Ligue 1 (France),2024,2025-10-15 13:00:00,Lig-Team-10,Lig-Team-16,FINISHED,0.0,0.0,0.67,1.03,3.85,2.89,2.2,2.89,1.44,3.65,1.29,True
3957,Ligue 1 (France),2024,2025-10-15 13:00:00,Lig-Team-03,Lig-Team-15,FINISHED,0.0,2.0,0.76,1.44,4.2,3.29,1.94,2.41,1.59,2.72,1.46,True
3958,Ligue 1 (France),2024,2025-10-15 13:00:00,Lig-Team-06,Lig-Team-07,FINISHED,0.0,0.0,1.11,1.79,3.5,3.71,1.97,1.85,1.97,1.95,1.84,True
3959,Ligue 1 (France),2024,2025-10-15 18:00:00,Lig-Team-08,Lig-Team-11,FINISHED,1.0,0.0,0.7,1.09,4.21,2.91,2.07,2.95,1.41,3.73,1.28,True
3960,Ligue 1 (France),2024,2025-10-15 16:00:00,Lig-Team-01,Lig-Team-05,FINISHED,3.0,2.0,1.46,1.05,2.02,3.4,3.61,2.15,1.71,2.43,1.57,True
3961,Premier League (England),2024,2025-10-16 18:00:00,Pre-Team-01,Pre-Team-11,FINISHED,0.0,2.0,1.11,1.25,2.5,3.76,2.54,1.66,2.24,1.76,2.08,True
3962,Premier League (England),2024,2025-10-16 18:00:00,Pre-Team-07,Pre-Team-10,FINISHED,2.0,3.0,1.89,1.59,1.92,4.35,3.26,1.43,2.82,1.41,2.89,True
3963,Premier League (England),2024,2025-10-16 21:00:00,Pre-Team-14,Pre-Team-09,FINISHED,0.0,0.0,1.01,0.75,2.71,2.54,3.35,3.51,1.3,5.14,1.16,True
3964,Premier League (England),2024,2025-10-16 13:00:00,Pre-Team-04,Pre-Team-08,FINISHED,1.0,1.0,1.82,0.63,1.3,4.93,11.68,2.94,1.4,2.2,1.7,True
3965,Premier League (England),2024,2025-10-16 18:00:00,Pre-Team-16,Pre-Team-05,FINISHED,0.0,0.0,0.98,0.52,2.32,2.61,4.02,3.52,1.29,4.96,1.18,True
3966,Premier League (England),2024,2025-10-16 18:00:00,Pre-Team-12,Pre-Team-02,FINISHED,0.0,1.0,1.11,1.78,5.2,4.11,1.59,1.95,1.88,1.9,1.93,True
3967,Premier League (England),2024,2025-10-16 18:00:00,Pre-Team-15,Pre-Team-03,FINISHED,0.0,2.0,1.25,1.06,2.57,3.14,2.86,2.26,1.66,2.75,1.47,True
3968,Premier League (England),2024,2025-10-16 21:00:00,Pre-Team-13,Pre-Team-06,FINISHED,1.0,3.0,1.34,0.59,2.19,3.16,3.49,2.4,1.59,2.86,1.44,True
3969,La Liga (Spain),2024,2025-10-16 16:00:00,La -Team-16,La -Team-10,FINISHED,0.0,2.0,1.17,1.59,4.02,3.69,1.84,1.96,1.86,2.08,1.76,True
3970,La Liga (Spain),2024,2025-10-16 21:00:00,La -Team-15,La -Team-13,FINISHED,1.0,0.0,1.0,0.85,2.2,3.08,3.56,2.48,1.54,3.01,1.39,True
3971,La Liga (Spain),2024,2025-10-16 18:00:00,La -Team-06,La -Team-02,FINISHED,4.0,0.0,1.82,1.09,2.04,3.97,3.15,1.61,2.34,1.66,2.22,True
3972,La Liga (Spain),2024,2025-10-16 16:00:00,La -Team-08,La -Team-07,FINISHED,2.0,0.0,1.42,0.6,1.66,3.21,6.66,3.34,1.34,3.58,1.31,True
3973,La Liga (Spain),2024,2025-10-16 13:00:00,La -Team-03,La -Team-01,FINISHED,3.0,1.0,1.64,2.1,2.72,4.4,2.15,1.35,3.22,1.33,3.28,True
3974,La Liga (Spain),2024,2025-10-16 16:00:00,La -Team-14,La -Team-12,FINISHED,1.0,1.0,1.22,1.14,2.62,3.09,2.8,2.28,1.61,2.78,1.43,True
3975,La Liga (Spain),2024,2025-10-16 21:00:00,La -Team-09,La -Team-11,FINISHED,0.0,1.0,0.84,1.6,3.26,3.66,2.09,1.82,2.0,1.97,1.85,True
3976,La Liga (Spain),2024,2025-10-16 13:00:00,La -Team-05,La -Team-04,FINISHED,0.0,1.0,1.21,0.72,1.74,3.34,5.36,2.73,1.46,2.93,1.39,True
3977,Serie A (Italy),2024,2025-10-16 18:00:00,Ser-Team-01,Ser-Team-02,FINISHED,1.0,0.0,0.96,0.76,2.05,3.04,4.04,2.67,1.48,3.25,1.35,True
3978,Serie A (Italy),2024,2025-10-16 18:00:00,Ser-Team-13,Ser-Team-04,FINISHED,0.0,2.0,0.76,0.98,3.43,2.79,2.39,2.91,1.41,3.84,1.27,True
3979,Serie A (Italy),2024,2025-10-16 16:00:00,Ser-Team-07,Ser-Team-10,FINISHED,1.0,3.0,1.35,1.51,2.63,3.79,2.39,1.64,2.28,1.73,2.13,True
3980,Serie A (Italy),2024,2025-10-16 13:00:00,Ser-Team-06,Ser-Team-05,FINISHED,0.0,0.0,0.48,0.53,7.47,2.29,2.06,6.67,1.11,9.24,1.06,True
3981,Serie A (Italy),2024,2025-10-16 18:00:00,Ser-Team-03,Ser-Team-12,FINISHED,1.0,3.0,1.18,1.77,3.01,3.67,2.19,1.77,2.06,1.89,1.88,True
3982,Serie A (Italy),2024,2025-10-16 13:00:00,Ser-Team-08,Ser-Team-16,FINISHED,2.0,2.0,1.88,1.92,2.23,4.39,2.59,1.34,3.29,1.32,3.43,True
3983,Serie A (Italy),2024,2025-10-16 21:00:00,Ser-Team-14,Ser-Team-11,FINISHED,2.0,0.0,1.37,0.72,1.69,3.46,5.6,2.65,1.49,2.8,1.44,True
3984,Serie A (Italy),2024,2025-10-16 21:00:00,Ser-Team-15,Ser-Team-09,FINISHED,0.0,0.0,0.68,0.76,3.07,2.97,2.52,2.49,1.55,3.1,1.37,True
3985,Bundesliga (Germany),2024,2025-10-16 18:00:00,Bun-Team-13,Bun-Team-06,FINISHED,3.0,1.0,1.17,1.86,3.4,4.19,1.9,1.5,2.62,1.5,2.62,True
3986,Bundesliga (Germany),2024,2025-10-16 13:00:00,Bun-Team-04,Bun-Team-14,FINISHED,3.0,3.0,1.5,1.85,2.44,4.12,2.44,1.43,2.84,1.46,2.76,True
3987,Bundesliga (Germany),2024,2025-10-16 18:00:00,Bun-Team-07,Bun-Team-09,FINISHED,2.0,1.0,0.6,1.14,3.45,2.92,2.31,2.7,1.46,3.47,1.32,True
3988,Bundesliga (Germany),2024,2025-10-16 13:00:00,Bun-Team-15,Bun-Team-10,FINISHED,2.0,1.0,1.07,0.48,1.8,3.17,5.24,2.85,1.42,3.23,1.36,True
3989,Bundesliga (Germany),2024,2025-10-16 21:00:00,Bun-Team-16,Bun-Team-03,FINISHED,1.0,3.0,0.9,0.73,2.31,2.86,3.57,2.86,1.42,3.67,1.28,True
3990,Bundesliga (Germany),2024,2025-10-16 13:00:00,Bun-Team-11,Bun-Team-08,FINISHED,2.0,0.0,0.97,0.65,2.01,3.11,4.16,2.61,1.51,3.09,1.38,True
3991,Bundesliga (Germany),2024,2025-10-16 16:00:00,Bun-Team-01,Bun-Team-02,FINISHED,1.0,2.0,1.45,1.22,2.01,3.44,3.65,2.1,1.75,2.32,1.61,True
3992,Bundesliga (Germany),2024,2025-10-16 18:00:00,Bun-Team-05,Bun-Team-12,FINISHED,1.0,1.0,1.18,1.3,3.15,3.22,2.35,2.24,1.65,2.65,1.5,True
3993,Ligue 1 (France),2024,2025-10-16 13:00:00,Lig-Team-10,Lig-Team-14,FINISHED,0.0,1.0,1.17,1.61,3.94,3.75,1.85,1.88,1.93,1.96,1.84,True
3994,Ligue 1 (France),2024,2025-10-16 18:00:00,Lig-Team-16,Lig-Team-13,FINISHED,2.0,0.0,1.09,0.62,2.75,2.57,3.23,3.4,1.31,4.91,1.18,True
3995,Ligue 1 (France),2024,2025-10-16 16:00:00,Lig-Team-11,Lig-Team-02,FINISHED,1.0,1.0,1.17,0.36,1.7,3.28,5.93,2.98,1.39,3.21,1.35,True
3996,Ligue 1 (France),2024,2025-10-16 16:00:00,Lig-Team-03,Lig-Team-09,FINISHED,0.0,1.0,1.0,0.98,3.5,2.77,2.42,2.97,1.4,3.96,1.25,True
3997,Ligue 1 (France),2024,2025-10-16 21:00:00,Lig-Team-12,Lig-Team-06,FINISHED,3.0,1.0,1.95,0.88,1.71,4.18,4.17,1.68,2.2,1.68,2.19,True
3998,Ligue 1 (France),2024,2025-10-16 13:00:00,Lig-Team-07,Lig-Team-15,FINISHED,1.0,1.0,1.15,1.07,2.6,3.29,2.7,2.08,1.73,2.48,1.56,True
3999,Ligue 1 (France),2024,2025-10-16 18:00:00,Lig-Team-05,Lig-Team-08,FINISHED,4.0,1.0,0.53,0.63,2.34,2.67,3.8,3.3,1.34,4.51,1.19,True
4000,Ligue 1 (France),2024,2025-10-16 16:00:00,Lig-Team-01,Lig-Team-04,FINISHED,0.0,0.0,1.16,0.88,2.81,2.84,2.86,2.78,1.47,3.64,1.28,True
4001,Premier League (England),2024,2025-10-22 18:00:00,Pre-Team-13,Pre-Team-16,FINISHED,2.0,0.0,0.74,0.68,3.32,2.61,2.68,3.33,1.34,4.77,1.19,True
4002,Premier League (England),2024,2025-10-22 16:00:00,Pre-Team-15,Pre-Team-05,FINISHED,0.0,1.0,0.93,1.02,2.9,2.92,2.67,2.61,1.51,3.36,1.33,True
4003,Premier League (England),2024,2025-10-22 16:00:00,Pre-Team-14,Pre-Team-03,FINISHED,1.0,0.0,1.03,0.96,2.7,2.86,2.98,2.74,1.45,3.66,1.29,True
4004,Premier League (England),2024,2025-10-22 18:00:00,Pre-Team-01,Pre-Team-09,FINISHED,0.0,0.0,1.05,0.78,1.98,3.21,4.08,2.48,1.54,2.89,1.42,True
4005,Premier League (England),2024,2025-10-22 16:00:00,Pre-Team-10,Pre-Team-07,FINISHED,2.0,3.0,1.37,1.11,2.29,4.19,2.64,1.42,2.88,1.43,2.86,True
4006,Premier League (England),2024,2025-10-22 21:00:00,Pre-Team-12,Pre-Team-11,FINISHED,1.0,1.0,1.23,2.27,4.13,4.57,1.68,1.49,2.64,1.44,2.82,True
4007,Premier League (England),2024,2025-10-22 16:00:00,Pre-Team-04,Pre-Team-06,FINISHED,0.0,0.0,2.45,0.48,1.46,4.42,6.75,2.13,1.71,1.94,1.88,True
4008,Premier League (England),2024,2025-10-22 18:00:00,Pre-Team-08,Pre-Team-02,FINISHED,0.0,2.0,0.63,1.53,6.97,3.34,1.63,3.29,1.34,3.38,1.33,True
4009,La Liga (Spain),2024,2025-10-22 18:00:00,La -Team-14,La -Team-06,FINISHED,1.0,3.0,1.52,1.19,1.83,3.44,4.57,2.32,1.6,2.53,1.51,True
4010,La Liga (Spain),2024,2025-10-22 18:00:00,La -Team-13,La -Team-15,FINISHED,1.0,2.0,0.97,0.78,2.67,3.01,2.84,2.48,1.57,3.08,1.39,True
4011,La Liga (Spain),2024,2025-10-22 21:00:00,La -Team-01,La -Team-04,FINISHED,0.0,2.0,1.05,0.94,2.33,3.13,3.27,2.37,1.61,2.83,1.44,True
4012,La Liga (Spain),2024,2025-10-22 18:00:00,La -Team-12,La -Team-07,FINISHED,1.0,1.0,2.08,0.42,1.36,4.53,9.88,2.84,1.44,2.28,1.63,True
4013,La Liga (Spain),2024,2025-10-22 21:00:00,La -Team-03,La -Team-09,FINISHED,0.0,4.0,2.48,2.31,2.21,4.82,2.5,1.21,4.53,1.17,5.07,True
4014,La Liga (Spain),2024,2025-10-22 21:00:00,La -Team-08,La -Team-11,FINISHED,0.0,1.0,1.11,0.56,2.35,2.68,3.79,3.3,1.35,4.48,1.2,True
4015,La Liga (Spain),2024,2025-10-22 21:00:00,La -Team-16,La -Team-05,FINISHED,0.0,2.0,0.75,2.06,5.19,3.96,1.63,2.09,1.76,2.06,1.79,True
4016,La Liga (Spain),2024,2025-10-22 21:00:00,La -Team-02,La -Team-10,FINISHED,1.0,2.0,1.45,1.73,2.41,4.03,2.54,1.52,2.56,1.55,2.44,True
4017,Serie A (Italy),2024,2025-10-22 13:00:00,Ser-Team-13,Ser-Team-08,FINISHED,0.0,0.0,1.67,1.01,1.47,4.67,6.07,1.85,1.99,1.67,2.22,True
4018,Serie A (Italy),2024,2025-10-22 21:00:00,Ser-Team-06,Ser-Team-11,FINISHED,0.0,1.0,0.02,0.55,4.21,2.2,2.73,5.24,1.16,9.03,1.07,True
4019,Serie A (Italy),2024,2025-10-22 16:00:00,Ser-Team-10,Ser-Team-12,FINISHED,1.0,0.0,1.3,1.47,2.35,3.85,2.66,1.61,2.31,1.69,2.17,True
4020,Serie A (Italy),2024,2025-10-22 21:00:00,Ser-Team-14,Ser-Team-04,FINISHED,2.0,1.0,0.9,0.86,2.81,2.83,2.86,2.79,1.45,3.64,1.29,True
4021,Serie A (Italy),2024,2025-10-22 13:00:00,Ser-Team-05,Ser-Team-03,FINISHED,2.0,3.0,1.28,0.96,1.8,3.45,4.53,2.32,1.61,2.53,1.53,True
4022,Serie A (Italy),2024,2025-10-22 21:00:00,Ser-Team-02,Ser-Team-07,FINISHED,3.0,1.0,1.16,0.91,1.98,3.24,3.96,2.37,1.57,2.73,1.45,True
4023,Serie A (Italy),2024,2025-10-22 21:00:00,Ser-Team-16,Ser-Team-09,FINISHED,0.0,0.0,0.74,1.53,3.73,3.63,1.95,1.95,1.86,2.11,1.75,True
4024,Serie A (Italy),2024,2025-10-22 13:00:00,Ser-Team-01,Ser-Team-15,FINISHED,1.0,0.0,1.46,0.42,1.56,3.76,6.55,2.61,1.5,2.53,1.53,True
4025,Bundesliga (Germany),2024,2025-10-22 16:00:00,Bun-Team-09,Bun-Team-07,FINISHED,6.0,0.0,1.33,0.2,1.87,3.16,4.78,2.77,1.44,3.21,1.35,True
4026,Bundesliga (Germany),2024,2025-10-22 16:00:00,Bun-Team-13,Bun-Team-15,FINISHED,0.0,0.0,1.38,1.8,3.99,3.59,1.87,2.05,1.79,2.2,1.68,True
4027,Bundesliga (Germany),2024,2025-10-22 21:00:00,Bun-Team-16,Bun-Team-04,FINISHED,3.0,2.0,1.23,1.12,2.54,3.25,2.8,2.13,1.73,2.53,1.53,True
4028,Bundesliga (Germany),2024,2025-10-22 16:00:00,Bun-Team-08,Bun-Team-14,FINISHED,0.0,3.0,1.18,1.53,3.53,3.43,2.06,2.07,1.76,2.31,1.61,True
4029,Bundesliga (Germany),2024,2025-10-22 16:00:00,Bun-Team-12,Bun-Team-10,FINISHED,0.0,1.0,1.42,1.07,1.81,3.49,4.48,2.26,1.65,2.46,1.55,True
4030,Bundesliga (Germany),2024,2025-10-22 16:00:00,Bun-Team-06,Bun-Team-02,FINISHED,1.0,0.0,1.4,1.24,1.6,4.27,5.01,1.83,2.0,1.77,2.08,True
4031,Bundesliga (Germany),2024,2025-10-22 18:00:00,Bun-Team-11,Bun-Team-05,FINISHED,0.0,2.0,1.43,1.77,3.16,3.48,2.19,1.95,1.86,2.17,1.7,True
4032,Bundesliga (Germany),2024,2025-10-22 18:00:00,Bun-Team-01,Bun-Team-03,FINISHED,1.0,0.0,1.29,0.47,1.63,3.51,6.05,2.72,1.44,2.86,1.44,True
4033,Ligue 1 (France),2024,2025-10-22 13:00:00,Lig-Team-07,Lig-Team-03,FINISHED,1.0,0.0,1.09,0.5,1.9,2.95,5.23,3.29,1.35,3.98,1.25,True
4034,Ligue 1 (France),2024,2025-10-22 21:00:00,Lig-Team-11,Lig-Team-06,FINISHED,4.0,0.0,1.96,1.11,1.67,4.34,4.41,1.64,2.26,1.59,2.36,True
4035,Ligue 1 (France),2024,2025-10-22 13:00:00,Lig-Team-14,Lig-Team-05,FINISHED,1.0,1.0,1.54,0.88,2.01,3.5,3.59,2.04,1.8,2.22,1.65,True
4036,Ligue 1 (France),2024,2025-10-22 21:00:00,Lig-Team-09,Lig-Team-16,FINISHED,0.0,0.0,1.17,0.74,1.97,2.89,4.8,3.19,1.35,3.99,1.25,True
4037,Ligue 1 (France),2024,2025-10-22 21:00:00,Lig-Team-15,Lig-Team-02,FINISHED,2.0,1.0,1.88,0.51,1.43,4.2,8.35,2.73,1.45,2.38,1.59,True
4038,Ligue 1 (France),2024,2025-10-22 13:00:00,Lig-Team-04,Lig-Team-12,FINISHED,0.0,1.0,1.01,0.76,2.7,2.69,3.13,3.07,1.36,4.29,1.22,True
4039,Ligue 1 (France),2024,2025-10-22 13:00:00,Lig-Team-10,Lig-Team-08,FINISHED,0.0,0.0,0.62,0.76,3.12,2.75,2.62,2.95,1.41,4.01,1.26,True
4040,Ligue 1 (France),2024,2025-10-22 18:00:00,Lig-Team-13,Lig-Team-01,FINISHED,0.0,2.0,1.5,0.92,2.4,3.18,3.1,2.26,1.64,2.71,1.47,True
4041,Premier League (England),2024,2025-10-23 16:00:00,Pre-Team-07,Pre-Team-14,FINISHED,3.0,2.0,1.4,1.58,2.96,3.5,2.29,1.87,1.97,2.06,1.79,True
4042,Premier League (England),2024,2025-10-23 16:00:00,Pre-Team-11,Pre-Team-06,FINISHED,1.0,1.0,2.18,0.81,1.6,4.23,5.01,1.84,1.96,1.81,2.03,True
4043,Premier League (England),2024,2025-10-23 21:00:00,Pre-Team-01,Pre-Team-12,FINISHED,2.0,0.0,1.98,1.33,1.53,4.63,5.18,1.67,2.23,1.55,2.45,True
4044,Premier League (England),2024,2025-10-23 21:00:00,Pre-Team-16,Pre-Team-02,FINISHED,0.0,1.0,0.71,0.81,3.1,2.6,2.82,3.33,1.34,4.74,1.19,True
4045,Premier League (England),2024,2025-10-23 18:00:00,Pre-Team-15,Pre-Team-10,FINISHED,0.0,0.0,1.02,0.75,1.72,3.72,4.77,2.09,1.73,2.19,1.66,True
4046,Premier League (England),2024,2025-10-23 18:00:00,Pre-Team-05,Pre-Team-09,FINISHED,1.0,1.0,1.01,0.5,2.22,2.77,3.96,3.18,1.36,4.21,1.24,True
4047,Premier League (England),2024,2025-10-23 13:00:00,Pre-Team-04,Pre-Team-03,FINISHED,2.0,0.0,2.07,1.13,1.55,4.11,5.81,2.11,1.73,2.02,1.82,True
4048,Premier League (England),2024,2025-10-23 21:00:00,Pre-Team-08,Pre-Team-13,FINISHED,0.0,0.0,0.71,1.34,4.05,2.8,2.2,3.06,1.38,4.05,1.25,True
4049,La Liga (Spain),2024,2025-10-23 13:00:00,La -Team-14,La -Team-10,FINISHED,1.0,3.0,1.12,0.92,1.86,3.5,4.12,2.15,1.71,2.34,1.6,True
4050,La Liga (Spain),2024,2025-10-23 18:00:00,La -Team-06,La -Team-04,FINISHED,0.0,0.0,0.94,0.61,2.11,3.01,3.99,2.77,1.45,3.4,1.33,True
4051,La Liga (Spain),2024,2025-10-23 13:00:00,La -Team-03,La -Team-01,FINISHED,1.0,2.0,1.85,2.21,2.74,4.37,2.15,1.35,3.21,1.33,3.29,True
4052,La Liga (Spain),2024,2025-10-23 21:00:00,La -Team-15,La -Team-09,FINISHED,3.0,3.0,1.73,1.12,1.72,4.22,4.16,1.66,2.25,1.63,2.29,True
4053,La Liga (Spain),2024,2025-10-23 13:00:00,La -Team-16,La -Team-08,FINISHED,2.0,2.0,1.0,1.31,4.68,3.16,1.88,2.67,1.48,3.06,1.39,True
4054,La Liga (Spain),2024,2025-10-23 18:00:00,La -Team-02,La -Team-13,FINISHED,0.0,0.0,1.49,0.82,1.99,3.77,3.41,1.78,2.05,1.89,1.93,True
4055,La Liga (Spain),2024,2025-10-23 16:00:00,La -Team-07,La -Team-05,FINISHED,1.0,1.0,0.78,1.24,5.02,3.49,1.73,2.42,1.57,2.58,1.52,True
4056,La Liga (Spain),2024,2025-10-23 21:00:00,La -Team-11,La -Team-12,FINISHED,0.0,1.0,1.0,1.24,3.51,3.01,2.26,2.58,1.51,3.2,1.36,True
4057,Serie A (Italy),2024,2025-10-23 18:00:00,Ser-Team-02,Ser-Team-13,FINISHED,0.0,1.0,0.88,0.6,2.16,2.91,3.92,2.95,1.41,3.8,1.27,True
4058,Serie A (Italy),2024,2025-10-23 18:00:00,Ser-Team-07,Ser-Team-14,FINISHED,0.0,0.0,0.8,1.13,2.96,3.16,2.48,2.27,1.64,2.73,1.45,True
4059,Serie A (Italy),2024,2025-10-23 21:00:00,Ser-Team-10,Ser-Team-16,FINISHED,3.0,1.0,2.81,1.17,1.33,5.77,7.26,1.6,2.33,1.35,3.19,True
4060,Serie A (Italy),2024,2025-10-23 16:00:00,Ser-Team-08,Ser-Team-12,FINISHED,2.0,1.0,1.39,2.93,5.86,5.27,1.44,1.55,2.51,1.38,3.09,True
4061,Serie A (Italy),2024,2025-10-23 18:00:00,Ser-Team-04,Ser-Team-11,FINISHED,0.0,1.0,1.46,0.71,1.58,3.63,6.62,2.81,1.45,2.79,1.45,True
4062,Serie A (Italy),2024,2025-10-23 18:00:00,Ser-Team-09,Ser-Team-06,FINISHED,3.0,1.0,0.68,0.91,1.87,2.52,7.74,5.74,1.14,7.17,1.11,True
4063,Serie A (Italy),2024,2025-10-23 21:00:00,Ser-Team-03,Ser-Team-01,FINISHED,1.0,3.0,1.0,1.27,3.68,3.54,1.98,2.01,1.82,2.2,1.69,True
4064,Serie A (Italy),2024,2025-10-23 13:00:00,Ser-Team-05,Ser-Team-15,FINISHED,2.0,0.0,1.45,0.58,1.75,3.21,5.55,2.94,1.42,3.25,1.35,True
4065,Bundesliga (Germany),2024,2025-10-23 13:00:00,Bun-Team-01,Bun-Team-15,FINISHED,2.0,0.0,0.94,0.95,3.4,3.0,2.31,2.55,1.52,3.2,1.36,True
4066,Bundesliga (Germany),2024,2025-10-23 13:00:00,Bun-Team-04,Bun-Team-14,FINISHED,4.0,0.0,1.89,1.55,2.44,4.2,2.45,1.44,2.83,1.44,2.76,True
4067,Bundesliga (Germany),2024,2025-10-23 13:00:00,Bun-Team-12,Bun-Team-06,FINISHED,1.0,0.0,1.42,1.54,2.22,3.71,2.96,1.74,2.11,1.86,1.94,True
4068,Bundesliga (Germany),2024,2025-10-23 16:00:00,Bun-Team-02,Bun-Team-05,FINISHED,2.0,1.0,1.31,1.04,2.58,3.17,2.82,2.24,1.65,2.7,1.47,True
4069,Bundesliga (Germany),2024,2025-10-23 16:00:00,Bun-Team-09,Bun-Team-13,FINISHED,4.0,0.0,1.46,0.62,1.64,3.77,5.38,2.3,1.64,2.33,1.62,True
4070,Bundesliga (Germany),2024,2025-10-23 13:00:00,Bun-Team-03,Bun-Team-11,FINISHED,1.0,3.0,1.04,1.13,2.68,3.23,2.63,2.12,1.7,2.52,1.54,True
4071,Bundesliga (Germany),2024,2025-10-23 13:00:00,Bun-Team-10,Bun-Team-08,FINISHED,1.0,0.0,1.32,0.67,1.81,2.94,6.02,3.66,1.3,4.26,1.23,True
4072,Bundesliga (Germany),2024,2025-10-23 21:00:00,Bun-Team-07,Bun-Team-16,FINISHED,0.0,0.0,1.26,0.65,1.73,3.58,4.86,2.3,1.62,2.41,1.56,True
4073,Ligue 1 (France),2024,2025-10-23 13:00:00,Lig-Team-15,Lig-Team-10,FINISHED,6.0,0.0,2.59,0.52,1.18,7.1,14.58,2.23,1.66,1.52,2.59,True
4074,Ligue 1 (France),2024,2025-10-23 13:00:00,Lig-Team-09,Lig-Team-05,FINISHED,5.0,1.0,1.37,0.65,1.73,3.4,5.24,2.61,1.52,2.81,1.45,True
4075,Ligue 1 (France),2024,2025-10-23 13:00:00,Lig-Team-01,Lig-Team-11,FINISHED,2.0,2.0,1.23,1.31,2.87,3.45,2.35,1.93,1.88,2.17,1.7,True
4076,Ligue 1 (France),2024,2025-10-23 21:00:00,Lig-Team-08,Lig-Team-07,FINISHED,3.0,0.0,0.57,1.08,4.88,2.75,2.04,3.57,1.3,4.64,1.19,True
4077,Ligue 1 (France),2024,2025-10-23 18:00:00,Lig-Team-03,Lig-Team-02,FINISHED,1.0,0.0,0.88,0.52,2.3,2.54,4.3,3.87,1.26,5.59,1.15,True
4078,Ligue 1 (France),2024,2025-10-23 13:00:00,Lig-Team-14,Lig-Team-12,FINISHED,0.0,0.0,0.92,1.73,2.77,3.49,2.41,1.9,1.93,2.1,1.75,True
4079,Ligue 1 (France),2024,2025-10-23 16:00:00,Lig-Team-04,Lig-Team-13,FINISHED,1.0,0.0,0.86,1.07,2.34,2.59,3.99,3.64,1.3,5.15,1.16,True
4080,Ligue 1 (France),2024,2025-10-23 18:00:00,Lig-Team-06,Lig-Team-16,FINISHED,2.0,3.0,1.26,0.85,2.28,3.29,3.13,2.1,1.75,2.42,1.58,True
4081,Premier League (England),2024,2025-10-29 16:00:00,Pre-Team-01,Pre-Team-13,FINISHED,2.0,0.0,1.28,0.91,2.04,3.34,3.71,2.21,1.68,2.52,1.55,True
4082,Premier League (England),2024,2025-10-29 16:00:00,Pre-Team-06,Pre-Team-05,FINISHED,0.0,0.0,0.84,0.99,2.92,2.99,2.6,2.48,1.56,3.13,1.37,True
4083,Premier League (England),2024,2025-10-29 16:00:00,Pre-Team-14,Pre-Team-15,FINISHED,1.0,1.0,0.91,0.65,2.54,2.8,3.27,2.92,1.43,3.92,1.27,True
4084,Premier League (England),2024,2025-10-29 21:00:00,Pre-Team-02,Pre-Team-16,FINISHED,3.0,0.0,0.9,0.73,2.24,2.67,4.14,3.36,1.34,4.56,1.21,True
4085,Premier League (England),2024,2025-10-29 16:00:00,Pre-Team-09,Pre-Team-10,FINISHED,1.0,0.0,1.42,0.74,1.8,3.42,4.85,2.46,1.54,2.71,1.48,True
4086,Premier League (England),2024,2025-10-29 13:00:00,Pre-Team-11,Pre-Team-03,FINISHED,1.0,2.0,1.63,1.2,1.7,3.98,4.35,1.81,1.98,1.85,1.98,True
4087,Premier League (England),2024,2025-10-29 13:00:00,Pre-Team-07,Pre-Team-08,FINISHED,2.0,0.0,1.46,1.1,2.05,3.62,3.39,1.85,1.96,2.01,1.8,True
4088,Premier League (England),2024,2025-10-29 13:00:00,Pre-Team-12,Pre-Team-04,FINISHED,0.0,2.0,0.55,2.3,5.58,4.78,1.48,1.68,2.19,1.53,2.49,True
4089,La Liga (Spain),2024,2025-10-29 21:00:00,La -Team-11,La -Team-10,FINISHED,1.0,2.0,1.22,1.18,2.43,3.11,3.07,2.33,1.6,2.83,1.44,True
4090,La Liga (Spain),2024,2025-10-29 18:00:00,La -Team-12,La -Team-04,FINISHED,1.0,0.0,1.58,0.24,1.59,3.48,6.78,2.99,1.41,3.01,1.39,True
4091,La Liga (Spain),2024,2025-10-29 18:00:00,La -Team-05,La -Team-08,FINISHED,3.0,3.0,1.27,0.95,2.25,3.08,3.43,2.46,1.55,3.0,1.39,True
4092,La Liga (Spain),2024,2025-10-29 16:00:00,La -Team-14,La -Team-02,FINISHED,1.0,0.0,1.63,0.86,1.62,4.22,4.92,1.8,2.01,1.77,2.08,True
4093,La Liga (Spain),2024,2025-10-29 13:00:00,La -Team-09,La -Team-16,FINISHED,2.0,2.0,2.14,0.98,1.85,4.18,3.54,1.55,2.44,1.55,2.47,True
4094,La Liga (Spain),2024,2025-10-29 21:00:00,La -Team-06,La -Team-15,FINISHED,1.0,1.0,1.32,1.18,2.23,3.26,3.27,2.22,1.67,2.57,1.51,True
4095,La Liga (Spain),2024,2025-10-29 21:00:00,La -Team-03,La -Team-13,FINISHED,1.0,3.0,1.51,1.55,2.79,3.82,2.25,1.62,2.28,1.71,2.16,True
4096,La Liga (Spain),2024,2025-10-29 21:00:00,La -Team-01,La -Team-07,FINISHED,1.0,1.0,1.89,1.35,1.84,3.56,4.29,2.16,1.71,2.36,1.61,True
4097,Serie A (Italy),2024,2025-10-29 18:00:00,Ser-Team-07,Ser-Team-04,FINISHED,0.0,3.0,0.83,1.4,3.42,3.19,2.21,2.35,1.61,2.8,1.45,True
4098,Serie A (Italy),2024,2025-10-29 18:00:00,Ser-Team-06,Ser-Team-13,FINISHED,0.0,0.0,0.26,0.73,5.59,2.19,2.36,6.02,1.13,9.83,1.05,True
4099,Serie A (Italy),2024,2025-10-29 21:00:00,Ser-Team-11,Ser-Team-01,FINISHED,2.0,4.0,0.61,1.14,4.87,3.38,1.8,2.49,1.54,2.74,1.46,True
4100,Serie A (Italy),2024,2025-10-29 18:00:00,Ser-Team-12,Ser-Team-08,FINISHED,4.0,2.0,2.85,0.86,1.22,7.18,10.28,1.66,2.24,1.29,3.71,True
4101,Serie A (Italy),2024,2025-10-29 13:00:00,Ser-Team-15,Ser-Team-14,FINISHED,0.0,0.0,0.85,1.0,3.63,3.04,2.19,2.56,1.52,3.15,1.35,True
4102,Serie A (Italy),2024,2025-10-29 16:00:00,Ser-Team-05,Ser-Team-09,FINISHED,1.0,0.0,1.2,0.24,2.09,2.91,4.15,2.91,1.42,3.64,1.28,True
4103,Serie A (Italy),2024,2025-10-29 18:00:00,Ser-Team-16,Ser-Team-02,FINISHED,2.0,0.0,1.09,1.67,4.49,3.68,1.78,2.09,1.76,2.18,1.69,True
4104,Serie A (Italy),2024,2025-10-29 13:00:00,Ser-Team-10,Ser-Team-03,FINISHED,1.0,2.0,2.04,1.18,1.76,4.31,3.88,1.55,2.46,1.53,2.49,True
4105,Bundesliga (Germany),2024,2025-10-29 21:00:00,Bun-Team-13,Bun-Team-16,FINISHED,0.0,1.0,1.61,0.7,1.74,3.88,4.28,1.89,1.94,1.92,1.89,True
4106,Bundesliga (Germany),2024,2025-10-29 18:00:00,Bun-Team-06,Bun-Team-12,FINISHED,2.0,3.0,1.6,1.26,2.17,3.71,3.0,1.72,2.12,1.87,1.96,True
4107,Bundesliga (Germany),2024,2025-10-29 16:00:00,Bun-Team-03,Bun-Team-04,FINISHED,0.0,0.0,1.05,1.26,2.84,3.05,2.64,2.39,1.59,2.97,1.4,True
4108,Bundesliga (Germany),2024,2025-10-29 18:00:00,Bun-Team-11,Bun-Team-02,FINISHED,1.0,2.0,1.23,1.41,2.81,3.61,2.33,1.74,2.09,1.89,1.9,True
4109,Bundesliga (Germany),2024,2025-10-29 13:00:00,Bun-Team-01,Bun-Team-07,FINISHED,3.0,1.0,1.42,0.86,2.13,3.41,3.31,2.05,1.77,2.31,1.59,True
4110,Bundesliga (Germany),2024,2025-10-29 16:00:00,Bun-Team-05,Bun-Team-15,FINISHED,1.0,0.0,0.92,1.19,3.71,2.93,2.26,2.82,1.44,3.56,1.3,True
4111,Bundesliga (Germany),2024,2025-10-29 16:00:00,Bun-Team-10,Bun-Team-09,FINISHED,0.0,0.0,0.72,0.87,3.61,2.75,2.38,3.07,1.39,4.16,1.25,True
4112,Bundesliga (Germany),2024,2025-10-29 18:00:00,Bun-Team-14,Bun-Team-08,FINISHED,2.0,1.0,1.88,0.61,1.65,3.84,5.15,2.15,1.72,2.18,1.7,True
4113,Ligue 1 (France),2024,2025-10-29 16:00:00,Lig-Team-07,Lig-Team-14,FINISHED,3.0,0.0,1.67,0.87,1.72,3.67,4.78,2.18,1.7,2.28,1.64,True
4114,Ligue 1 (France),2024,2025-10-29 18:00:00,Lig-Team-03,Lig-Team-11,FINISHED,1.0,0.0,1.04,1.21,3.29,2.92,2.4,2.68,1.49,3.45,1.32,True
4115,Ligue 1 (France),2024,2025-10-29 13:00:00,Lig-Team-09,Lig-Team-05,FINISHED,1.0,3.0,1.26,0.76,1.74,3.43,5.22,2.6,1.5,2.8,1.45,True
4116,Ligue 1 (France),2024,2025-10-29 13:00:00,Lig-Team-15,Lig-Team-13,FINISHED,2.0,1.0,1.44,0.66,1.58,3.92,5.75,2.25,1.65,2.21,1.68,True
4117,Ligue 1 (France),2024,2025-10-29 13:00:00,Lig-Team-06,Lig-Team-01,FINISHED,1.0,1.0,1.64,1.56,2.24,4.0,2.73,1.52,2.51,1.58,2.43,True
4118,Ligue 1 (France),2024,2025-10-29 21:00:00,Lig-Team-12,Lig-Team-10,FINISHED,3.0,0.0,1.97,0.53,1.39,4.52,8.05,2.38,1.6,2.03,1.79,True
4119,Ligue 1 (France),2024,2025-10-29 16:00:00,Lig-Team-16,Lig-Team-08,FINISHED,0.0,0.0,1.05,0.56,2.38,2.41,4.36,4.28,1.22,6.5,1.11,True
4120,Ligue 1 (France),2024,2025-10-29 18:00:00,Lig-Team-04,Lig-Team-02,FINISHED,1.0,0.0,0.99,0.18,2.07,2.51,5.48,4.43,1.22,6.12,1.13,True
4121,Premier League (England),2024,2025-10-30 13:00:00,Pre-Team-06,Pre-Team-02,FINISHED,1.0,1.0,0.96,1.44,4.33,3.28,1.91,2.42,1.57,2.77,1.45,True
4122,Premier League (England),2024,2025-10-30 21:00:00,Pre-Team-03,Pre-Team-09,FINISHED,1.0,0.0,0.71,0.77,2.31,2.95,3.49,2.68,1.48,3.4,1.32,True
4123,Premier League (England),2024,2025-10-30 21:00:00,Pre-Team-15,Pre-Team-07,FINISHED,1.0,2.0,1.96,1.28,1.67,4.36,4.32,1.62,2.28,1.6,2.36,True
4124,Premier League (England),2024,2025-10-30 16:00:00,Pre-Team-16,Pre-Team-12,FINISHED,0.0,1.0,1.42,0.77,1.61,3.77,5.84,2.43,1.57,2.41,1.57,True
4125,Premier League (England),2024,2025-10-30 21:00:00,Pre-Team-10,Pre-Team-11,FINISHED,2.0,1.0,0.87,1.98,5.7,4.71,1.5,1.73,2.11,1.59,2.37,True
4126,Premier League (England),2024,2025-10-30 21:00:00,Pre-Team-01,Pre-Team-04,FINISHED,0.0,1.0,1.15,1.42,3.18,3.61,2.13,1.85,2.0,2.0,1.8,True
4127,Premier League (England),2024,2025-10-30 16:00:00,Pre-Team-13,Pre-Team-05,FINISHED,0.0,1.0,1.28,0.91,2.7,2.85,2.97,2.75,1.45,3.63,1.3,True
4128,Premier League (England),2024,2025-10-30 13:00:00,Pre-Team-08,Pre-Team-14,FINISHED,0.0,1.0,0.84,1.24,3.75,2.52,2.51,3.64,1.29,5.3,1.16,True
4129,La Liga (Spain),2024,2025-10-30 13:00:00,La -Team-03,La -Team-14,FINISHED,1.0,2.0,0.97,1.97,5.5,4.68,1.49,1.7,2.17,1.57,2.43,True
4130,La Liga (Spain),2024,2025-10-30 13:00:00,La -Team-11,La -Team-05,FINISHED,0.0,0.0,0.9,0.9,2.89,3.07,2.59,2.42,1.58,3.0,1.4,True
4131,La Liga (Spain),2024,2025-10-30 16:00:00,La -Team-08,La -Team-09,FINISHED,4.0,1.0,1.56,1.05,1.52,4.35,5.77,1.94,1.86,1.83,1.98,True
4132,La Liga (Spain),2024,2025-10-30 13:00:00,La -Team-16,La -Team-01,FINISHED,3.0,4.0,1.29,1.5,3.0,3.59,2.23,1.82,1.98,1.97,1.82,True
4133,La Liga (Spain),2024,2025-10-30 13:00:00,La -Team-07,La -Team-12,FINISHED,1.0,2.0,0.6,1.28,6.44,3.68,1.6,2.65,1.49,2.61,1.48,True
4134,La Liga (Spain),2024,2025-10-30 13:00:00,La -Team-04,La -Team-13,FINISHED,2.0,1.0,0.86,0.63,2.64,2.71,3.24,3.09,1.37,4.3,1.22,True
4135,La Liga (Spain),2024,2025-10-30 16:00:00,La -Team-06,La -Team-10,FINISHED,1.0,2.0,1.44,1.05,2.42,3.5,2.81,1.92,1.9,2.15,1.71,True
4136,La Liga (Spain),2024,2025-10-30 21:00:00,La -Team-02,La -Team-15,FINISHED,2.0,3.0,1.29,1.27,2.17,3.75,2.99,1.7,2.16,1.81,2.0,True
4137,Serie A (Italy),2024,2025-10-30 13:00:00,Ser-Team-02,Ser-Team-07,FINISHED,1.0,1.0,1.04,0.86,2.01,3.24,3.96,2.38,1.59,2.71,1.47,True
4138,Serie A (Italy),2024,2025-10-30 18:00:00,Ser-Team-08,Ser-Team-14,FINISHED,0.0,0.0,0.98,1.69,5.33,4.53,1.54,1.74,2.09,1.64,2.27,True
4139,Serie A (Italy),2024,2025-10-30 16:00:00,Ser-Team-12,Ser-Team-11,FINISHED,0.0,0.0,1.76,0.86,1.56,3.99,5.89,2.24,1.64,2.16,1.69,True
4140,Serie A (Italy),2024,2025-10-30 21:00:00,Ser-Team-09,Ser-Team-03,FINISHED,3.0,1.0,1.7,1.25,2.12,3.44,3.42,2.02,1.8,2.28,1.64,True
4141,Serie A (Italy),2024,2025-10-30 18:00:00,Ser-Team-15,Ser-Team-04,FINISHED,0.0,2.0,0.5,1.55,4.26,3.09,2.0,2.67,1.48,3.19,1.36,True
4142,Serie A (Italy),2024,2025-10-30 16:00:00,Ser-Team-10,Ser-Team-13,FINISHED,1.0,0.0,1.1,0.75,1.99,3.58,3.67,1.94,1.85,2.15,1.72,True
4143,Serie A (Italy),2024,2025-10-30 21:00:00,Ser-Team-16,Ser-Team-01,FINISHED,0.0,4.0,0.97,1.87,6.14,4.38,1.48,2.01,1.8,1.87,1.95,True
4144,Serie A (Italy),2024,2025-10-30 18:00:00,Ser-Team-05,Ser-Team-06,FINISHED,1.0,0.0,0.91,0.23,1.75,2.58,10.29,6.9,1.1,7.4,1.08,True
4145,Bundesliga (Germany),2024,2025-10-30 21:00:00,Bun-Team-03,Bun-Team-02,FINISHED,0.0,2.0,1.01,1.15,3.52,3.04,2.21,2.5,1.53,3.11,1.37,True
4146,Bundesliga (Germany),2024,2025-10-30 21:00:00,Bun-Team-16,Bun-Team-01,FINISHED,1.0,0.0,0.85,1.07,3.76,3.23,2.06,2.32,1.61,2.72,1.46,True
4147,Bundesliga (Germany),2024,2025-10-30 18:00:00,Bun-Team-07,Bun-Team-10,FINISHED,4.0,2.0,0.85,1.26,2.3,3.22,3.13,2.2,1.69,2.6,1.5,True
4148,Bundesliga (Germany),2024,2025-10-30 13:00:00,Bun-Team-08,Bun-Team-06,FINISHED,0.0,3.0,0.91,1.43,6.4,3.6,1.6,2.74,1.46,2.76,1.45,True
4149,Bundesliga (Germany),2024,2025-10-30 16:00:00,Bun-Team-15,Bun-Team-14,FINISHED,1.0,0.0,2.11,0.94,1.43,4.84,6.56,1.86,1.94,1.65,2.24,True
4150,Bundesliga (Germany),2024,2025-10-30 16:00:00,Bun-Team-04,Bun-Team-11,FINISHED,0.0,1.0,1.39,0.89,2.12,3.79,3.11,1.71,2.14,1.8,2.03,True
4151,Bundesliga (Germany),2024,2025-10-30 16:00:00,Bun-Team-05,Bun-Team-09,FINISHED,0.0,3.0,0.62,1.03,3.51,2.72,2.41,3.12,1.37,4.21,1.23,True
4152,Bundesliga (Germany),2024,2025-10-30 18:00:00,Bun-Team-13,Bun-Team-12,FINISHED,0.0,4.0,0.97,1.62,3.38,3.91,1.97,1.68,2.21,1.72,2.1,True
4153,Ligue 1 (France),2024,2025-10-30 21:00:00,Lig-Team-05,Lig-Team-13,FINISHED,1.0,1.0,0.53,0.71,2.76,2.86,2.83,2.68,1.5,3.49,1.31,True
4154,Ligue 1 (France),2024,2025-10-30 18:00:00,Lig-Team-15,Lig-Team-14,FINISHED,5.0,1.0,2.2,0.68,1.47,4.78,5.92,1.75,2.11,1.57,2.37,True
4155,Ligue 1 (France),2024,2025-10-30 13:00:00,Lig-Team-10,Lig-Team-16,FINISHED,1.0,3.0,0.81,1.0,3.86,2.92,2.21,2.85,1.43,3.69,1.29,True
4156,Ligue 1 (France),2024,2025-10-30 13:00:00,Lig-Team-11,Lig-Team-09,FINISHED,1.0,2.0,1.22,1.1,2.43,3.19,2.98,2.23,1.66,2.65,1.5,True
4157,Ligue 1 (France),2024,2025-10-30 18:00:00,Lig-Team-08,Lig-Team-04,FINISHED,0.0,1.0,0.37,1.13,4.07,2.33,2.58,4.54,1.2,7.19,1.1,True
4158,Ligue 1 (France),2024,2025-10-30 21:00:00,Lig-Team-01,Lig-Team-03,FINISHED,1.0,0.0,1.07,1.21,2.29,3.04,3.42,2.48,1.53,3.1,1.39,True
4159,Ligue 1 (France),2024,2025-10-30 21:00:00,Lig-Team-12,Lig-Team-06,FINISHED,2.0,1.0,2.12,1.12,1.73,4.11,4.16,1.68,2.18,1.69,2.17,True
4160,Ligue 1 (France),2024,2025-10-30 13:00:00,Lig-Team-02,Lig-Team-07,FINISHED,0.0,0.0,0.59,0.54,4.87,2.78,2.01,3.47,1.3,4.44,1.21,True
4161,Premier League (England),2024,2025-11-05 13:00:00,Pre-Team-11,Pre-Team-02,FINISHED,0.0,1.0,1.09,1.29,2.69,3.46,2.54,1.93,1.89,2.2,1.69,True
4162,Premier League (England),2024,2025-11-05 18:00:00,Pre-Team-14,Pre-Team-06,FINISHED,0.0,0.0,1.06,0.64,2.48,2.86,3.23,2.75,1.44,3.65,1.29,True
4163,Premier League (England),2024,2025-11-05 18:00:00,Pre-Team-09,Pre-Team-16,FINISHED,1.0,2.0,0.77,0.7,3.7,2.49,2.6,3.82,1.27,5.73,1.14,True
4164,Premier League (England),2024,2025-11-05 16:00:00,Pre-Team-05,Pre-Team-10,FINISHED,1.0,1.0,1.85,1.17,1.56,3.88,6.22,2.4,1.58,2.33,1.6,True
4165,Premier League (England),2024,2025-11-05 13:00:00,Pre-Team-03,Pre-Team-15,FINISHED,1.0,0.0,0.75,1.14,2.16,3.26,3.43,2.27,1.63,2.7,1.48,True
4166,Premier League (England),2024,2025-11-05 18:00:00,Pre-Team-12,Pre-Team-04,FINISHED,1.0,3.0,1.07,2.09,5.63,4.8,1.5,1.68,2.18,1.53,2.49,True
4167,Premier League (England),2024,2025-11-05 21:00:00,Pre-Team-01,Pre-Team-08,FINISHED,3.0,0.0,1.59,0.32,1.55,3.8,6.84,2.71,1.46,2.59,1.5,True
4168,Premier League (England),2024,2025-11-05 21:00:00,Pre-Team-07,Pre-Team-13,FINISHED,2.0,2.0,1.42,1.6,3.3,3.92,1.99,1.65,2.23,1.73,2.13,True
4169,La Liga (Spain),2024,2025-11-05 21:00:00,La -Team-12,La -Team-14,FINISHED,0.0,0.0,1.15,1.04,2.16,3.22,3.53,2.32,1.62,2.76,1.45,True
4170,La Liga (Spain),2024,2025-11-05 16:00:00,La -Team-01,La -Team-03,FINISHED,1.0,2.0,2.27,0.91,1.62,4.89,4.11,1.39,3.05,1.3,3.49,True
4171,La Liga (Spain),2024,2025-11-05 16:00:00,La -Team-06,La -Team-10,FINISHED,3.0,1.0,1.6,1.03,2.38,3.48,2.81,1.88,1.9,2.13,1.72,True
4172,La Liga (Spain),2024,2025-11-05 13:00:00,La -Team-04,La -Team-08,FINISHED,0.0,1.0,0.3,0.86,3.72,2.56,2.49,3.61,1.3,5.14,1.17,True
4173,La Liga (Spain),2024,2025-11-05 18:00:00,La -Team-15,La -Team-05,FINISHED,0.0,3.0,1.31,1.23,3.14,3.31,2.29,2.12,1.74,2.44,1.57,True
4174,La Liga (Spain),2024,2025-11-05 18:00:00,La -Team-11,La -Team-07,FINISHED,2.0,0.0,1.16,0.54,1.78,3.09,5.62,3.21,1.36,3.67,1.29,True
4175,La Liga (Spain),2024,2025-11-05 13:00:00,La -Team-09,La -Team-16,FINISHED,3.0,0.0,1.86,1.38,1.85,4.15,3.54,1.56,2.48,1.56,2.42,True
4176,La Liga (Spain),2024,2025-11-05 16:00:00,La -Team-13,La -Team-02,FINISHED,3.0,0.0,1.22,1.32,2.46,3.64,2.65,1.75,2.07,1.9,1.91,True
4177,Serie A (Italy),2024,2025-11-05 18:00:00,Ser-Team-13,Ser-Team-02,FINISHED,0.0,0.0,0.99,1.07,2.95,2.78,2.78,2.89,1.41,3.94,1.26,True
4178,Serie A (Italy),2024,2025-11-05 18:00:00,Ser-Team-04,Ser-Team-12,FINISHED,2.0,1.0,1.3,1.05,2.17,3.23,3.47,2.32,1.62,2.71,1.46,True
4179,Serie A (Italy),2024,2025-11-05 16:00:00,Ser-Team-08,Ser-Team-03,FINISHED,2.0,4.0,1.48,2.48,3.67,4.59,1.76,1.4,2.98,1.36,3.21,True
4180,Serie A (Italy),2024,2025-11-05 21:00:00,Ser-Team-09,Ser-Team-11,FINISHED,1.0,0.0,1.47,1.05,1.89,3.27,4.44,2.52,1.54,2.86,1.42,True
4181,Serie A (Italy),2024,2025-11-05 21:00:00,Ser-Team-15,Ser-Team-05,FINISHED,1.0,1.0,0.58,1.31,3.95,2.94,2.15,2.85,1.43,3.57,1.31,True
4182,Serie A (Italy),2024,2025-11-05 13:00:00,Ser-Team-14,Ser-Team-01,FINISHED,1.0,2.0,0.77,1.16,2.89,2.94,2.67,2.55,1.52,3.24,1.35,True
4183,Serie A (Italy),2024,2025-11-05 21:00:00,Ser-Team-07,Ser-Team-16,FINISHED,2.0,1.0,1.63,0.85,1.58,4.32,5.1,1.78,2.04,1.72,2.13,True
4184,Serie A (Italy),2024,2025-11-05 13:00:00,Ser-Team-06,Ser-Team-10,FINISHED,0.0,0.0,0.08,0.99,6.11,2.91,1.81,3.7,1.29,4.33,1.21,True
4185,Bundesliga (Germany),2024,2025-11-05 16:00:00,Bun-Team-10,Bun-Team-02,FINISHED,1.0,0.0,1.4,1.1,2.22,3.22,3.31,2.24,1.66,2.61,1.49,True
4186,Bundesliga (Germany),2024,2025-11-05 18:00:00,Bun-Team-14,Bun-Team-12,FINISHED,0.0,3.0,1.13,1.92,3.58,4.33,1.82,1.5,2.67,1.47,2.72,True
4187,Bundesliga (Germany),2024,2025-11-05 18:00:00,Bun-Team-03,Bun-Team-13,FINISHED,0.0,2.0,0.91,1.22,3.35,3.43,2.13,2.03,1.78,2.29,1.65,True
4188,Bundesliga (Germany),2024,2025-11-05 18:00:00,Bun-Team-05,Bun-Team-16,FINISHED,2.0,0.0,1.56,0.65,1.8,3.32,4.98,2.59,1.5,2.88,1.42,True
4189,Bundesliga (Germany),2024,2025-11-05 21:00:00,Bun-Team-07,Bun-Team-04,FINISHED,1.0,1.0,1.49,1.0,1.77,3.79,4.32,1.96,1.84,2.07,1.77,True
4190,Bundesliga (Germany),2024,2025-11-05 16:00:00,Bun-Team-09,Bun-Team-11,FINISHED,1.0,1.0,1.71,0.71,1.47,4.1,7.38,2.54,1.53,2.31,1.62,True
4191,Bundesliga (Germany),2024,2025-11-05 16:00:00,Bun-Team-08,Bun-Team-06,FINISHED,1.0,0.0,0.84,1.5,6.34,3.57,1.61,2.73,1.46,2.78,1.45,True
4192,Bundesliga (Germany),2024,2025-11-05 16:00:00,Bun-Team-01,Bun-Team-15,FINISHED,1.0,1.0,0.6,1.22,3.39,3.02,2.32,2.55,1.51,3.2,1.35,True
4193,Ligue 1 (France),2024,2025-11-05 13:00:00,Lig-Team-15,Lig-Team-07,FINISHED,1.0,0.0,1.53,1.17,2.08,3.38,3.55,2.12,1.74,2.4,1.58,True
4194,Ligue 1 (France),2024,2025-11-05 18:00:00,Lig-Team-09,Lig-Team-08,FINISHED,1.0,0.0,1.09,0.38,1.74,3.08,6.18,3.41,1.31,3.84,1.26,True
4195,Ligue 1 (France),2024,2025-11-05 18:00:00,Lig-Team-13,Lig-Team-16,FINISHED,3.0,0.0,0.8,0.49,2.53,2.6,3.57,3.38,1.32,4.86,1.18,True
4196,Ligue 1 (France),2024,2025-11-05 13:00:00,Lig-Team-06,Lig-Team-03,FINISHED,4.0,1.0,1.37,1.13,2.26,3.4,3.08,2.01,1.81,2.27,1.64,True
4197,Ligue 1 (France),2024,2025-11-05 18:00:00,Lig-Team-12,Lig-Team-02,FINISHED,1.0,1.0,1.33,0.75,1.77,3.13,5.68,3.09,1.38,3.46,1.32,True
4198,Ligue 1 (France),2024,2025-11-05 13:00:00,Lig-Team-04,Lig-Team-01,FINISHED,0.0,0.0,1.18,0.53,2.22,2.91,3.78,2.81,1.44,3.54,1.3,True
4199,Ligue 1 (France),2024,2025-11-05 16:00:00,Lig-Team-11,Lig-Team-10,FINISHED,2.0,0.0,2.09,0.54,1.36,4.85,8.79,2.3,1.61,1.91,1.9,True
4200,Ligue 1 (France),2024,2025-11-05 18:00:00,Lig-Team-14,Lig-Team-05,FINISHED,2.0,0.0,1.59,0.68,2.06,3.5,3.58,2.01,1.78,2.24,1.66,True
4201,Premier League (England),2024,2025-11-06 18:00:00,Pre-Team-06,Pre-Team-10,FINISHED,1.0,1.0,1.78,0.93,1.71,3.83,4.73,2.04,1.81,2.07,1.76,True
4202,Premier League (England),2024,2025-11-06 16:00:00,Pre-Team-01,Pre-Team-13,FINISHED,0.0,1.0,1.27,0.78,2.03,3.33,3.68,2.21,1.67,2.54,1.55,True
4203,Premier League (England),2024,2025-11-06 13:00:00,Pre-Team-07,Pre-Team-05,FINISHED,2.0,1.0,0.65,1.63,3.72,3.89,1.85,1.72,2.11,1.79,2.03,True
4204,Premier League (England),2024,2025-11-06 18:00:00,Pre-Team-03,Pre-Team-11,FINISHED,2.0,3.0,1.17,1.49,3.04,3.65,2.19,1.78,2.05,1.94,1.88,True
4205,Premier League (England),2024,2025-11-06 18:00:00,Pre-Team-16,Pre-Team-12,FINISHED,3.0,0.0,1.52,0.85,1.62,3.78,5.8,2.37,1.59,2.41,1.58,True
4206,Premier League (England),2024,2025-11-06 18:00:00,Pre-Team-14,Pre-Team-15,FINISHED,0.0,1.0,0.8,0.88,2.52,2.77,3.24,2.93,1.41,3.91,1.25,True
4207,Premier League (England),2024,2025-11-06 21:00:00,Pre-Team-08,Pre-Team-09,FINISHED,0.0,0.0,0.82,0.9,3.77,2.61,2.43,3.49,1.31,4.95,1.18,True
4208,Premier League (England),2024,2025-11-06 18:00:00,Pre-Team-02,Pre-Team-04,FINISHED,3.0,3.0,1.06,0.71,2.39,3.25,3.0,2.18,1.68,2.54,1.51,True
4209,La Liga (Spain),2024,2025-11-06 16:00:00,La -Team-07,La -Team-08,FINISHED,2.0,4.0,0.53,0.91,4.68,2.87,2.02,3.22,1.36,4.03,1.24,True
4210,La Liga (Spain),2024,2025-11-06 21:00:00,La -Team-04,La -Team-02,FINISHED,2.0,1.0,0.99,1.28,2.61,3.34,2.61,2.04,1.79,2.35,1.61,True
4211,La Liga (Spain),2024,2025-11-06 13:00:00,La -Team-11,La -Team-14,FINISHED,0.0,1.0,0.62,0.95,3.19,2.81,2.57,2.84,1.43,3.77,1.27,True
4212,La Liga (Spain),2024,2025-11-06 16:00:00,La -Team-09,La -Team-12,FINISHED,0.0,4.0,1.42,2.33,5.65,4.97,1.47,1.62,2.3,1.49,2.67,True
4213,La Liga (Spain),2024,2025-11-06 21:00:00,La -Team-15,La -Team-13,FINISHED,5.0,0.0,0.85,0.61,2.17,3.08,3.6,2.5,1.54,3.01,1.4,True
4214,La Liga (Spain),2024,2025-11-06 13:00:00,La -Team-06,La -Team-03,FINISHED,4.0,1.0,2.23,1.42,1.49,4.97,5.33,1.56,2.43,1.43,2.82,True
4215,La Liga (Spain),2024,2025-11-06 13:00:00,La -Team-01,La -Team-10,FINISHED,1.0,4.0,1.68,1.32,2.76,3.75,2.34,1.69,2.2,1.8,2.02,True
4216,La Liga (Spain),2024,2025-11-06 16:00:00,La -Team-05,La -Team-16,FINISHED,3.0,0.0,1.93,0.74,1.37,4.82,8.08,2.18,1.69,1.86,1.96,True
4217,Serie A (Italy),2024,2025-11-06 16:00:00,Ser-Team-04,Ser-Team-05,FINISHED,1.0,1.0,0.9,0.44,2.4,2.78,3.55,3.06,1.38,4.08,1.23,True
4218,Serie A (Italy),2024,2025-11-06 18:00:00,Ser-Team-11,Ser-Team-06,FINISHED,2.0,0.0,0.87,0.29,2.22,2.32,5.54,5.34,1.16,8.13,1.08,True
4219,Serie A (Italy),2024,2025-11-06 16:00:00,Ser-Team-13,Ser-Team-07,FINISHED,2.0,0.0,1.14,0.56,2.31,3.13,3.23,2.35,1.6,2.85,1.43,True
4220,Serie A (Italy),2024,2025-11-06 21:00:00,Ser-Team-03,Ser-Team-16,FINISHED,2.0,0.0,1.65,0.8,1.58,4.53,4.96,1.65,2.22,1.59,2.42,True
4221,Serie A (Italy),2024,2025-11-06 18:00:00,Ser-Team-08,Ser-Team-10,FINISHED,0.0,4.0,1.62,2.63,5.26,5.58,1.45,1.35,3.26,1.23,4.32,True
4222,Serie A (Italy),2024,2025-11-06 13:00:00,Ser-Team-01,Ser-Team-15,FINISHED,1.0,0.0,1.83,0.66,1.55,3.79,6.51,2.64,1.5,2.54,1.54,True
4223,Serie A (Italy),2024,2025-11-06 16:00:00,Ser-Team-02,Ser-Team-12,FINISHED,3.0,2.0,1.11,1.05,2.48,3.13,2.92,2.3,1.63,2.77,1.45,True
4224,Serie A (Italy),2024,2025-11-06 21:00:00,Ser-Team-09,Ser-Team-14,FINISHED,1.0,1.0,0.42,0.8,2.83,2.91,2.71,2.62,1.5,3.34,1.33,True
4225,Bundesliga (Germany),2024,2025-11-06 16:00:00,Bun-Team-11,Bun-Team-03,FINISHED,2.0,2.0,1.2,0.89,2.02,3.35,3.69,2.17,1.7,2.46,1.55,True
4226,Bundesliga (Germany),2024,2025-11-06 21:00:00,Bun-Team-01,Bun-Team-07,FINISHED,0.0,0.0,1.24,0.84,2.14,3.38,3.33,2.05,1.78,2.37,1.6,True
4227,Bundesliga (Germany),2024,2025-11-06 16:00:00,Bun-Team-04,Bun-Team-10,FINISHED,2.0,0.0,0.95,1.27,3.03,3.24,2.36,2.12,1.72,2.5,1.53,True
4228,Bundesliga (Germany),2024,2025-11-06 18:00:00,Bun-Team-05,Bun-Team-08,FINISHED,0.0,1.0,0.88,0.8,1.77,2.97,6.33,3.68,1.29,4.23,1.23,True
4229,Bundesliga (Germany),2024,2025-11-06 18:00:00,Bun-Team-13,Bun-Team-16,FINISHED,2.0,0.0,1.52,0.99,1.75,3.93,4.32,1.88,1.93,1.93,1.87,True
4230,Bundesliga (Germany),2024,2025-11-06 18:00:00,Bun-Team-12,Bun-Team-09,FINISHED,1.0,0.0,1.0,0.69,2.61,2.87,3.05,2.7,1.47,3.52,1.31,True
4231,Bundesliga (Germany),2024,2025-11-06 18:00:00,Bun-Team-15,Bun-Team-02,FINISHED,1.0,0.0,1.4,0.25,1.64,3.56,5.72,2.6,1.49,2.7,1.47,True
4232,Bundesliga (Germany),2024,2025-11-06 13:00:00,Bun-Team-06,Bun-Team-14,FINISHED,3.0,1.0,2.95,1.32,1.4,5.71,5.92,1.42,2.96,1.25,4.02,True
4233,Ligue 1 (France),2024,2025-11-06 21:00:00,Lig-Team-14,Lig-Team-11,FINISHED,0.0,1.0,0.97,1.3,2.9,3.55,2.29,1.83,1.98,2.02,1.82,True
4234,Ligue 1 (France),2024,2025-11-06 13:00:00,Lig-Team-05,Lig-Team-06,FINISHED,0.0,1.0,1.35,1.16,2.39,3.66,2.7,1.72,2.12,1.88,1.94,True
4235,Ligue 1 (France),2024,2025-11-06 16:00:00,Lig-Team-02,Lig-Team-01,FINISHED,1.0,1.0,1.02,1.13,3.23,2.95,2.48,2.65,1.49,3.37,1.33,True
4236,Ligue 1 (France),2024,2025-11-06 13:00:00,Lig-Team-13,Lig-Team-12,FINISHED,2.0,1.0,0.89,1.4,2.95,2.98,2.57,2.51,1.53,3.17,1.36,True
4237,Ligue 1 (France),2024,2025-11-06 21:00:00,Lig-Team-04,Lig-Team-08,FINISHED,2.0,0.0,0.98,0.29,2.12,2.5,5.51,4.65,1.19,6.48,1.12,True
4238,Ligue 1 (France),2024,2025-11-06 13:00:00,Lig-Team-10,Lig-Team-16,FINISHED,1.0,2.0,0.52,1.13,3.82,2.89,2.2,2.88,1.42,3.66,1.29,True
4239,Ligue 1 (France),2024,2025-11-06 16:00:00,Lig-Team-09,Lig-Team-15,FINISHED,2.0,1.0,1.3,1.17,2.77,3.42,2.48,2.0,1.84,2.26,1.64,True
4240,Ligue 1 (France),2024,2025-11-06 13:00:00,Lig-Team-07,Lig-Team-03,FINISHED,0.0,2.0,0.8,0.41,1.89,2.92,5.28,3.33,1.34,3.98,1.25,True
4241,Premier League (England),2024,2025-11-12 18:00:00,Pre-Team-04,Pre-Team-08,FINISHED,0.0,0.0,2.1,0.35,1.29,4.87,11.68,2.91,1.41,2.19,1.7,True
4242,Premier League (England),2024,2025-11-12 13:00:00,Pre-Team-01,Pre-Team-13,FINISHED,3.0,2.0,0.93,1.0,2.04,3.35,3.69,2.18,1.67,2.49,1.54,True
4243,Premier League (England),2024,2025-11-12 13:00:00,Pre-Team-02,Pre-Team-16,FINISHED,0.0,2.0,0.87,0.68,2.22,2.7,4.12,3.37,1.32,4.56,1.2,True
4244,Premier League (England),2024,2025-11-12 13:00:00,Pre-Team-10,Pre-Team-11,FINISHED,1.0,1.0,1.41,2.12,5.68,4.71,1.48,1.73,2.13,1.58,2.39,True
4245,Premier League (England),2024,2025-11-12 18:00:00,Pre-Team-03,Pre-Team-06,FINISHED,1.0,0.0,1.07,1.14,2.13,3.34,3.46,2.18,1.7,2.5,1.55,True
4246,Premier League (England),2024,2025-11-12 21:00:00,Pre-Team-12,Pre-Team-07,FINISHED,2.0,3.0,2.52,1.74,1.77,4.79,3.49,1.29,3.52,1.27,3.99,True
4247,Premier League (England),2024,2025-11-12 21:00:00,Pre-Team-15,Pre-Team-14,FINISHED,0.0,0.0,0.89,0.73,2.51,2.77,3.31,2.93,1.42,3.93,1.25,True
4248,Premier League (England),2024,2025-11-12 21:00:00,Pre-Team-09,Pre-Team-05,FINISHED,1.0,1.0,0.83,0.66,2.97,2.67,2.82,3.11,1.37,4.33,1.22,True
4249,La Liga (Spain),2024,2025-11-12 21:00:00,La -Team-06,La -Team-07,FINISHED,2.0,0.0,1.8,0.87,1.72,3.46,5.29,2.55,1.53,2.7,1.46,True
4250,La Liga (Spain),2024,2025-11-12 18:00:00,La -Team-04,La -Team-10,FINISHED,0.0,1.0,0.78,0.71,3.14,2.99,2.47,2.54,1.53,3.17,1.37,True
4251,La Liga (Spain),2024,2025-11-12 21:00:00,La -Team-15,La -Team-01,FINISHED,1.0,0.0,1.5,1.05,2.05,3.55,3.43,1.93,1.88,2.1,1.74,True
4252,La Liga (Spain),2024,2025-11-12 16:00:00,La -Team-16,La -Team-02,FINISHED,0.0,1.0,1.54,1.15,3.38,3.95,1.95,1.64,2.31,1.67,2.17,True
4253,La Liga (Spain),2024,2025-11-12 18:00:00,La -Team-09,La -Team-11,FINISHED,0.0,3.0,1.0,1.65,3.29,3.63,2.07,1.82,2.0,1.97,1.84,True
4254,La Liga (Spain),2024,2025-11-12 13:00:00,La -Team-03,La -Team-12,FINISHED,0.0,0.0,0.76,2.05,6.86,5.47,1.37,1.62,2.3,1.41,2.98,True
4255,La Liga (Spain),2024,2025-11-12 16:00:00,La -Team-08,La -Team-13,FINISHED,2.0,0.0,1.31,0.4,1.95,2.99,4.71,3.0,1.4,3.61,1.29,True
4256,La Liga (Spain),2024,2025-11-12 18:00:00,La -Team-05,La -Team-14,FINISHED,1.0,2.0,1.19,1.33,2.51,3.21,2.9,2.17,1.7,2.58,1.5,True
4257,Serie A (Italy),2024,2025-11-12 13:00:00,Ser-Team-02,Ser-Team-05,FINISHED,1.0,2.0,0.61,0.87,2.76,2.72,3.03,3.04,1.39,4.22,1.23,True
4258,Serie A (Italy),2024,2025-11-12 16:00:00,Ser-Team-14,Ser-Team-15,FINISHED,3.0,1.0,1.37,0.65,1.77,3.32,5.14,2.64,1.48,2.95,1.41,True
4259,Serie A (Italy),2024,2025-11-12 21:00:00,Ser-Team-04,Ser-Team-08,FINISHED,1.0,0.0,2.42,0.95,1.21,6.52,11.45,1.96,1.83,1.47,2.72,True
4260,Serie A (Italy),2024,2025-11-12 18:00:00,Ser-Team-03,Ser-Team-07,FINISHED,2.0,1.0,1.29,1.49,2.29,3.6,2.92,1.78,2.05,1.95,1.87,True
4261,Serie A (Italy),2024,2025-11-12 18:00:00,Ser-Team-11,Ser-Team-13,FINISHED,1.0,0.0,1.17,0.69,3.12,2.9,2.49,2.62,1.48,3.42,1.32,True
4262,Serie A (Italy),2024,2025-11-12 13:00:00,Ser-Team-12,Ser-Team-09,FINISHED,1.0,0.0,1.16,0.39,1.97,3.38,3.88,2.2,1.68,2.49,1.56,True
4263,Serie A (Italy),2024,2025-11-12 18:00:00,Ser-Team-10,Ser-Team-01,FINISHED,2.0,1.0,1.47,1.3,2.83,3.61,2.33,1.8,2.03,1.99,1.85,True
4264,Serie A (Italy),2024,2025-11-12 18:00:00,Ser-Team-06,Ser-Team-16,FINISHED,0.0,0.0,0.75,0.96,3.37,2.48,2.79,3.72,1.27,5.69,1.13,True
4265,Bundesliga (Germany),2024,2025-11-12 16:00:00,Bun-Team-16,Bun-Team-10,FINISHED,2.0,0.0,0.99,1.11,3.45,3.06,2.27,2.48,1.54,3.08,1.36,True
4266,Bundesliga (Germany),2024,2025-11-12 13:00:00,Bun-Team-07,Bun-Team-15,FINISHED,0.0,0.0,0.91,1.29,3.62,3.13,2.16,2.46,1.55,2.95,1.41,True
4267,Bundesliga (Germany),2024,2025-11-12 16:00:00,Bun-Team-01,Bun-Team-11,FINISHED,1.0,0.0,1.84,0.84,1.63,4.15,4.97,1.88,1.93,1.85,1.97,True
4268,Bundesliga (Germany),2024,2025-11-12 16:00:00,Bun-Team-09,Bun-Team-13,FINISHED,4.0,0.0,1.15,0.64,1.64,3.73,5.39,2.3,1.62,2.33,1.6,True
4269,Bundesliga (Germany),2024,2025-11-12 13:00:00,Bun-Team-03,Bun-Team-04,FINISHED,2.0,1.0,0.63,0.92,2.87,3.03,2.61,2.39,1.6,2.97,1.4,True
4270,Bundesliga (Germany),2024,2025-11-12 13:00:00,Bun-Team-12,Bun-Team-08,FINISHED,2.0,1.0,1.9,0.06,1.44,3.81,9.37,3.38,1.32,2.95,1.41,True
4271,Bundesliga (Germany),2024,2025-11-12 16:00:00,Bun-Team-14,Bun-Team-05,FINISHED,1.0,2.0,1.71,1.3,2.52,3.89,2.5,1.6,2.34,1.68,2.19,True
4272,Bundesliga (Germany),2024,2025-11-12 13:00:00,Bun-Team-02,Bun-Team-06,FINISHED,1.0,5.0,1.28,1.8,3.38,3.74,2.03,1.77,2.08,1.89,1.94,True
4273,Ligue 1 (France),2024,2025-11-12 21:00:00,Lig-Team-12,Lig-Team-09,FINISHED,0.0,1.0,1.23,0.92,2.55,3.1,2.9,2.33,1.61,2.82,1.44,True
4274,Ligue 1 (France),2024,2025-11-12 21:00:00,Lig-Team-13,Lig-Team-03,FINISHED,2.0,0.0,0.78,0.7,2.49,2.69,3.52,3.24,1.35,4.47,1.21,True
4275,Ligue 1 (France),2024,2025-11-12 21:00:00,Lig-Team-11,Lig-Team-02,FINISHED,1.0,0.0,1.21,0.67,1.7,3.3,5.9,2.96,1.41,3.21,1.35,True
4276,Ligue 1 (France),2024,2025-11-12 18:00:00,Lig-Team-10,Lig-Team-08,FINISHED,3.0,0.0,0.95,0.63,3.16,2.77,2.63,2.95,1.4,3.98,1.25,True
4277,Ligue 1 (France),2024,2025-11-12 13:00:00,Lig-Team-07,Lig-Team-05,FINISHED,3.0,0.0,1.46,0.96,1.69,3.39,5.79,2.83,1.45,2.98,1.41,True
4278,Ligue 1 (France),2024,2025-11-12 16:00:00,Lig-Team-04,Lig-Team-06,FINISHED,2.0,2.0,1.4,0.96,2.01,3.34,3.9,2.21,1.66,2.51,1.52,True
4279,Ligue 1 (France),2024,2025-11-12 18:00:00,Lig-Team-01,Lig-Team-15,FINISHED,0.0,4.0,0.81,1.69,3.79,3.87,1.85,1.75,2.08,1.82,1.99,True
4280,Ligue 1 (France),2024,2025-11-12 13:00:00,Lig-Team-14,Lig-Team-16,FINISHED,2.0,1.0,1.02,0.69,2.3,3.04,3.37,2.48,1.53,3.07,1.38,True
4281,Premier League (England),2024,2025-11-13 13:00:00,Pre-Team-08,Pre-Team-11,FINISHED,0.0,3.0,0.77,1.64,5.56,3.8,1.62,2.34,1.61,2.33,1.61,True
4282,Premier League (England),2024,2025-11-13 21:00:00,Pre-Team-07,Pre-Team-01,FINISHED,0.0,2.0,1.34,2.26,4.12,4.62,1.67,1.47,2.7,1.41,2.92,True
4283,Premier League (England),2024,2025-11-13 13:00:00,Pre-Team-05,Pre-Team-15,FINISHED,0.0,0.0,0.84,0.88,2.1,3.05,3.96,2.65,1.49,3.21,1.35,True
4284,Premier League (England),2024,2025-11-13 18:00:00,Pre-Team-09,Pre-Team-10,FINISHED,0.0,1.0,1.57,0.41,1.78,3.43,4.91,2.49,1.56,2.71,1.46,True
4285,Premier League (England),2024,2025-11-13 16:00:00,Pre-Team-03,Pre-Team-06,FINISHED,2.0,1.0,1.71,1.16,2.12,3.35,3.48,2.16,1.71,2.5,1.55,True
4286,Premier League (England),2024,2025-11-13 13:00:00,Pre-Team-14,Pre-Team-04,FINISHED,1.0,2.0,0.91,0.97,4.51,3.23,1.9,2.56,1.51,2.98,1.4,True
4287,Premier League (England),2024,2025-11-13 13:00:00,Pre-Team-16,Pre-Team-02,FINISHED,2.0,1.0,0.47,1.13,3.11,2.59,2.83,3.34,1.32,4.75,1.19,True
4288,Premier League (England),2024,2025-11-13 16:00:00,Pre-Team-13,Pre-Team-12,FINISHED,0.0,1.0,1.34,1.06,1.81,3.8,4.1,1.9,1.91,1.98,1.83,True
4289,La Liga (Spain),2024,2025-11-13 13:00:00,La -Team-06,La -Team-15,FINISHED,1.0,0.0,0.99,1.02,2.24,3.24,3.28,2.2,1.69,2.55,1.51,True
4290,La Liga (Spain),2024,2025-11-13 16:00:00,La -Team-01,La -Team-09,FINISHED,3.0,1.0,2.21,1.5,1.78,4.51,3.54,1.4,3.0,1.37,3.16,True
4291,La Liga (Spain),2024,2025-11-13 13:00:00,La -Team-14,La -Team-02,FINISHED,3.0,3.0,1.8,0.99,1.62,4.2,4.93,1.81,1.99,1.76,2.06,True
4292,La Liga (Spain),2024,2025-11-13 21:00:00,La -Team-12,La -Team-03,FINISHED,4.0,2.0,3.38,0.58,1.19,7.57,12.15,1.76,2.07,1.3,3.57,True
4293,La Liga (Spain),2024,2025-11-13 13:00:00,La -Team-08,La -Team-16,FINISHED,1.0,1.0,1.53,0.54,1.55,3.69,6.8,2.79,1.43,2.73,1.45,True
4294,La Liga (Spain),2024,2025-11-13 21:00:00,La -Team-13,La -Team-11,FINISHED,1.0,1.0,1.0,0.56,3.04,2.78,2.68,2.88,1.44,3.83,1.27,True
4295,La Liga (Spain),2024,2025-11-13 16:00:00,La -Team-04,La -Team-07,FINISHED,1.0,0.0,0.75,0.92,2.17,2.73,4.28,3.42,1.33,4.5,1.21,True
4296,La Liga (Spain),2024,2025-11-13 16:00:00,La -Team-10,La -Team-05,FINISHED,0.0,1.0,1.33,1.33,2.69,3.52,2.46,1.81,2.01,2.03,1.79,True
4297,Serie A (Italy),2024,2025-11-13 21:00:00,Ser-Team-11,Ser-Team-08,FINISHED,1.0,0.0,2.02,1.15,1.74,4.23,4.04,1.61,2.3,1.6,2.35,True
4298,Serie A (Italy),2024,2025-11-13 21:00:00,Ser-Team-01,Ser-Team-03,FINISHED,2.0,0.0,1.99,0.87,1.61,3.99,5.36,2.09,1.75,2.04,1.8,True
4299,Serie A (Italy),2024,2025-11-13 21:00:00,Ser-Team-16,Ser-Team-13,FINISHED,0.0,2.0,1.26,1.23,3.59,3.45,2.06,2.08,1.76,2.32,1.63,True
4300,Serie A (Italy),2024,2025-11-13 18:00:00,Ser-Team-09,Ser-Team-06,FINISHED,2.0,0.0,0.99,0.13,1.89,2.49,7.81,5.74,1.14,7.13,1.1,True
4301,Serie A (Italy),2024,2025-11-13 21:00:00,Ser-Team-04,Ser-Team-14,FINISHED,1.0,1.0,0.98,0.64,2.21,2.91,3.7,2.8,1.44,3.58,1.3,True
4302,Serie A (Italy),2024,2025-11-13 18:00:00,Ser-Team-15,Ser-Team-10,FINISHED,0.0,1.0,0.7,1.78,3.26,3.65,2.1,1.82,2.02,1.96,1.85,True
4303,Serie A (Italy),2024,2025-11-13 13:00:00,Ser-Team-05,Ser-Team-12,FINISHED,4.0,4.0,1.41,0.94,2.35,3.06,3.26,2.43,1.57,2.98,1.4,True
4304,Serie A (Italy),2024,2025-11-13 16:00:00,Ser-Team-07,Ser-Team-02,FINISHED,1.0,0.0,0.82,1.12,2.88,3.11,2.55,2.33,1.61,2.83,1.43,True
4305,Bundesliga (Germany),2024,2025-11-13 13:00:00,Bun-Team-12,Bun-Team-03,FINISHED,4.0,0.0,1.9,0.9,1.43,4.16,8.48,2.79,1.46,2.43,1.57,True
4306,Bundesliga (Germany),2024,2025-11-13 18:00:00,Bun-Team-11,Bun-Team-02,FINISHED,2.0,3.0,0.88,1.18,2.81,3.66,2.34,1.77,2.07,1.9,1.91,True
4307,Bundesliga (Germany),2024,2025-11-13 21:00:00,Bun-Team-01,Bun-Team-10,FINISHED,1.0,0.0,1.23,0.99,2.18,3.18,3.44,2.3,1.61,2.73,1.45,True
4308,Bundesliga (Germany),2024,2025-11-13 16:00:00,Bun-Team-09,Bun-Team-16,FINISHED,1.0,0.0,1.55,0.45,1.54,3.51,7.81,3.38,1.33,3.26,1.35,True
4309,Bundesliga (Germany),2024,2025-11-13 21:00:00,Bun-Team-06,Bun-Team-08,FINISHED,4.0,3.0,1.97,0.44,1.38,4.38,9.68,2.91,1.41,2.42,1.59,True
4310,Bundesliga (Germany),2024,2025-11-13 21:00:00,Bun-Team-07,Bun-Team-05,FINISHED,2.0,0.0,1.37,0.71,2.39,3.15,3.09,2.21,1.65,2.66,1.5,True
4311,Bundesliga (Germany),2024,2025-11-13 21:00:00,Bun-Team-14,Bun-Team-13,FINISHED,1.0,0.0,2.11,1.96,2.1,4.57,2.69,1.3,3.62,1.26,3.83,True
4312,Bundesliga (Germany),2024,2025-11-13 16:00:00,Bun-Team-15,Bun-Team-04,FINISHED,0.0,1.0,1.53,0.63,1.46,4.1,7.7,2.57,1.5,2.37,1.59,True
4313,Ligue 1 (France),2024,2025-11-13 21:00:00,Lig-Team-10,Lig-Team-14,FINISHED,2.0,2.0,1.23,1.59,3.98,3.78,1.84,1.89,1.93,1.96,1.84,True
4314,Ligue 1 (France),2024,2025-11-13 21:00:00,Lig-Team-02,Lig-Team-12,FINISHED,0.0,1.0,0.77,0.95,4.06,2.88,2.14,2.99,1.4,3.88,1.28,True
4315,Ligue 1 (France),2024,2025-11-13 18:00:00,Lig-Team-11,Lig-Team-08,FINISHED,1.0,2.0,1.35,0.31,1.74,3.2,5.92,3.08,1.37,3.36,1.33,True
4316,Ligue 1 (France),2024,2025-11-13 13:00:00,Lig-Team-03,Lig-Team-06,FINISHED,1.0,0.0,1.31,1.33,2.32,3.37,3.02,2.01,1.81,2.29,1.63,True
4317,Ligue 1 (France),2024,2025-11-13 18:00:00,Lig-Team-13,Lig-Team-16,FINISHED,2.0,1.0,0.45,0.41,2.51,2.6,3.58,3.41,1.33,4.89,1.19,True
4318,Ligue 1 (France),2024,2025-11-13 21:00:00,Lig-Team-07,Lig-Team-04,FINISHED,1.0,0.0,0.79,0.83,2.26,2.63,4.24,3.59,1.3,5.02,1.18,True
4319,Ligue 1 (France),2024,2025-11-13 16:00:00,Lig-Team-09,Lig-Team-15,FINISHED,1.0,1.0,1.3,1.29,2.77,3.37,2.47,1.98,1.83,2.25,1.66,True
4320,Ligue 1 (France),2024,2025-11-13 18:00:00,Lig-Team-05,Lig-Team-01,FINISHED,0.0,0.0,1.3,1.06,2.67,3.27,2.68,2.13,1.71,2.48,1.54,True
4321,Premier League (England),2024,2025-11-19 13:00:00,Pre-Team-16,Pre-Team-14,FINISHED,0.0,0.0,0.87,0.27,2.11,2.59,5.08,4.07,1.23,5.54,1.16,True
4322,Premier League (England),2024,2025-11-19 21:00:00,Pre-Team-15,Pre-Team-11,FINISHED,3.0,0.0,1.33,1.52,3.44,3.6,2.05,1.88,1.94,2.03,1.8,True
4323,Premier League (England),2024,2025-11-19 13:00:00,Pre-Team-01,Pre-Team-06,FINISHED,3.0,0.0,1.12,1.15,1.83,3.64,4.19,2.04,1.8,2.17,1.7,True
4324,Premier League (England),2024,2025-11-19 18:00:00,Pre-Team-13,Pre-Team-12,FINISHED,2.0,0.0,1.63,1.06,1.84,3.77,4.04,1.88,1.92,1.98,1.85,True
4325,Premier League (England),2024,2025-11-19 18:00:00,Pre-Team-09,Pre-Team-03,FINISHED,0.0,1.0,0.81,0.88,2.62,2.9,3.01,2.67,1.48,3.44,1.33,True
4326,Premier League (England),2024,2025-11-19 13:00:00,Pre-Team-10,Pre-Team-04,FINISHED,1.0,0.0,0.54,1.9,7.78,5.08,1.37,2.0,1.83,1.68,2.17,True
4327,Premier League (England),2024,2025-11-19 13:00:00,Pre-Team-07,Pre-Team-08,FINISHED,1.0,2.0,1.31,1.16,2.03,3.64,3.39,1.84,1.96,2.01,1.8,True
4328,Premier League (England),2024,2025-11-19 16:00:00,Pre-Team-05,Pre-Team-02,FINISHED,0.0,1.0,0.63,1.05,3.55,2.9,2.34,2.78,1.46,3.57,1.3,True
4329,La Liga (Spain),2024,2025-11-19 13:00:00,La -Team-16,La -Team-01,FINISHED,4.0,0.0,1.05,1.59,3.03,3.6,2.21,1.81,1.99,1.98,1.83,True
4330,La Liga (Spain),2024,2025-11-19 13:00:00,La -Team-06,La -Team-02,FINISHED,1.0,2.0,1.51,1.42,2.04,3.96,3.16,1.6,2.33,1.67,2.24,True
4331,La Liga (Spain),2024,2025-11-19 13:00:00,La -Team-10,La -Team-11,FINISHED,4.0,0.0,1.27,0.62,2.35,3.13,3.19,2.36,1.6,2.86,1.44,True
4332,La Liga (Spain),2024,2025-11-19 13:00:00,La -Team-08,La -Team-13,FINISHED,0.0,1.0,1.3,0.64,1.96,2.99,4.69,3.01,1.4,3.61,1.29,True
4333,La Liga (Spain),2024,2025-11-19 21:00:00,La -Team-05,La -Team-14,FINISHED,0.0,0.0,0.53,1.48,2.48,3.22,2.89,2.17,1.71,2.56,1.52,True
4334,La Liga (Spain),2024,2025-11-19 21:00:00,La -Team-07,La -Team-15,FINISHED,1.0,0.0,0.91,1.23,3.56,2.98,2.27,2.66,1.49,3.3,1.34,True
4335,La Liga (Spain),2024,2025-11-19 13:00:00,La -Team-03,La -Team-04,FINISHED,3.0,1.0,1.12,1.24,2.79,3.54,2.41,1.86,1.95,2.07,1.76,True
4336,La Liga (Spain),2024,2025-11-19 16:00:00,La -Team-09,La -Team-12,FINISHED,1.0,3.0,1.19,2.48,5.69,4.93,1.46,1.62,2.29,1.48,2.67,True
4337,Serie A (Italy),2024,2025-11-19 13:00:00,Ser-Team-16,Ser-Team-09,FINISHED,0.0,4.0,1.02,0.87,3.77,3.64,1.93,1.97,1.87,2.11,1.73,True
4338,Serie A (Italy),2024,2025-11-19 13:00:00,Ser-Team-03,Ser-Team-08,FINISHED,4.0,0.0,2.95,1.01,1.4,5.5,5.86,1.47,2.7,1.31,3.57,True
4339,Serie A (Italy),2024,2025-11-19 13:00:00,Ser-Team-06,Ser-Team-12,FINISHED,0.0,1.0,0.22,1.46,6.86,2.68,1.84,4.72,1.2,5.77,1.14,True
4340,Serie A (Italy),2024,2025-11-19 21:00:00,Ser-Team-07,Ser-Team-02,FINISHED,2.0,0.0,0.87,0.92,2.89,3.1,2.54,2.33,1.61,2.81,1.43,True
4341,Serie A (Italy),2024,2025-11-19 13:00:00,Ser-Team-15,Ser-Team-14,FINISHED,1.0,0.0,0.85,1.37,3.59,3.03,2.19,2.58,1.51,3.17,1.36,True
4342,Serie A (Italy),2024,2025-11-19 13:00:00,Ser-Team-13,Ser-Team-11,FINISHED,2.0,3.0,1.28,1.05,2.0,3.07,4.31,2.69,1.47,3.19,1.35,True
4343,Serie A (Italy),2024,2025-11-19 16:00:00,Ser-Team-04,Ser-Team-01,FINISHED,1.0,1.0,1.17,0.79,2.56,2.92,3.07,2.63,1.5,3.38,1.33,True
4344,Serie A (Italy),2024,2025-11-19 13:00:00,Ser-Team-05,Ser-Team-10,FINISHED,2.0,0.0,1.29,0.99,2.07,3.45,3.48,2.04,1.79,2.26,1.64,True
4345,Bundesliga (Germany),2024,2025-11-19 21:00:00,Bun-Team-11,Bun-Team-12,FINISHED,1.0,4.0,0.64,2.11,4.62,4.12,1.68,1.79,2.03,1.77,2.04,True
4346,Bundesliga (Germany),2024,2025-11-19 21:00:00,Bun-Team-08,Bun-Team-02,FINISHED,1.0,1.0,0.7,1.01,3.98,2.82,2.19,3.09,1.39,4.02,1.24,True
4347,Bundesliga (Germany),2024,2025-11-19 18:00:00,Bun-Team-15,Bun-Team-16,FINISHED,2.0,0.0,1.82,0.42,1.45,3.89,8.74,3.08,1.37,2.74,1.45,True
4348,Bundesliga (Germany),2024,2025-11-19 21:00:00,Bun-Team-03,Bun-Team-01,FINISHED,0.0,2.0,0.74,1.19,4.22,3.09,1.98,2.64,1.48,3.11,1.36,True
4349,Bundesliga (Germany),2024,2025-11-19 13:00:00,Bun-Team-09,Bun-Team-07,FINISHED,2.0,0.0,1.23,0.82,1.87,3.16,4.8,2.8,1.46,3.2,1.35,True
4350,Bundesliga (Germany),2024,2025-11-19 16:00:00,Bun-Team-06,Bun-Team-05,FINISHED,1.0,1.0,1.78,0.61,1.79,3.76,4.41,2.0,1.84,2.08,1.77,True
4351,Bundesliga (Germany),2024,2025-11-19 21:00:00,Bun-Team-10,Bun-Team-14,FINISHED,4.0,3.0,2.02,1.16,1.91,4.0,3.46,1.62,2.35,1.64,2.3,True
4352,Bundesliga (Germany),2024,2025-11-19 18:00:00,Bun-Team-04,Bun-Team-13,FINISHED,1.0,2.0,1.22,1.3,2.62,3.81,2.39,1.6,2.31,1.72,2.18,True
4353,Ligue 1 (France),2024,2025-11-19 13:00:00,Lig-Team-15,Lig-Team-10,FINISHED,0.0,0.0,2.64,1.03,1.18,7.11,14.61,2.24,1.66,1.51,2.57,True
4354,Ligue 1 (France),2024,2025-11-19 21:00:00,Lig-Team-02,Lig-Team-14,FINISHED,0.0,3.0,0.95,1.47,3.12,3.03,2.43,2.47,1.55,3.07,1.38,True
4355,Ligue 1 (France),2024,2025-11-19 16:00:00,Lig-Team-03,Lig-Team-11,FINISHED,3.0,2.0,0.96,1.13,3.28,2.92,2.41,2.65,1.47,3.43,1.32,True
4356,Ligue 1 (France),2024,2025-11-19 21:00:00,Lig-Team-06,Lig-Team-08,FINISHED,2.0,0.0,1.37,0.5,1.91,3.44,4.01,2.18,1.68,2.44,1.56,True
4357,Ligue 1 (France),2024,2025-11-19 18:00:00,Lig-Team-01,Lig-Team-07,FINISHED,0.0,2.0,1.11,0.95,3.35,3.2,2.2,2.23,1.65,2.67,1.5,True
4358,Ligue 1 (France),2024,2025-11-19 21:00:00,Lig-Team-04,Lig-Team-13,FINISHED,1.0,0.0,0.72,0.62,2.37,2.58,4.01,3.64,1.29,5.21,1.16,True
4359,Ligue 1 (France),2024,2025-11-19 13:00:00,Lig-Team-09,Lig-Team-12,FINISHED,1.0,4.0,1.12,1.06,2.22,3.15,3.41,2.32,1.6,2.79,1.44,True
4360,Ligue 1 (France),2024,2025-11-19 18:00:00,Lig-Team-05,Lig-Team-16,FINISHED,2.0,0.0,0.58,0.46,2.77,2.66,3.09,3.16,1.37,4.43,1.21,True
4361,Premier League (England),2024,2025-11-20 21:00:00,Pre-Team-06,Pre-Team-10,FINISHED,0.0,0.0,1.9,1.22,1.69,3.85,4.7,2.01,1.81,2.09,1.76,True
4362,Premier League (England),2024,2025-11-20 21:00:00,Pre-Team-01,Pre-Team-14,FINISHED,1.0,1.0,1.16,0.42,1.96,3.16,4.26,2.57,1.52,3.03,1.39,True
4363,Premier League (England),2024,2025-11-20 16:00:00,Pre-Team-05,Pre-Team-08,FINISHED,1.0,0.0,1.46,0.74,1.74,3.06,6.3,3.41,1.33,3.8,1.28,True
4364,Premier League (England),2024,2025-11-20 13:00:00,Pre-Team-07,Pre-Team-04,FINISHED,0.0,3.0,0.84,2.64,7.42,5.99,1.33,1.56,2.45,1.32,3.39,True
4365,Premier League (England),2024,2025-11-20 21:00:00,Pre-Team-15,Pre-Team-09,FINISHED,2.0,4.0,0.75,1.01,2.54,2.82,3.19,2.81,1.43,3.71,1.28,True
4366,Premier League (England),2024,2025-11-20 18:00:00,Pre-Team-12,Pre-Team-02,FINISHED,0.0,3.0,0.69,1.73,5.17,4.11,1.59,1.93,1.86,1.89,1.92,True
4367,Premier League (England),2024,2025-11-20 21:00:00,Pre-Team-16,Pre-Team-13,FINISHED,1.0,0.0,1.19,0.71,2.13,2.73,4.42,3.36,1.32,4.52,1.2,True
4368,Premier League (England),2024,2025-11-20 18:00:00,Pre-Team-03,Pre-Team-11,FINISHED,3.0,2.0,1.4,1.45,3.04,3.66,2.21,1.78,2.05,1.93,1.87,True
4369,La Liga (Spain),2024,2025-11-20 18:00:00,La -Team-08,La -Team-05,FINISHED,0.0,0.0,1.38,0.9,2.59,3.02,2.93,2.45,1.56,3.07,1.38,True
4370,La Liga (Spain),2024,2025-11-20 16:00:00,La -Team-09,La -Team-04,FINISHED,0.0,2.0,1.5,1.28,2.53,3.44,2.69,1.93,1.9,2.17,1.71,True
4371,La Liga (Spain),2024,2025-11-20 18:00:00,La -Team-02,La -Team-12,FINISHED,0.0,0.0,1.21,1.68,3.81,4.12,1.81,1.65,2.24,1.67,2.25,True
4372,La Liga (Spain),2024,2025-11-20 21:00:00,La -Team-15,La -Team-13,FINISHED,0.0,1.0,1.3,0.64,2.18,3.11,3.58,2.48,1.56,3.0,1.4,True
4373,La Liga (Spain),2024,2025-11-20 21:00:00,La -Team-07,La -Team-16,FINISHED,0.0,0.0,1.52,1.33,2.37,3.05,3.22,2.47,1.55,3.04,1.4,True
4374,La Liga (Spain),2024,2025-11-20 13:00:00,La -Team-10,La -Team-06,FINISHED,1.0,1.0,1.11,1.31,2.13,3.52,3.27,1.91,1.9,2.11,1.73,True
4375,La Liga (Spain),2024,2025-11-20 13:00:00,La -Team-01,La -Team-03,FINISHED,1.0,2.0,2.09,1.7,1.61,4.9,4.16,1.38,3.03,1.31,3.52,True
4376,La Liga (Spain),2024,2025-11-20 21:00:00,La -Team-14,La -Team-11,FINISHED,1.0,0.0,1.4,0.62,2.02,2.93,4.31,2.89,1.44,3.56,1.29,True
4377,Serie A (Italy),2024,2025-11-20 16:00:00,Ser-Team-06,Ser-Team-08,FINISHED,1.0,1.0,1.09,0.79,2.94,2.74,2.81,2.96,1.41,4.03,1.25,True
4378,Serie A (Italy),2024,2025-11-20 21:00:00,Ser-Team-15,Ser-Team-05,FINISHED,0.0,2.0,0.71,1.11,3.94,2.92,2.15,2.85,1.44,3.57,1.31,True
4379,Serie A (Italy),2024,2025-11-20 16:00:00,Ser-Team-12,Ser-Team-04,FINISHED,2.0,2.0,0.98,0.93,2.58,3.12,2.8,2.29,1.62,2.75,1.45,True
4380,Serie A (Italy),2024,2025-11-20 21:00:00,Ser-Team-10,Ser-Team-11,FINISHED,4.0,0.0,1.75,0.8,1.58,4.28,5.27,1.88,1.94,1.81,2.03,True
4381,Serie A (Italy),2024,2025-11-20 21:00:00,Ser-Team-02,Ser-Team-09,FINISHED,1.0,1.0,1.47,1.05,2.2,2.96,3.73,2.7,1.47,3.44,1.32,True
4382,Serie A (Italy),2024,2025-11-20 13:00:00,Ser-Team-14,Ser-Team-01,FINISHED,3.0,3.0,0.92,0.85,2.87,2.92,2.67,2.56,1.52,3.3,1.34,True
4383,Serie A (Italy),2024,2025-11-20 18:00:00,Ser-Team-13,Ser-Team-16,FINISHED,0.0,0.0,1.75,0.54,1.64,3.86,5.22,2.16,1.71,2.17,1.69,True
4384,Serie A (Italy),2024,2025-11-20 13:00:00,Ser-Team-07,Ser-Team-03,FINISHED,3.0,1.0,1.48,0.86,2.15,3.68,3.08,1.79,2.04,1.94,1.86,True
4385,Bundesliga (Germany),2024,2025-11-20 18:00:00,Bun-Team-01,Bun-Team-04,FINISHED,1.0,3.0,1.82,0.54,1.72,3.75,4.76,2.09,1.78,2.14,1.72,True
4386,Bundesliga (Germany),2024,2025-11-20 21:00:00,Bun-Team-13,Bun-Team-07,FINISHED,1.0,2.0,1.55,1.11,2.41,3.76,2.64,1.66,2.23,1.76,2.07,True
4387,Bundesliga (Germany),2024,2025-11-20 21:00:00,Bun-Team-16,Bun-Team-08,FINISHED,0.0,1.0,0.77,0.97,2.31,2.64,4.04,3.51,1.29,4.92,1.19,True
4388,Bundesliga (Germany),2024,2025-11-20 16:00:00,Bun-Team-02,Bun-Team-03,FINISHED,1.0,0.0,1.51,0.77,1.79,3.33,4.94,2.6,1.5,2.88,1.42,True
4389,Bundesliga (Germany),2024,2025-11-20 18:00:00,Bun-Team-10,Bun-Team-06,FINISHED,0.0,2.0,1.16,1.53,3.17,3.53,2.17,1.93,1.89,2.14,1.71,True
4390,Bundesliga (Germany),2024,2025-11-20 16:00:00,Bun-Team-09,Bun-Team-15,FINISHED,0.0,1.0,0.75,1.01,2.78,2.56,3.22,3.43,1.32,5.01,1.17,True
4391,Bundesliga (Germany),2024,2025-11-20 16:00:00,Bun-Team-11,Bun-Team-12,FINISHED,0.0,0.0,0.96,2.36,4.58,4.1,1.68,1.79,2.02,1.78,2.03,True
4392,Bundesliga (Germany),2024,2025-11-20 21:00:00,Bun-Team-05,Bun-Team-14,FINISHED,3.0,1.0,2.06,1.03,1.87,4.04,3.58,1.63,2.31,1.64,2.25,True
4393,Ligue 1 (France),2024,2025-11-20 18:00:00,Lig-Team-04,Lig-Team-11,FINISHED,1.0,2.0,0.8,0.56,2.76,2.75,2.96,2.97,1.39,4.04,1.25,True
4394,Ligue 1 (France),2024,2025-11-20 13:00:00,Lig-Team-12,Lig-Team-09,FINISHED,2.0,1.0,1.29,0.93,2.53,3.12,2.86,2.32,1.61,2.84,1.44,True
4395,Ligue 1 (France),2024,2025-11-20 13:00:00,Lig-Team-14,Lig-Team-10,FINISHED,0.0,1.0,2.11,0.83,1.5,4.38,6.0,1.98,1.84,1.83,1.99,True
4396,Ligue 1 (France),2024,2025-11-20 21:00:00,Lig-Team-15,Lig-Team-05,FINISHED,1.0,1.0,1.93,0.94,1.43,4.51,7.02,2.17,1.69,1.94,1.87,True
4397,Ligue 1 (France),2024,2025-11-20 16:00:00,Lig-Team-16,Lig-Team-02,FINISHED,1.0,0.0,1.12,0.48,2.37,2.45,4.31,4.12,1.23,6.09,1.14,True
4398,Ligue 1 (France),2024,2025-11-20 13:00:00,Lig-Team-08,Lig-Team-13,FINISHED,0.0,0.0,0.57,1.2,3.36,2.55,2.7,3.53,1.3,5.17,1.17,True
4399,Ligue 1 (France),2024,2025-11-20 18:00:00,Lig-Team-03,Lig-Team-07,FINISHED,1.0,3.0,0.8,1.3,3.85,2.74,2.31,3.22,1.36,4.33,1.22,True
4400,Ligue 1 (France),2024,2025-11-20 16:00:00,Lig-Team-06,Lig-Team-01,FINISHED,2.0,0.0,1.84,1.59,2.26,3.98,2.75,1.52,2.54,1.58,2.4,True
4401,Premier League (England),2024,2025-11-26 13:00:00,Pre-Team-08,Pre-Team-10,FINISHED,0.0,1.0,1.1,1.09,2.47,3.03,3.12,2.46,1.56,3.07,1.38,True
4402,Premier League (England),2024,2025-11-26 16:00:00,Pre-Team-14,Pre-Team-02,FINISHED,0.0,1.0,0.85,0.84,4.43,2.85,2.06,3.13,1.36,4.0,1.23,True
4403,Premier League (England),2024,2025-11-26 18:00:00,Pre-Team-03,Pre-Team-13,FINISHED,0.0,1.0,0.75,0.62,2.39,3.1,3.18,2.38,1.59,2.9,1.44,True
4404,Premier League (England),2024,2025-11-26 16:00:00,Pre-Team-09,Pre-Team-06,FINISHED,0.0,1.0,1.13,0.45,2.41,2.91,3.31,2.67,1.49,3.43,1.32,True
4405,Premier League (England),2024,2025-11-26 18:00:00,Pre-Team-15,Pre-Team-07,FINISHED,1.0,0.0,2.09,1.07,1.68,4.35,4.26,1.64,2.27,1.59,2.38,True
4406,Premier League (England),2024,2025-11-26 13:00:00,Pre-Team-16,Pre-Team-05,FINISHED,2.0,2.0,0.83,0.66,2.32,2.6,4.05,3.52,1.31,5.03,1.19,True
4407,Premier League (England),2024,2025-11-26 16:00:00,Pre-Team-04,Pre-Team-01,FINISHED,3.0,3.0,1.81,1.18,1.67,4.02,4.62,1.89,1.91,1.89,1.9,True
4408,Premier League (England),2024,2025-11-26 21:00:00,Pre-Team-11,Pre-Team-12,FINISHED,2.0,0.0,2.46,1.01,1.37,5.6,6.75,1.57,2.46,1.36,3.19,True
4409,La Liga (Spain),2024,2025-11-26 16:00:00,La -Team-09,La -Team-03,FINISHED,1.0,3.0,2.52,1.92,1.79,5.03,3.34,1.23,4.36,1.16,5.21,True
4410,La Liga (Spain),2024,2025-11-26 16:00:00,La -Team-06,La -Team-16,FINISHED,5.0,2.0,1.95,0.86,1.62,3.91,5.43,2.18,1.7,2.16,1.69,True
4411,La Liga (Spain),2024,2025-11-26 21:00:00,La -Team-07,La -Team-01,FINISHED,1.0,1.0,1.62,1.33,3.02,3.31,2.33,2.1,1.73,2.45,1.56,True
4412,La Liga (Spain),2024,2025-11-26 13:00:00,La -Team-02,La -Team-04,FINISHED,2.0,0.0,1.34,1.14,2.04,3.46,3.62,2.06,1.77,2.28,1.61,True
4413,La Liga (Spain),2024,2025-11-26 18:00:00,La -Team-08,La -Team-12,FINISHED,0.0,1.0,0.51,1.07,3.13,2.93,2.51,2.61,1.5,3.37,1.33,True
4414,La Liga (Spain),2024,2025-11-26 13:00:00,La -Team-05,La -Team-14,FINISHED,0.0,1.0,0.76,1.19,2.48,3.21,2.91,2.18,1.7,2.57,1.52,True
4415,La Liga (Spain),2024,2025-11-26 13:00:00,La -Team-15,La -Team-13,FINISHED,0.0,1.0,0.77,0.48,2.18,3.08,3.57,2.47,1.53,3.0,1.4,True
4416,La Liga (Spain),2024,2025-11-26 16:00:00,La -Team-10,La -Team-11,FINISHED,1.0,1.0,1.25,1.01,2.34,3.11,3.2,2.34,1.61,2.85,1.43,True
4417,Serie A (Italy),2024,2025-11-26 18:00:00,Ser-Team-01,Ser-Team-10,FINISHED,1.0,0.0,1.57,0.96,1.8,3.84,4.09,1.82,1.97,1.89,1.93,True
4418,Serie A (Italy),2024,2025-11-26 18:00:00,Ser-Team-03,Ser-Team-16,FINISHED,4.0,1.0,2.06,1.32,1.57,4.5,4.92,1.65,2.24,1.58,2.4,True
4419,Serie A (Italy),2024,2025-11-26 18:00:00,Ser-Team-12,Ser-Team-13,FINISHED,2.0,1.0,1.21,0.91,1.94,3.29,4.14,2.38,1.58,2.71,1.47,True
4420,Serie A (Italy),2024,2025-11-26 13:00:00,Ser-Team-14,Ser-Team-04,FINISHED,1.0,0.0,0.96,0.54,2.81,2.85,2.87,2.77,1.45,3.65,1.29,True
4421,Serie A (Italy),2024,2025-11-26 16:00:00,Ser-Team-02,Ser-Team-09,FINISHED,1.0,1.0,0.76,0.93,2.22,2.97,3.72,2.72,1.45,3.4,1.33,True
4422,Serie A (Italy),2024,2025-11-26 16:00:00,Ser-Team-05,Ser-Team-06,FINISHED,2.0,1.0,1.0,0.14,1.74,2.59,10.24,6.91,1.1,7.43,1.09,True
4423,Serie A (Italy),2024,2025-11-26 18:00:00,Ser-Team-08,Ser-Team-11,FINISHED,1.0,2.0,1.22,1.85,2.79,3.89,2.26,1.58,2.38,1.65,2.23,True
4424,Serie A (Italy),2024,2025-11-26 16:00:00,Ser-Team-07,Ser-Team-15,FINISHED,1.0,3.0,1.33,0.96,2.01,3.36,3.79,2.17,1.7,2.48,1.55,True
4425,Bundesliga (Germany),2024,2025-11-26 18:00:00,Bun-Team-04,Bun-Team-13,FINISHED,6.0,4.0,1.43,1.43,2.63,3.79,2.38,1.61,2.32,1.7,2.16,True
4426,Bundesliga (Germany),2024,2025-11-26 21:00:00,Bun-Team-11,Bun-Team-01,FINISHED,2.0,1.0,0.96,1.63,3.37,3.67,2.05,1.82,2.01,1.95,1.87,True
4427,Bundesliga (Germany),2024,2025-11-26 16:00:00,Bun-Team-10,Bun-Team-03,FINISHED,1.0,1.0,0.91,0.82,1.77,3.16,5.4,2.89,1.42,3.26,1.35,True
4428,Bundesliga (Germany),2024,2025-11-26 16:00:00,Bun-Team-06,Bun-Team-07,FINISHED,1.0,0.0,1.92,1.07,1.69,4.08,4.43,1.78,2.02,1.79,2.06,True
4429,Bundesliga (Germany),2024,2025-11-26 21:00:00,Bun-Team-15,Bun-Team-02,FINISHED,0.0,1.0,1.41,0.58,1.65,3.51,5.71,2.62,1.5,2.72,1.48,True
4430,Bundesliga (Germany),2024,2025-11-26 18:00:00,Bun-Team-05,Bun-Team-12,FINISHED,0.0,0.0,0.71,1.37,3.13,3.18,2.33,2.22,1.67,2.63,1.5,True
4431,Bundesliga (Germany),2024,2025-11-26 16:00:00,Bun-Team-16,Bun-Team-08,FINISHED,1.0,0.0,0.77,0.36,2.33,2.65,4.04,3.52,1.32,4.9,1.18,True
4432,Bundesliga (Germany),2024,2025-11-26 13:00:00,Bun-Team-09,Bun-Team-14,FINISHED,2.0,2.0,1.9,0.73,1.53,4.31,5.84,1.99,1.84,1.86,1.93,True
4433,Ligue 1 (France),2024,2025-11-26 13:00:00,Lig-Team-12,Lig-Team-02,FINISHED,3.0,0.0,1.24,0.91,1.76,3.15,5.64,3.09,1.39,3.47,1.31,True
4434,Ligue 1 (France),2024,2025-11-26 18:00:00,Lig-Team-13,Lig-Team-16,FINISHED,2.0,0.0,0.83,0.83,2.51,2.62,3.58,3.41,1.33,4.84,1.18,True
4435,Ligue 1 (France),2024,2025-11-26 21:00:00,Lig-Team-15,Lig-Team-03,FINISHED,1.0,1.0,1.55,0.38,1.59,3.73,6.15,2.5,1.55,2.46,1.56,True
4436,Ligue 1 (France),2024,2025-11-26 21:00:00,Lig-Team-11,Lig-Team-14,FINISHED,3.0,0.0,2.01,1.05,1.79,3.87,4.15,1.86,1.95,1.92,1.87,True
4437,Ligue 1 (France),2024,2025-11-26 13:00:00,Lig-Team-05,Lig-Team-10,FINISHED,0.0,0.0,1.31,0.65,1.77,3.48,4.8,2.36,1.59,2.53,1.54,True
4438,Ligue 1 (France),2024,2025-11-26 18:00:00,Lig-Team-01,Lig-Team-04,FINISHED,0.0,0.0,0.77,0.96,2.82,2.85,2.85,2.75,1.47,3.67,1.28,True
4439,Ligue 1 (France),2024,2025-11-26 18:00:00,Lig-Team-09,Lig-Team-06,FINISHED,3.0,2.0,1.72,0.91,1.66,4.19,4.67,1.78,2.02,1.76,2.1,True
4440,Ligue 1 (France),2024,2025-11-26 13:00:00,Lig-Team-08,Lig-Team-07,FINISHED,0.0,1.0,0.5,0.85,4.88,2.72,2.05,3.59,1.3,4.66,1.2,True
4441,Premier League (England),2024,2025-11-27 13:00:00,Pre-Team-09,Pre-Team-02,FINISHED,0.0,3.0,0.39,1.15,4.3,2.9,2.06,3.04,1.38,3.84,1.27,True
4442,Premier League (England),2024,2025-11-27 16:00:00,Pre-Team-07,Pre-Team-16,FINISHED,0.0,0.0,0.54,1.29,4.72,3.8,1.71,2.04,1.76,2.1,1.76,True
4443,Premier League (England),2024,2025-11-27 16:00:00,Pre-Team-05,Pre-Team-06,FINISHED,2.0,0.0,1.37,0.77,2.08,3.14,3.94,2.53,1.53,3.0,1.4,True
4444,Premier League (England),2024,2025-11-27 16:00:00,Pre-Team-04,Pre-Team-03,FINISHED,1.0,0.0,1.9,0.4,1.55,4.09,5.88,2.09,1.75,2.01,1.81,True
4445,Premier League (England),2024,2025-11-27 13:00:00,Pre-Team-15,Pre-Team-13,FINISHED,2.0,0.0,1.44,1.01,2.64,2.98,2.89,2.49,1.53,3.13,1.37,True
4446,Premier League (England),2024,2025-11-27 21:00:00,Pre-Team-11,Pre-Team-10,FINISHED,3.0,1.0,2.4,0.74,1.27,6.09,9.5,1.85,1.95,1.47,2.73,True
4447,Premier League (England),2024,2025-11-27 13:00:00,Pre-Team-08,Pre-Team-12,FINISHED,0.0,3.0,0.99,1.21,2.9,3.29,2.44,2.11,1.75,2.45,1.55,True
4448,Premier League (England),2024,2025-11-27 13:00:00,Pre-Team-14,Pre-Team-01,FINISHED,1.0,1.0,0.49,0.68,3.11,2.96,2.49,2.51,1.53,3.18,1.36,True
4449,La Liga (Spain),2024,2025-11-27 16:00:00,La -Team-07,La -Team-16,FINISHED,1.0,0.0,1.28,0.62,2.38,3.03,3.23,2.45,1.55,3.04,1.39,True
4450,La Liga (Spain),2024,2025-11-27 18:00:00,La -Team-08,La -Team-03,FINISHED,2.0,0.0,1.83,1.01,1.43,4.78,6.76,1.94,1.88,1.71,2.16,True
4451,La Liga (Spain),2024,2025-11-27 13:00:00,La -Team-13,La -Team-10,FINISHED,1.0,2.0,1.04,1.03,2.88,3.28,2.43,2.12,1.73,2.5,1.54,True
4452,La Liga (Spain),2024,2025-11-27 21:00:00,La -Team-14,La -Team-04,FINISHED,0.0,0.0,1.15,0.63,1.74,3.14,5.88,3.26,1.35,3.61,1.28,True
4453,La Liga (Spain),2024,2025-11-27 21:00:00,La -Team-05,La -Team-09,FINISHED,2.0,2.0,2.59,0.89,1.37,5.66,7.03,1.61,2.39,1.38,3.09,True
4454,La Liga (Spain),2024,2025-11-27 13:00:00,La -Team-02,La -Team-06,FINISHED,2.0,3.0,2.21,1.22,2.28,3.89,2.76,1.6,2.36,1.67,2.2,True
4455,La Liga (Spain),2024,2025-11-27 13:00:00,La -Team-01,La -Team-12,FINISHED,0.0,2.0,1.16,2.18,4.44,3.94,1.72,1.89,1.94,1.89,1.9,True
4456,La Liga (Spain),2024,2025-11-27 16:00:00,La -Team-11,La -Team-15,FINISHED,2.0,2.0,1.04,0.33,2.29,2.93,3.6,2.73,1.46,3.54,1.3,True
4457,Serie A (Italy),2024,2025-11-27 18:00:00,Ser-Team-07,Ser-Team-10,FINISHED,1.0,1.0,1.36,1.73,2.62,3.81,2.43,1.63,2.3,1.72,2.12,True
4458,Serie A (Italy),2024,2025-11-27 18:00:00,Ser-Team-15,Ser-Team-13,FINISHED,0.0,0.0,1.25,0.74,2.96,2.89,2.66,2.67,1.48,3.43,1.34,True
4459,Serie A (Italy),2024,2025-11-27 18:00:00,Ser-Team-11,Ser-Team-09,FINISHED,0.0,1.0,1.08,1.11,3.25,3.01,2.39,2.49,1.56,3.03,1.37,True
4460,Serie A (Italy),2024,2025-11-27 13:00:00,Ser-Team-06,Ser-Team-04,FINISHED,0.0,0.0,0.08,0.65,7.99,2.44,1.91,6.18,1.13,7.85,1.08,True
4461,Serie A (Italy),2024,2025-11-27 18:00:00,Ser-Team-14,Ser-Team-01,FINISHED,2.0,1.0,0.99,0.64,2.89,2.94,2.67,2.56,1.51,3.28,1.34,True
4462,Serie A (Italy),2024,2025-11-27 21:00:00,Ser-Team-08,Ser-Team-03,FINISHED,4.0,2.0,1.15,2.18,3.65,4.57,1.76,1.4,2.97,1.34,3.2,True
4463,Serie A (Italy),2024,2025-11-27 13:00:00,Ser-Team-02,Ser-Team-16,FINISHED,5.0,2.0,1.74,0.6,1.46,4.34,6.82,2.2,1.67,2.0,1.8,True
4464,Serie A (Italy),2024,2025-11-27 21:00:00,Ser-Team-12,Ser-Team-05,FINISHED,0.0,0.0,0.89,0.61,2.45,3.05,3.06,2.41,1.56,3.0,1.4,True
4465,Bundesliga (Germany),2024,2025-11-27 21:00:00,Bun-Team-05,Bun-Team-04,FINISHED,1.0,0.0,1.18,0.71,1.82,3.53,4.38,2.22,1.67,2.39,1.57,True
4466,Bundesliga (Germany),2024,2025-11-27 13:00:00,Bun-Team-10,Bun-Team-09,FINISHED,0.0,1.0,0.62,1.25,3.58,2.76,2.38,3.05,1.38,4.13,1.24,True
4467,Bundesliga (Germany),2024,2025-11-27 16:00:00,Bun-Team-08,Bun-Team-11,FINISHED,0.0,0.0,0.8,1.05,3.06,2.94,2.54,2.57,1.51,3.27,1.35,True
4468,Bundesliga (Germany),2024,2025-11-27 18:00:00,Bun-Team-07,Bun-Team-01,FINISHED,0.0,1.0,1.16,1.05,2.48,3.3,2.83,2.05,1.78,2.34,1.58,True
4469,Bundesliga (Germany),2024,2025-11-27 16:00:00,Bun-Team-06,Bun-Team-13,FINISHED,1.0,1.0,2.21,1.13,1.5,4.95,5.22,1.56,2.48,1.44,2.86,True
4470,Bundesliga (Germany),2024,2025-11-27 16:00:00,Bun-Team-14,Bun-Team-12,FINISHED,0.0,1.0,1.05,2.09,3.57,4.36,1.81,1.47,2.64,1.48,2.74,True
4471,Bundesliga (Germany),2024,2025-11-27 18:00:00,Bun-Team-16,Bun-Team-15,FINISHED,0.0,2.0,0.55,1.48,5.8,3.29,1.7,2.94,1.42,3.13,1.38,True
4472,Bundesliga (Germany),2024,2025-11-27 13:00:00,Bun-Team-02,Bun-Team-03,FINISHED,0.0,0.0,1.25,0.47,1.79,3.35,4.96,2.57,1.5,2.88,1.42,True
4473,Ligue 1 (France),2024,2025-11-27 18:00:00,Lig-Team-15,Lig-Team-04,FINISHED,0.0,0.0,1.17,0.41,1.88,3.23,4.63,2.65,1.48,3.06,1.38,True
4474,Ligue 1 (France),2024,2025-11-27 21:00:00,Lig-Team-01,Lig-Team-09,FINISHED,2.0,1.0,0.87,1.07,3.03,3.31,2.34,2.12,1.73,2.45,1.57,True
4475,Ligue 1 (France),2024,2025-11-27 18:00:00,Lig-Team-11,Lig-Team-08,FINISHED,3.0,1.0,1.39,0.6,1.72,3.23,5.91,3.07,1.37,3.33,1.32,True
4476,Ligue 1 (France),2024,2025-11-27 13:00:00,Lig-Team-02,Lig-Team-07,FINISHED,1.0,4.0,0.47,1.02,4.83,2.75,2.02,3.44,1.31,4.44,1.22,True
4477,Ligue 1 (France),2024,2025-11-27 21:00:00,Lig-Team-06,Lig-Team-10,FINISHED,6.0,0.0,2.28,1.22,1.49,4.75,5.7,1.68,2.15,1.55,2.44,True
4478,Ligue 1 (France),2024,2025-11-27 18:00:00,Lig-Team-16,Lig-Team-14,FINISHED,1.0,4.0,0.91,0.85,2.56,2.99,2.99,2.46,1.56,3.05,1.37,True
4479,Ligue 1 (France),2024,2025-11-27 18:00:00,Lig-Team-03,Lig-Team-05,FINISHED,2.0,1.0,1.38,0.98,2.37,2.77,3.58,3.0,1.38,4.03,1.25,True
4480,Ligue 1 (France),2024,2025-11-27 18:00:00,Lig-Team-12,Lig-Team-13,FINISHED,1.0,0.0,1.16,0.79,2.03,3.14,4.04,2.54,1.52,3.02,1.38,True
4481,Premier League (England),2024,2025-12-03 16:00:00,Pre-Team-13,Pre-Team-08,FINISHED,0.0,0.0,1.17,0.61,1.81,3.06,5.53,3.19,1.35,3.65,1.29,True
4482,Premier League (England),2024,2025-12-03 18:00:00,Pre-Team-06,Pre-Team-04,FINISHED,3.0,4.0,0.62,1.5,4.47,3.73,1.76,2.04,1.79,2.12,1.74,True
4483,Premier League (England),2024,2025-12-03 18:00:00,Pre-Team-02,Pre-Team-09,FINISHED,1.0,0.0,1.48,0.38,1.7,3.23,6.08,3.16,1.37,3.43,1.33,True
4484,Premier League (England),2024,2025-12-03 13:00:00,Pre-Team-05,Pre-Team-12,FINISHED,1.0,4.0,1.97,0.8,1.7,3.85,4.62,1.99,1.81,2.05,1.8,True
4485,Premier League (England),2024,2025-12-03 16:00:00,Pre-Team-07,Pre-Team-10,FINISHED,4.0,0.0,1.88,1.51,1.92,4.33,3.25,1.42,2.85,1.43,2.9,True
4486,Premier League (England),2024,2025-12-03 18:00:00,Pre-Team-01,Pre-Team-03,FINISHED,1.0,0.0,1.15,1.17,1.98,3.56,3.68,2.03,1.82,2.2,1.69,True
4487,Premier League (England),2024,2025-12-03 16:00:00,Pre-Team-16,Pre-Team-11,FINISHED,1.0,2.0,1.14,1.05,2.48,3.08,3.05,2.39,1.6,2.92,1.4,True
4488,Premier League (England),2024,2025-12-03 21:00:00,Pre-Team-14,Pre-Team-15,FINISHED,2.0,2.0,0.77,0.51,2.53,2.79,3.3,2.94,1.42,3.91,1.26,True
4489,La Liga (Spain),2024,2025-12-03 13:00:00,La -Team-15,La -Team-14,FINISHED,1.0,3.0,0.63,0.9,3.47,3.09,2.23,2.43,1.56,2.98,1.41,True
4490,La Liga (Spain),2024,2025-12-03 18:00:00,La -Team-07,La -Team-06,FINISHED,3.0,1.0,1.04,1.54,3.74,3.16,2.12,2.47,1.56,2.95,1.41,True
4491,La Liga (Spain),2024,2025-12-03 13:00:00,La -Team-13,La -Team-05,FINISHED,1.0,2.0,1.09,1.5,3.58,3.31,2.08,2.21,1.68,2.54,1.52,True
4492,La Liga (Spain),2024,2025-12-03 18:00:00,La -Team-04,La -Team-10,FINISHED,2.0,1.0,0.52,1.07,3.11,2.99,2.49,2.53,1.53,3.18,1.37,True
4493,La Liga (Spain),2024,2025-12-03 13:00:00,La -Team-08,La -Team-03,FINISHED,2.0,1.0,1.65,0.89,1.41,4.72,6.77,1.92,1.87,1.71,2.14,True
4494,La Liga (Spain),2024,2025-12-03 16:00:00,La -Team-12,La -Team-11,FINISHED,0.0,2.0,1.21,0.79,1.8,3.29,4.92,2.65,1.48,2.97,1.39,True
4495,La Liga (Spain),2024,2025-12-03 21:00:00,La -Team-16,La -Team-02,FINISHED,1.0,1.0,1.11,1.84,3.4,3.97,1.95,1.64,2.3,1.66,2.21,True
4496,La Liga (Spain),2024,2025-12-03 21:00:00,La -Team-01,La -Team-09,FINISHED,4.0,2.0,2.06,1.79,1.77,4.51,3.58,1.39,2.97,1.35,3.2,True
4497,Serie A (Italy),2024,2025-12-03 21:00:00,Ser-Team-07,Ser-Team-14,FINISHED,1.0,0.0,1.18,0.84,2.94,3.16,2.48,2.25,1.65,2.75,1.48,True
4498,Serie A (Italy),2024,2025-12-03 21:00:00,Ser-Team-09,Ser-Team-04,FINISHED,1.0,1.0,0.65,1.45,3.28,2.9,2.45,2.69,1.48,3.47,1.32,True
4499,Serie A (Italy),2024,2025-12-03 21:00:00,Ser-Team-01,Ser-Team-13,FINISHED,1.0,1.0,1.28,0.73,1.83,3.19,5.04,2.77,1.46,3.13,1.37,True
4500,Serie A (Italy),2024,2025-12-03 16:00:00,Ser-Team-10,Ser-Team-08,FINISHED,2.0,0.0,3.57,0.74,1.22,7.52,9.51,1.42,2.86,1.17,5.23,True
4501,Serie A (Italy),2024,2025-12-03 18:00:00,Ser-Team-12,Ser-Team-05,FINISHED,1.0,2.0,1.09,0.88,2.47,3.04,3.05,2.42,1.57,3.01,1.39,True
4502,Serie A (Italy),2024,2025-12-03 18:00:00,Ser-Team-15,Ser-Team-03,FINISHED,1.0,0.0,0.93,1.08,2.63,3.39,2.61,1.98,1.84,2.23,1.66,True
4503,Serie A (Italy),2024,2025-12-03 18:00:00,Ser-Team-02,Ser-Team-16,FINISHED,0.0,0.0,1.97,1.03,1.46,4.36,6.84,2.21,1.68,1.97,1.83,True
4504,Serie A (Italy),2024,2025-12-03 21:00:00,Ser-Team-06,Ser-Team-11,FINISHED,0.0,2.0,0.71,0.77,4.21,2.18,2.73,5.2,1.17,8.88,1.07,True
4505,Bundesliga (Germany),2024,2025-12-03 18:00:00,Bun-Team-11,Bun-Team-03,FINISHED,0.0,0.0,1.43,1.0,2.04,3.36,3.68,2.18,1.7,2.45,1.57,True
4506,Bundesliga (Germany),2024,2025-12-03 16:00:00,Bun-Team-06,Bun-Team-14,FINISHED,3.0,1.0,2.59,1.34,1.4,5.71,5.83,1.42,2.94,1.25,4.01,True
4507,Bundesliga (Germany),2024,2025-12-03 16:00:00,Bun-Team-12,Bun-Team-16,FINISHED,4.0,1.0,1.97,0.75,1.43,4.28,7.53,2.42,1.55,2.17,1.7,True
4508,Bundesliga (Germany),2024,2025-12-03 16:00:00,Bun-Team-08,Bun-Team-15,FINISHED,1.0,0.0,0.59,1.27,7.27,2.94,1.71,4.16,1.22,4.65,1.2,True
4509,Bundesliga (Germany),2024,2025-12-03 18:00:00,Bun-Team-10,Bun-Team-07,FINISHED,1.0,0.0,1.37,0.75,2.37,3.23,3.07,2.18,1.69,2.61,1.5,True
4510,Bundesliga (Germany),2024,2025-12-03 13:00:00,Bun-Team-02,Bun-Team-09,FINISHED,0.0,0.0,1.04,1.06,3.75,2.95,2.2,2.76,1.45,3.49,1.32,True
4511,Bundesliga (Germany),2024,2025-12-03 13:00:00,Bun-Team-04,Bun-Team-01,FINISHED,0.0,1.0,0.93,1.45,3.3,3.45,2.15,2.0,1.82,2.27,1.67,True
4512,Bundesliga (Germany),2024,2025-12-03 18:00:00,Bun-Team-05,Bun-Team-13,FINISHED,2.0,3.0,1.65,0.89,2.03,3.68,3.42,1.85,1.96,2.01,1.82,True
4513,Ligue 1 (France),2024,2025-12-03 16:00:00,Lig-Team-14,Lig-Team-04,FINISHED,1.0,0.0,1.24,1.16,2.8,2.92,2.77,2.58,1.52,3.32,1.34,True
4514,Ligue 1 (France),2024,2025-12-03 16:00:00,Lig-Team-09,Lig-Team-16,FINISHED,2.0,0.0,0.84,0.68,1.97,2.91,4.76,3.25,1.36,3.98,1.24,True
4515,Ligue 1 (France),2024,2025-12-03 21:00:00,Lig-Team-10,Lig-Team-12,FINISHED,0.0,1.0,0.81,1.91,5.26,3.75,1.66,2.26,1.66,2.27,1.63,True
4516,Ligue 1 (France),2024,2025-12-03 13:00:00,Lig-Team-02,Lig-Team-11,FINISHED,1.0,5.0,0.44,1.04,4.23,2.95,2.08,2.87,1.44,3.53,1.29,True
4517,Ligue 1 (France),2024,2025-12-03 16:00:00,Lig-Team-01,Lig-Team-15,FINISHED,1.0,1.0,1.04,1.78,3.79,3.86,1.85,1.76,2.08,1.8,1.99,True
4518,Ligue 1 (France),2024,2025-12-03 16:00:00,Lig-Team-03,Lig-Team-07,FINISHED,0.0,0.0,0.61,1.33,3.84,2.72,2.31,3.19,1.36,4.33,1.22,True
4519,Ligue 1 (France),2024,2025-12-03 18:00:00,Lig-Team-08,Lig-Team-06,FINISHED,0.0,1.0,1.44,0.8,2.89,3.25,2.47,2.18,1.7,2.56,1.51,True
4520,Ligue 1 (France),2024,2025-12-03 13:00:00,Lig-Team-13,Lig-Team-05,FINISHED,0.0,2.0,0.93,0.41,2.22,2.94,3.74,2.68,1.47,3.37,1.33,True
4521,Premier League (England),2024,2025-12-04 16:00:00,Pre-Team-15,Pre-Team-05,FINISHED,0.0,2.0,1.06,1.0,2.91,2.91,2.67,2.62,1.5,3.37,1.32,True
4522,Premier League (England),2024,2025-12-04 18:00:00,Pre-Team-01,Pre-Team-13,FINISHED,0.0,0.0,1.46,0.57,2.05,3.35,3.74,2.21,1.68,2.51,1.54,True
4523,Premier League (England),2024,2025-12-04 16:00:00,Pre-Team-10,Pre-Team-11,FINISHED,1.0,0.0,0.88,2.05,5.65,4.67,1.5,1.73,2.11,1.59,2.37,True
4524,Premier League (England),2024,2025-12-04 21:00:00,Pre-Team-14,Pre-Team-12,FINISHED,1.0,1.0,1.2,0.82,2.06,3.39,3.59,2.13,1.71,2.45,1.56,True
4525,Premier League (England),2024,2025-12-04 18:00:00,Pre-Team-04,Pre-Team-07,FINISHED,4.0,1.0,3.26,1.37,1.16,8.55,13.61,1.67,2.19,1.23,4.24,True
4526,Premier League (England),2024,2025-12-04 18:00:00,Pre-Team-09,Pre-Team-08,FINISHED,1.0,0.0,0.82,0.5,1.98,2.79,5.15,3.57,1.29,4.57,1.21,True
4527,Premier League (England),2024,2025-12-04 21:00:00,Pre-Team-02,Pre-Team-06,FINISHED,1.0,1.0,1.78,0.65,1.57,3.75,6.35,2.56,1.53,2.48,1.54,True
4528,Premier League (England),2024,2025-12-04 21:00:00,Pre-Team-03,Pre-Team-16,FINISHED,0.0,1.0,0.7,0.94,3.2,2.74,2.58,2.99,1.4,4.02,1.25,True
4529,La Liga (Spain),2024,2025-12-04 21:00:00,La -Team-09,La -Team-13,FINISHED,1.0,2.0,1.3,1.6,2.52,3.74,2.51,1.66,2.25,1.77,2.04,True
4530,La Liga (Spain),2024,2025-12-04 13:00:00,La -Team-15,La -Team-05,FINISHED,4.0,5.0,0.91,1.1,3.12,3.33,2.27,2.11,1.74,2.42,1.56,True
4531,La Liga (Spain),2024,2025-12-04 16:00:00,La -Team-14,La -Team-02,FINISHED,4.0,0.0,1.63,0.92,1.61,4.23,4.95,1.81,2.01,1.77,2.07,True
4532,La Liga (Spain),2024,2025-12-04 16:00:00,La -Team-07,La -Team-16,FINISHED,0.0,0.0,1.07,1.04,2.37,3.04,3.21,2.45,1.55,3.1,1.38,True
4533,La Liga (Spain),2024,2025-12-04 21:00:00,La -Team-04,La -Team-01,FINISHED,1.0,3.0,1.38,1.24,2.46,3.09,3.04,2.33,1.62,2.84,1.43,True
4534,La Liga (Spain),2024,2025-12-04 16:00:00,La -Team-10,La -Team-12,FINISHED,1.0,1.0,1.05,1.57,3.33,3.5,2.11,1.95,1.86,2.16,1.71,True
4535,La Liga (Spain),2024,2025-12-04 13:00:00,La -Team-11,La -Team-08,FINISHED,0.0,1.0,0.96,0.56,2.87,2.62,2.99,3.28,1.33,4.64,1.19,True
4536,La Liga (Spain),2024,2025-12-04 16:00:00,La -Team-06,La -Team-03,FINISHED,2.0,2.0,2.25,0.98,1.5,4.93,5.35,1.57,2.44,1.43,2.83,True
4537,Serie A (Italy),2024,2025-12-04 21:00:00,Ser-Team-13,Ser-Team-14,FINISHED,2.0,1.0,0.58,1.11,3.02,2.81,2.68,2.84,1.45,3.73,1.27,True
4538,Serie A (Italy),2024,2025-12-04 16:00:00,Ser-Team-01,Ser-Team-05,FINISHED,2.0,1.0,0.91,0.98,2.25,2.87,3.66,2.81,1.43,3.57,1.29,True
4539,Serie A (Italy),2024,2025-12-04 16:00:00,Ser-Team-04,Ser-Team-09,FINISHED,0.0,2.0,0.87,0.67,1.94,3.11,4.48,2.74,1.45,3.25,1.35,True
4540,Serie A (Italy),2024,2025-12-04 21:00:00,Ser-Team-08,Ser-Team-16,FINISHED,0.0,2.0,2.19,1.63,2.23,4.4,2.6,1.33,3.3,1.31,3.39,True
4541,Serie A (Italy),2024,2025-12-04 13:00:00,Ser-Team-12,Ser-Team-03,FINISHED,0.0,0.0,1.64,0.95,1.72,4.01,4.39,1.81,2.0,1.82,2.0,True
4542,Serie A (Italy),2024,2025-12-04 21:00:00,Ser-Team-11,Ser-Team-15,FINISHED,1.0,3.0,1.17,0.76,2.53,3.07,2.97,2.39,1.58,2.97,1.4,True
4543,Serie A (Italy),2024,2025-12-04 13:00:00,Ser-Team-06,Ser-Team-02,FINISHED,1.0,1.0,0.71,0.74,6.7,2.29,2.1,6.07,1.12,8.83,1.06,True
4544,Serie A (Italy),2024,2025-12-04 18:00:00,Ser-Team-07,Ser-Team-10,FINISHED,1.0,0.0,1.39,1.67,2.61,3.85,2.42,1.63,2.29,1.74,2.13,True
4545,Bundesliga (Germany),2024,2025-12-04 21:00:00,Bun-Team-05,Bun-Team-02,FINISHED,2.0,2.0,1.13,0.79,2.16,3.21,3.45,2.29,1.64,2.69,1.48,True
4546,Bundesliga (Germany),2024,2025-12-04 13:00:00,Bun-Team-09,Bun-Team-08,FINISHED,1.0,0.0,1.47,0.49,1.58,3.06,9.77,4.9,1.18,4.69,1.19,True
4547,Bundesliga (Germany),2024,2025-12-04 18:00:00,Bun-Team-12,Bun-Team-16,FINISHED,2.0,1.0,1.7,0.44,1.45,4.29,7.52,2.42,1.56,2.17,1.69,True
4548,Bundesliga (Germany),2024,2025-12-04 21:00:00,Bun-Team-10,Bun-Team-13,FINISHED,0.0,0.0,1.84,1.19,2.08,3.66,3.32,1.83,2.0,1.98,1.84,True
4549,Bundesliga (Germany),2024,2025-12-04 18:00:00,Bun-Team-15,Bun-Team-06,FINISHED,1.0,2.0,1.66,0.84,2.09,3.39,3.48,2.12,1.73,2.4,1.58,True
4550,Bundesliga (Germany),2024,2025-12-04 13:00:00,Bun-Team-03,Bun-Team-01,FINISHED,1.0,1.0,0.74,1.18,4.2,3.11,1.99,2.63,1.49,3.1,1.37,True
4551,Bundesliga (Germany),2024,2025-12-04 21:00:00,Bun-Team-07,Bun-Team-14,FINISHED,0.0,2.0,2.09,1.17,1.84,4.29,3.55,1.47,2.65,1.47,2.71,True
4552,Bundesliga (Germany),2024,2025-12-04 18:00:00,Bun-Team-11,Bun-Team-04,FINISHED,1.0,0.0,1.14,1.25,2.25,3.7,2.86,1.7,2.15,1.82,2.0,True
4553,Ligue 1 (France),2024,2025-12-04 18:00:00,Lig-Team-10,Lig-Team-04,FINISHED,1.0,0.0,0.62,1.04,4.95,3.0,1.92,3.09,1.37,3.73,1.27,True
4554,Ligue 1 (France),2024,2025-12-04 16:00:00,Lig-Team-05,Lig-Team-11,FINISHED,0.0,1.0,1.07,0.99,3.51,3.24,2.14,2.28,1.65,2.66,1.48,True
4555,Ligue 1 (France),2024,2025-12-04 21:00:00,Lig-Team-01,Lig-Team-15,FINISHED,1.0,1.0,1.29,1.77,3.81,3.88,1.88,1.75,2.08,1.81,2.0,True
4556,Ligue 1 (France),2024,2025-12-04 21:00:00,Lig-Team-08,Lig-Team-13,FINISHED,1.0,1.0,0.86,0.85,3.35,2.54,2.72,3.53,1.3,5.19,1.17,True
4557,Ligue 1 (France),2024,2025-12-04 13:00:00,Lig-Team-07,Lig-Team-03,FINISHED,3.0,0.0,0.69,0.62,1.91,2.93,5.25,3.31,1.33,4.03,1.25,True
4558,Ligue 1 (France),2024,2025-12-04 21:00:00,Lig-Team-02,Lig-Team-14,FINISHED,1.0,1.0,0.88,0.73,3.14,3.04,2.45,2.5,1.55,3.08,1.38,True
4559,Ligue 1 (France),2024,2025-12-04 18:00:00,Lig-Team-09,Lig-Team-06,FINISHED,2.0,1.0,1.86,1.37,1.64,4.2,4.67,1.79,2.04,1.75,2.07,True
4560,Ligue 1 (France),2024,2025-12-04 13:00:00,Lig-Team-12,Lig-Team-16,FINISHED,2.0,0.0,1.05,0.67,2.04,2.9,4.36,3.0,1.39,3.75,1.26,True
4561,Premier League (England),2024,2025-12-10 16:00:00,Pre-Team-07,Pre-Team-02,FINISHED,1.0,3.0,1.22,2.14,6.59,5.05,1.42,1.78,2.07,1.56,2.44,True
4562,Premier League (England),2024,2025-12-10 18:00:00,Pre-Team-13,Pre-Team-11,FINISHED,0.0,2.0,0.69,1.16,3.08,3.45,2.25,1.92,1.86,2.17,1.7,True
4563,Premier League (England),2024,2025-12-10 18:00:00,Pre-Team-09,Pre-Team-03,FINISHED,1.0,0.0,1.21,1.19,2.65,2.91,3.03,2.66,1.48,3.44,1.32,True
4564,Premier League (England),2024,2025-12-10 21:00:00,Pre-Team-16,Pre-Team-05,FINISHED,0.0,1.0,1.05,0.56,2.33,2.61,4.03,3.56,1.3,4.98,1.17,True
4565,Premier League (England),2024,2025-12-10 13:00:00,Pre-Team-12,Pre-Team-10,FINISHED,2.0,0.0,2.08,1.25,1.75,4.24,3.92,1.61,2.36,1.6,2.35,True
4566,Premier League (England),2024,2025-12-10 21:00:00,Pre-Team-01,Pre-Team-06,FINISHED,1.0,3.0,1.17,1.01,1.83,3.64,4.17,2.03,1.78,2.17,1.71,True
4567,Premier League (England),2024,2025-12-10 18:00:00,Pre-Team-15,Pre-Team-08,FINISHED,0.0,0.0,1.33,0.49,1.88,3.06,4.92,2.98,1.4,3.52,1.3,True
4568,Premier League (England),2024,2025-12-10 18:00:00,Pre-Team-14,Pre-Team-04,FINISHED,1.0,0.0,0.8,1.44,4.49,3.23,1.89,2.61,1.49,2.93,1.4,True
4569,La Liga (Spain),2024,2025-12-10 21:00:00,La -Team-15,La -Team-03,FINISHED,2.0,2.0,2.1,1.12,1.58,4.54,4.83,1.64,2.29,1.56,2.46,True
4570,La Liga (Spain),2024,2025-12-10 21:00:00,La -Team-08,La -Team-13,FINISHED,1.0,0.0,0.85,0.93,1.94,3.0,4.67,3.0,1.41,3.6,1.3,True
4571,La Liga (Spain),2024,2025-12-10 18:00:00,La -Team-05,La -Team-11,FINISHED,1.0,2.0,0.91,1.0,2.02,3.19,3.92,2.45,1.56,2.88,1.42,True
4572,La Liga (Spain),2024,2025-12-10 18:00:00,La -Team-14,La -Team-04,FINISHED,1.0,0.0,1.36,0.22,1.77,3.13,5.88,3.25,1.35,3.62,1.3,True
4573,La Liga (Spain),2024,2025-12-10 21:00:00,La -Team-07,La -Team-09,FINISHED,0.0,5.0,1.34,1.51,2.51,3.65,2.59,1.76,2.08,1.9,1.89,True
4574,La Liga (Spain),2024,2025-12-10 16:00:00,La -Team-01,La -Team-12,FINISHED,3.0,1.0,0.99,1.72,4.46,3.96,1.71,1.86,1.94,1.91,1.92,True
4575,La Liga (Spain),2024,2025-12-10 21:00:00,La -Team-06,La -Team-16,FINISHED,0.0,1.0,1.6,0.97,1.62,3.93,5.4,2.16,1.7,2.16,1.7,True
4576,La Liga (Spain),2024,2025-12-10 13:00:00,La -Team-10,La -Team-02,FINISHED,2.0,0.0,2.32,1.42,1.9,4.16,3.43,1.52,2.53,1.52,2.52,True
4577,Serie A (Italy),2024,2025-12-10 16:00:00,Ser-Team-05,Ser-Team-13,FINISHED,2.0,1.0,0.94,0.89,2.07,2.84,4.41,3.14,1.36,4.03,1.25,True
4578,Serie A (Italy),2024,2025-12-10 18:00:00,Ser-Team-08,Ser-Team-04,FINISHED,0.0,1.0,1.21,1.78,6.67,4.9,1.42,1.82,2.01,1.61,2.32,True
4579,Serie A (Italy),2024,2025-12-10 13:00:00,Ser-Team-09,Ser-Team-14,FINISHED,1.0,0.0,1.35,0.87,2.82,2.95,2.73,2.63,1.5,3.36,1.34,True
4580,Serie A (Italy),2024,2025-12-10 21:00:00,Ser-Team-12,Ser-Team-11,FINISHED,3.0,0.0,1.7,0.74,1.59,3.97,5.87,2.25,1.66,2.2,1.69,True
4581,Serie A (Italy),2024,2025-12-10 13:00:00,Ser-Team-07,Ser-Team-02,FINISHED,0.0,0.0,0.92,0.89,2.9,3.11,2.57,2.31,1.6,2.83,1.43,True
4582,Serie A (Italy),2024,2025-12-10 16:00:00,Ser-Team-10,Ser-Team-16,FINISHED,1.0,0.0,2.99,0.8,1.33,5.74,7.32,1.59,2.37,1.37,3.21,True
4583,Serie A (Italy),2024,2025-12-10 18:00:00,Ser-Team-01,Ser-Team-15,FINISHED,0.0,0.0,1.39,0.95,1.55,3.75,6.56,2.66,1.5,2.56,1.51,True
4584,Serie A (Italy),2024,2025-12-10 18:00:00,Ser-Team-06,Ser-Team-03,FINISHED,0.0,1.0,0.72,1.13,4.89,2.54,2.16,4.09,1.22,5.73,1.14,True
4585,Bundesliga (Germany),2024,2025-12-10 21:00:00,Bun-Team-05,Bun-Team-14,FINISHED,0.0,1.0,1.73,1.52,1.87,4.09,3.56,1.63,2.3,1.66,2.24,True
4586,Bundesliga (Germany),2024,2025-12-10 16:00:00,Bun-Team-09,Bun-Team-11,FINISHED,1.0,0.0,1.46,0.48,1.47,4.13,7.41,2.54,1.54,2.31,1.62,True
4587,Bundesliga (Germany),2024,2025-12-10 18:00:00,Bun-Team-02,Bun-Team-15,FINISHED,2.0,2.0,0.6,0.89,3.96,3.2,2.04,2.5,1.54,3.0,1.41,True
4588,Bundesliga (Germany),2024,2025-12-10 18:00:00,Bun-Team-03,Bun-Team-07,FINISHED,0.0,0.0,0.6,1.32,3.86,3.11,2.06,2.52,1.54,2.99,1.4,True
4589,Bundesliga (Germany),2024,2025-12-10 13:00:00,Bun-Team-04,Bun-Team-16,FINISHED,0.0,0.0,1.15,1.12,2.15,3.33,3.45,2.17,1.7,2.48,1.54,True
4590,Bundesliga (Germany),2024,2025-12-10 21:00:00,Bun-Team-10,Bun-Team-06,FINISHED,1.0,0.0,0.57,1.81,3.15,3.5,2.19,1.92,1.89,2.11,1.72,True
4591,Bundesliga (Germany),2024,2025-12-10 16:00:00,Bun-Team-01,Bun-Team-13,FINISHED,1.0,0.0,1.31,1.36,1.89,3.91,3.65,1.74,2.1,1.81,2.02,True
4592,Bundesliga (Germany),2024,2025-12-10 13:00:00,Bun-Team-12,Bun-Team-08,FINISHED,1.0,1.0,1.24,0.54,1.43,3.8,9.26,3.42,1.31,2.97,1.39,True
4593,Ligue 1 (France),2024,2025-12-10 18:00:00,Lig-Team-09,Lig-Team-04,FINISHED,1.0,1.0,1.08,0.76,2.35,2.7,3.88,3.34,1.34,4.57,1.21,True
4594,Ligue 1 (France),2024,2025-12-10 21:00:00,Lig-Team-12,Lig-Team-16,FINISHED,1.0,1.0,0.96,0.64,2.03,2.9,4.35,3.01,1.4,3.77,1.28,True
4595,Ligue 1 (France),2024,2025-12-10 21:00:00,Lig-Team-01,Lig-Team-07,FINISHED,3.0,3.0,1.03,1.02,3.35,3.22,2.22,2.27,1.66,2.64,1.48,True
4596,Ligue 1 (France),2024,2025-12-10 18:00:00,Lig-Team-15,Lig-Team-02,FINISHED,1.0,1.0,1.78,0.61,1.43,4.18,8.45,2.74,1.45,2.4,1.57,True
4597,Ligue 1 (France),2024,2025-12-10 21:00:00,Lig-Team-06,Lig-Team-10,FINISHED,4.0,3.0,2.48,0.84,1.47,4.77,5.73,1.7,2.17,1.56,2.4,True
4598,Ligue 1 (France),2024,2025-12-10 21:00:00,Lig-Team-08,Lig-Team-13,FINISHED,1.0,1.0,0.65,1.04,3.39,2.55,2.7,3.53,1.3,5.15,1.16,True
4599,Ligue 1 (France),2024,2025-12-10 13:00:00,Lig-Team-05,Lig-Team-03,FINISHED,2.0,2.0,0.85,0.73,2.72,2.76,3.06,2.98,1.41,4.11,1.24,True
4600,Ligue 1 (France),2024,2025-12-10 18:00:00,Lig-Team-11,Lig-Team-14,FINISHED,2.0,1.0,1.56,0.84,1.79,3.86,4.12,1.86,1.95,1.92,1.89,True
4601,Premier League (England),2024,2025-12-11 21:00:00,Pre-Team-02,Pre-Team-05,FINISHED,1.0,0.0,1.46,0.59,1.88,3.11,4.87,2.85,1.43,3.32,1.34,True
4602,Premier League (England),2024,2025-12-11 18:00:00,Pre-Team-01,Pre-Team-07,FINISHED,0.0,1.0,2.78,0.81,1.35,5.72,6.81,1.54,2.47,1.35,3.33,True
4603,Premier League (England),2024,2025-12-11 13:00:00,Pre-Team-10,Pre-Team-09,FINISHED,0.0,0.0,0.88,1.05,3.41,3.12,2.2,2.41,1.58,2.92,1.42,True
4604,Premier League (England),2024,2025-12-11 16:00:00,Pre-Team-14,Pre-Team-12,FINISHED,0.0,2.0,1.33,0.93,2.05,3.39,3.62,2.15,1.72,2.43,1.58,True
4605,Premier League (England),2024,2025-12-11 18:00:00,Pre-Team-04,Pre-Team-16,FINISHED,3.0,1.0,1.16,0.66,2.07,3.02,4.11,2.76,1.46,3.36,1.33,True
4606,Premier League (England),2024,2025-12-11 18:00:00,Pre-Team-13,Pre-Team-03,FINISHED,1.0,1.0,1.06,0.5,2.38,3.11,3.19,2.4,1.6,2.89,1.41,True
4607,Premier League (England),2024,2025-12-11 18:00:00,Pre-Team-08,Pre-Team-15,FINISHED,0.0,1.0,1.18,1.34,3.57,2.82,2.32,2.9,1.41,3.77,1.28,True
4608,Premier League (England),2024,2025-12-11 18:00:00,Pre-Team-06,Pre-Team-11,FINISHED,1.0,1.0,0.88,1.69,3.41,3.73,1.99,1.81,2.01,1.91,1.89,True
4609,La Liga (Spain),2024,2025-12-11 16:00:00,La -Team-07,La -Team-09,FINISHED,2.0,0.0,1.62,1.35,2.51,3.64,2.61,1.74,2.08,1.9,1.93,True
4610,La Liga (Spain),2024,2025-12-11 21:00:00,La -Team-02,La -Team-13,FINISHED,1.0,0.0,1.71,1.45,2.02,3.73,3.42,1.77,2.07,1.88,1.95,True
4611,La Liga (Spain),2024,2025-12-11 16:00:00,La -Team-14,La -Team-04,FINISHED,1.0,0.0,1.17,0.45,1.76,3.1,5.84,3.22,1.35,3.6,1.29,True
4612,La Liga (Spain),2024,2025-12-11 21:00:00,La -Team-05,La -Team-06,FINISHED,0.0,0.0,1.69,1.13,1.84,3.66,4.12,2.0,1.82,2.11,1.74,True
4613,La Liga (Spain),2024,2025-12-11 13:00:00,La -Team-12,La -Team-16,FINISHED,1.0,1.0,2.29,0.69,1.28,5.4,10.77,2.41,1.55,1.84,1.97,True
4614,La Liga (Spain),2024,2025-12-11 13:00:00,La -Team-10,La -Team-03,FINISHED,3.0,3.0,2.51,0.76,1.4,5.43,6.07,1.49,2.61,1.33,3.36,True
4615,La Liga (Spain),2024,2025-12-11 21:00:00,La -Team-01,La -Team-08,FINISHED,1.0,2.0,1.28,1.22,3.3,3.25,2.24,2.23,1.67,2.63,1.49,True
4616,La Liga (Spain),2024,2025-12-11 16:00:00,La -Team-11,La -Team-15,FINISHED,2.0,1.0,0.77,0.7,2.28,2.94,3.61,2.77,1.47,3.54,1.29,True
4617,Serie A (Italy),2024,2025-12-11 13:00:00,Ser-Team-01,Ser-Team-13,FINISHED,4.0,2.0,1.15,0.86,1.82,3.21,4.99,2.78,1.45,3.16,1.37,True
4618,Serie A (Italy),2024,2025-12-11 18:00:00,Ser-Team-06,Ser-Team-08,FINISHED,1.0,0.0,0.84,0.77,2.96,2.75,2.82,2.99,1.4,4.06,1.24,True
4619,Serie A (Italy),2024,2025-12-11 21:00:00,Ser-Team-04,Ser-Team-15,FINISHED,0.0,0.0,1.43,0.83,1.64,3.48,6.1,2.82,1.45,2.9,1.41,True
4620,Serie A (Italy),2024,2025-12-11 16:00:00,Ser-Team-11,Ser-Team-14,FINISHED,0.0,0.0,0.5,0.89,3.91,3.1,2.09,2.57,1.51,3.08,1.37,True
4621,Serie A (Italy),2024,2025-12-11 21:00:00,Ser-Team-09,Ser-Team-16,FINISHED,0.0,0.0,1.74,0.89,1.56,4.12,5.54,2.04,1.79,1.96,1.85,True
4622,Serie A (Italy),2024,2025-12-11 21:00:00,Ser-Team-12,Ser-Team-03,FINISHED,1.0,0.0,1.99,1.04,1.73,4.02,4.37,1.8,2.01,1.83,2.01,True
4623,Serie A (Italy),2024,2025-12-11 21:00:00,Ser-Team-05,Ser-Team-10,FINISHED,1.0,0.0,1.43,1.34,2.07,3.44,3.51,2.06,1.79,2.29,1.63,True
4624,Serie A (Italy),2024,2025-12-11 18:00:00,Ser-Team-02,Ser-Team-07,FINISHED,1.0,2.0,1.3,0.92,1.99,3.26,3.91,2.35,1.6,2.71,1.46,True
4625,Bundesliga (Germany),2024,2025-12-11 21:00:00,Bun-Team-08,Bun-Team-13,FINISHED,0.0,2.0,0.87,1.39,3.83,3.15,2.08,2.46,1.55,2.92,1.41,True
4626,Bundesliga (Germany),2024,2025-12-11 21:00:00,Bun-Team-11,Bun-Team-10,FINISHED,0.0,1.0,1.01,1.59,3.05,3.53,2.23,1.92,1.9,2.15,1.71,True
4627,Bundesliga (Germany),2024,2025-12-11 16:00:00,Bun-Team-02,Bun-Team-04,FINISHED,1.0,0.0,1.53,0.75,1.91,3.62,3.84,1.98,1.86,2.11,1.73,True
4628,Bundesliga (Germany),2024,2025-12-11 13:00:00,Bun-Team-12,Bun-Team-06,FINISHED,0.0,0.0,1.65,1.35,2.19,3.71,2.97,1.73,2.1,1.87,1.95,True
4629,Bundesliga (Germany),2024,2025-12-11 16:00:00,Bun-Team-09,Bun-Team-01,FINISHED,2.0,3.0,1.14,0.54,2.0,3.0,4.39,2.89,1.43,3.53,1.3,True
4630,Bundesliga (Germany),2024,2025-12-11 16:00:00,Bun-Team-05,Bun-Team-07,FINISHED,1.0,1.0,1.29,1.23,2.31,3.22,3.14,2.22,1.67,2.64,1.49,True
4631,Bundesliga (Germany),2024,2025-12-11 13:00:00,Bun-Team-16,Bun-Team-14,FINISHED,2.0,1.0,1.46,1.28,2.81,3.89,2.24,1.61,2.36,1.69,2.2,True
4632,Bundesliga (Germany),2024,2025-12-11 21:00:00,Bun-Team-03,Bun-Team-15,FINISHED,0.0,1.0,0.58,1.3,6.54,3.21,1.7,3.36,1.33,3.61,1.29,True
4633,Ligue 1 (France),2024,2025-12-11 16:00:00,Lig-Team-09,Lig-Team-07,FINISHED,2.0,1.0,0.64,0.66,2.62,2.91,2.97,2.62,1.49,3.37,1.33,True
4634,Ligue 1 (France),2024,2025-12-11 21:00:00,Lig-Team-12,Lig-Team-13,FINISHED,3.0,1.0,1.38,0.65,2.05,3.13,4.04,2.55,1.51,3.06,1.38,True
4635,Ligue 1 (France),2024,2025-12-11 18:00:00,Lig-Team-05,Lig-Team-11,FINISHED,1.0,1.0,0.68,1.1,3.48,3.23,2.15,2.25,1.65,2.68,1.5,True
4636,Ligue 1 (France),2024,2025-12-11 16:00:00,Lig-Team-16,Lig-Team-15,FINISHED,0.0,2.0,0.87,0.99,4.23,3.21,1.95,2.5,1.54,2.93,1.4,True
4637,Ligue 1 (France),2024,2025-12-11 16:00:00,Lig-Team-02,Lig-Team-08,FINISHED,0.0,0.0,0.48,0.41,2.8,2.34,3.55,4.25,1.23,6.8,1.11,True
4638,Ligue 1 (France),2024,2025-12-11 21:00:00,Lig-Team-14,Lig-Team-03,FINISHED,2.0,1.0,1.29,0.77,2.28,3.15,3.31,2.36,1.6,2.82,1.43,True
4639,Ligue 1 (France),2024,2025-12-11 16:00:00,Lig-Team-04,Lig-Team-10,FINISHED,4.0,1.0,1.37,0.62,1.61,3.39,7.04,3.23,1.33,3.3,1.34,True
4640,Ligue 1 (France),2024,2025-12-11 18:00:00,Lig-Team-06,Lig-Team-01,FINISHED,1.0,3.0,1.66,1.47,2.25,4.03,2.72,1.52,2.55,1.57,2.41,True
4641,Premier League (England),2024,2025-12-17 13:00:00,Pre-Team-03,Pre-Team-07,FINISHED,1.0,0.0,1.91,1.4,1.55,4.69,4.96,1.6,2.36,1.5,2.63,True
4642,Premier League (England),2024,2025-12-17 18:00:00,Pre-Team-13,Pre-Team-14,FINISHED,2.0,2.0,0.93,0.52,2.36,2.73,3.7,3.14,1.38,4.18,1.23,True
4643,Premier League (England),2024,2025-12-17 16:00:00,Pre-Team-09,Pre-Team-15,FINISHED,0.0,1.0,1.19,0.72,2.45,2.84,3.36,2.84,1.43,3.7,1.28,True
4644,Premier League (England),2024,2025-12-17 16:00:00,Pre-Team-06,Pre-Team-12,FINISHED,0.0,2.0,1.49,1.28,1.92,3.83,3.54,1.73,2.13,1.8,2.05,True
4645,Premier League (England),2024,2025-12-17 21:00:00,Pre-Team-11,Pre-Team-08,FINISHED,4.0,0.0,1.83,0.42,1.38,4.62,8.6,2.49,1.55,2.06,1.75,True
4646,Premier League (England),2024,2025-12-17 13:00:00,Pre-Team-10,Pre-Team-04,FINISHED,0.0,1.0,0.75,2.07,7.69,5.02,1.36,1.99,1.82,1.7,2.19,True
4647,Premier League (England),2024,2025-12-17 13:00:00,Pre-Team-01,Pre-Team-02,FINISHED,1.0,1.0,1.2,1.11,3.18,3.26,2.28,2.18,1.69,2.55,1.52,True
4648,Premier League (England),2024,2025-12-17 13:00:00,Pre-Team-16,Pre-Team-05,FINISHED,0.0,0.0,1.22,0.63,2.31,2.63,4.02,3.54,1.31,4.97,1.17,True
4649,La Liga (Spain),2024,2025-12-17 13:00:00,La -Team-04,La -Team-03,FINISHED,1.0,0.0,1.41,1.17,1.84,3.72,3.91,1.9,1.9,2.02,1.83,True
4650,La Liga (Spain),2024,2025-12-17 18:00:00,La -Team-13,La -Team-01,FINISHED,3.0,2.0,1.5,0.81,2.28,3.41,3.03,1.98,1.82,2.24,1.64,True
4651,La Liga (Spain),2024,2025-12-17 21:00:00,La -Team-10,La -Team-15,FINISHED,1.0,0.0,1.33,1.1,2.07,3.42,3.51,2.05,1.78,2.31,1.6,True
4652,La Liga (Spain),2024,2025-12-17 13:00:00,La -Team-06,La -Team-11,FINISHED,1.0,1.0,1.08,1.0,2.53,2.98,3.04,2.54,1.53,3.15,1.35,True
4653,La Liga (Spain),2024,2025-12-17 18:00:00,La -Team-05,La -Team-12,FINISHED,0.0,4.0,1.28,1.44,2.72,3.35,2.54,2.0,1.82,2.27,1.64,True
4654,La Liga (Spain),2024,2025-12-17 21:00:00,La -Team-02,La -Team-07,FINISHED,0.0,1.0,1.82,0.88,1.63,4.03,4.92,1.93,1.86,1.89,1.9,True
4655,La Liga (Spain),2024,2025-12-17 21:00:00,La -Team-08,La -Team-09,FINISHED,2.0,2.0,1.9,0.68,1.53,4.31,5.77,1.94,1.87,1.83,1.98,True
4656,La Liga (Spain),2024,2025-12-17 21:00:00,La -Team-16,La -Team-14,FINISHED,3.0,0.0,0.85,1.72,5.64,3.68,1.63,2.41,1.57,2.46,1.56,True
4657,Serie A (Italy),2024,2025-12-17 18:00:00,Ser-Team-08,Ser-Team-01,FINISHED,0.0,0.0,1.15,2.3,7.48,5.39,1.35,1.75,2.08,1.47,2.66,True
4658,Serie A (Italy),2024,2025-12-17 13:00:00,Ser-Team-16,Ser-Team-13,FINISHED,3.0,1.0,1.15,1.3,3.56,3.44,2.05,2.08,1.78,2.33,1.62,True
4659,Serie A (Italy),2024,2025-12-17 18:00:00,Ser-Team-11,Ser-Team-12,FINISHED,2.0,1.0,1.13,1.34,3.96,3.46,1.91,2.12,1.7,2.34,1.59,True
4660,Serie A (Italy),2024,2025-12-17 13:00:00,Ser-Team-09,Ser-Team-07,FINISHED,1.0,0.0,1.27,0.72,2.22,3.26,3.37,2.21,1.66,2.59,1.52,True
4661,Serie A (Italy),2024,2025-12-17 21:00:00,Ser-Team-06,Ser-Team-14,FINISHED,0.0,0.0,0.26,0.58,6.86,2.35,2.03,5.88,1.13,8.19,1.08,True
4662,Serie A (Italy),2024,2025-12-17 21:00:00,Ser-Team-15,Ser-Team-10,FINISHED,0.0,2.0,1.29,1.56,3.28,3.67,2.1,1.81,2.0,1.96,1.85,True
4663,Serie A (Italy),2024,2025-12-17 16:00:00,Ser-Team-05,Ser-Team-03,FINISHED,4.0,2.0,1.7,0.67,1.82,3.48,4.56,2.32,1.61,2.54,1.53,True
4664,Serie A (Italy),2024,2025-12-17 18:00:00,Ser-Team-02,Ser-Team-04,FINISHED,1.0,0.0,0.79,0.92,2.88,2.8,2.79,2.87,1.42,3.83,1.28,True
4665,Bundesliga (Germany),2024,2025-12-17 18:00:00,Bun-Team-09,Bun-Team-04,FINISHED,3.0,0.0,1.67,0.39,1.55,3.68,6.92,2.82,1.44,2.75,1.47,True
4666,Bundesliga (Germany),2024,2025-12-17 18:00:00,Bun-Team-16,Bun-Team-03,FINISHED,0.0,1.0,1.16,1.12,2.34,2.84,3.57,2.85,1.42,3.66,1.28,True
4667,Bundesliga (Germany),2024,2025-12-17 18:00:00,Bun-Team-14,Bun-Team-02,FINISHED,2.0,0.0,1.54,1.92,2.23,4.08,2.7,1.47,2.67,1.52,2.6,True
4668,Bundesliga (Germany),2024,2025-12-17 18:00:00,Bun-Team-07,Bun-Team-01,FINISHED,2.0,0.0,0.72,1.09,2.47,3.32,2.84,2.05,1.79,2.39,1.59,True
4669,Bundesliga (Germany),2024,2025-12-17 16:00:00,Bun-Team-10,Bun-Team-15,FINISHED,1.0,0.0,0.84,0.79,3.77,2.91,2.2,2.77,1.44,3.51,1.31,True
4670,Bundesliga (Germany),2024,2025-12-17 18:00:00,Bun-Team-13,Bun-Team-06,FINISHED,0.0,1.0,1.29,1.92,3.36,4.2,1.88,1.5,2.64,1.49,2.61,True
4671,Bundesliga (Germany),2024,2025-12-17 21:00:00,Bun-Team-08,Bun-Team-12,FINISHED,1.0,2.0,-0.05,1.13,6.22,3.22,1.69,3.23,1.36,3.44,1.32,True
4672,Bundesliga (Germany),2024,2025-12-17 21:00:00,Bun-Team-05,Bun-Team-11,FINISHED,1.0,0.0,0.95,1.05,1.73,3.85,4.54,2.01,1.83,2.06,1.79,True
4673,Ligue 1 (France),2024,2025-12-17 16:00:00,Lig-Team-08,Lig-Team-09,FINISHED,1.0,0.0,0.36,0.88,4.45,2.78,2.1,3.31,1.34,4.3,1.24,True
4674,Ligue 1 (France),2024,2025-12-17 13:00:00,Lig-Team-04,Lig-Team-01,FINISHED,0.0,0.0,1.22,0.47,2.23,2.89,3.78,2.77,1.46,3.51,1.3,True
4675,Ligue 1 (France),2024,2025-12-17 18:00:00,Lig-Team-02,Lig-Team-06,FINISHED,0.0,0.0,0.94,1.62,2.89,3.26,2.43,2.1,1.73,2.43,1.56,True
4676,Ligue 1 (France),2024,2025-12-17 18:00:00,Lig-Team-16,Lig-Team-07,FINISHED,0.0,0.0,0.58,0.94,3.88,2.64,2.35,3.4,1.32,4.71,1.19,True
4677,Ligue 1 (France),2024,2025-12-17 21:00:00,Lig-Team-05,Lig-Team-11,FINISHED,1.0,0.0,1.06,0.74,3.53,3.24,2.15,2.28,1.64,2.66,1.48,True
4678,Ligue 1 (France),2024,2025-12-17 21:00:00,Lig-Team-15,Lig-Team-14,FINISHED,2.0,0.0,2.12,0.4,1.46,4.76,6.0,1.74,2.1,1.58,2.39,True
4679,Ligue 1 (France),2024,2025-12-17 16:00:00,Lig-Team-13,Lig-Team-12,FINISHED,0.0,1.0,0.83,1.41,2.97,3.02,2.59,2.48,1.54,3.15,1.36,True
4680,Ligue 1 (France),2024,2025-12-17 18:00:00,Lig-Team-03,Lig-Team-10,FINISHED,1.0,2.0,1.42,1.02,1.76,3.26,5.33,2.81,1.44,3.11,1.37,True
4681,Premier League (England),2024,2025-12-18 21:00:00,Pre-Team-03,Pre-Team-11,FINISHED,1.0,3.0,1.02,1.51,3.04,3.66,2.19,1.78,2.03,1.92,1.88,True
4682,Premier League (England),2024,2025-12-18 13:00:00,Pre-Team-01,Pre-Team-04,FINISHED,2.0,4.0,1.34,1.62,3.18,3.6,2.14,1.84,1.98,2.01,1.82,True
4683,Premier League (England),2024,2025-12-18 13:00:00,Pre-Team-16,Pre-Team-02,FINISHED,0.0,1.0,0.89,1.03,3.12,2.62,2.81,3.32,1.34,4.78,1.19,True
4684,Premier League (England),2024,2025-12-18 18:00:00,Pre-Team-15,Pre-Team-08,FINISHED,1.0,0.0,1.37,0.71,1.89,3.04,4.92,2.98,1.41,3.54,1.31,True
4685,Premier League (England),2024,2025-12-18 16:00:00,Pre-Team-07,Pre-Team-12,FINISHED,1.0,1.0,1.81,2.02,2.34,4.53,2.41,1.29,3.7,1.27,3.81,True
4686,Premier League (England),2024,2025-12-18 18:00:00,Pre-Team-13,Pre-Team-06,FINISHED,1.0,2.0,0.91,0.41,2.18,3.15,3.51,2.38,1.6,2.89,1.43,True
4687,Premier League (England),2024,2025-12-18 16:00:00,Pre-Team-09,Pre-Team-14,FINISHED,2.0,1.0,0.59,0.96,2.59,2.54,3.49,3.51,1.3,5.16,1.16,True
4688,Premier League (England),2024,2025-12-18 16:00:00,Pre-Team-10,Pre-Team-05,FINISHED,3.0,1.0,0.73,1.45,4.21,3.39,1.9,2.29,1.63,2.56,1.53,True
4689,La Liga (Spain),2024,2025-12-18 18:00:00,La -Team-07,La -Team-09,FINISHED,1.0,1.0,1.52,1.45,2.5,3.68,2.61,1.75,2.08,1.9,1.91,True
4690,La Liga (Spain),2024,2025-12-18 13:00:00,La -Team-03,La -Team-11,FINISHED,0.0,1.0,0.93,1.69,3.69,3.82,1.9,1.77,2.02,1.86,1.95,True
4691,La Liga (Spain),2024,2025-12-18 21:00:00,La -Team-01,La -Team-15,FINISHED,2.0,0.0,1.38,1.13,2.51,3.45,2.7,1.91,1.88,2.14,1.72,True
4692,La Liga (Spain),2024,2025-12-18 13:00:00,La -Team-14,La -Team-08,FINISHED,0.0,0.0,0.95,0.91,2.24,2.86,3.76,2.92,1.41,3.76,1.28,True
4693,La Liga (Spain),2024,2025-12-18 18:00:00,La -Team-06,La -Team-04,FINISHED,0.0,0.0,0.78,0.81,2.09,3.0,3.96,2.76,1.46,3.43,1.32,True
4694,La Liga (Spain),2024,2025-12-18 13:00:00,La -Team-02,La -Team-12,FINISHED,0.0,0.0,1.37,1.92,3.82,4.1,1.8,1.65,2.24,1.67,2.23,True
4695,La Liga (Spain),2024,2025-12-18 18:00:00,La -Team-13,La -Team-10,FINISHED,1.0,2.0,0.97,1.26,2.91,3.27,2.42,2.12,1.73,2.47,1.54,True
4696,La Liga (Spain),2024,2025-12-18 13:00:00,La -Team-16,La -Team-05,FINISHED,0.0,1.0,0.86,1.65,5.12,3.93,1.63,2.05,1.78,2.07,1.79,True
4697,Serie A (Italy),2024,2025-12-18 18:00:00,Ser-Team-13,Ser-Team-14,FINISHED,1.0,2.0,1.12,0.78,3.01,2.81,2.68,2.81,1.44,3.73,1.27,True
4698,Serie A (Italy),2024,2025-12-18 13:00:00,Ser-Team-01,Ser-Team-07,FINISHED,2.0,0.0,1.48,1.14,1.68,3.71,5.17,2.26,1.63,2.32,1.61,True
4699,Serie A (Italy),2024,2025-12-18 16:00:00,Ser-Team-15,Ser-Team-06,FINISHED,1.0,0.0,0.62,0.6,2.17,2.35,5.91,5.37,1.14,7.96,1.08,True
4700,Serie A (Italy),2024,2025-12-18 13:00:00,Ser-Team-16,Ser-Team-11,FINISHED,0.0,0.0,1.07,1.05,2.63,3.49,2.54,1.87,1.94,2.09,1.75,True
4701,Serie A (Italy),2024,2025-12-18 16:00:00,Ser-Team-03,Ser-Team-05,FINISHED,1.0,0.0,0.79,1.21,3.25,3.2,2.28,2.25,1.64,2.68,1.47,True
4702,Serie A (Italy),2024,2025-12-18 18:00:00,Ser-Team-12,Ser-Team-04,FINISHED,2.0,1.0,1.2,1.12,2.61,3.15,2.81,2.31,1.62,2.78,1.44,True
4703,Serie A (Italy),2024,2025-12-18 13:00:00,Ser-Team-09,Ser-Team-10,FINISHED,2.0,1.0,1.49,1.48,2.53,3.53,2.65,1.84,1.99,2.02,1.81,True
4704,Serie A (Italy),2024,2025-12-18 16:00:00,Ser-Team-08,Ser-Team-02,FINISHED,1.0,7.0,1.0,1.88,5.11,4.37,1.57,1.76,2.05,1.69,2.17,True
4705,Bundesliga (Germany),2024,2025-12-18 21:00:00,Bun-Team-07,Bun-Team-05,FINISHED,4.0,1.0,1.38,1.19,2.38,3.19,3.06,2.22,1.67,2.64,1.49,True
4706,Bundesliga (Germany),2024,2025-12-18 13:00:00,Bun-Team-15,Bun-Team-09,FINISHED,1.0,1.0,0.83,0.63,2.53,2.6,3.6,3.45,1.32,4.96,1.18,True
4707,Bundesliga (Germany),2024,2025-12-18 21:00:00,Bun-Team-12,Bun-Team-06,FINISHED,1.0,2.0,1.33,1.32,2.21,3.68,2.96,1.74,2.1,1.85,1.96,True
4708,Bundesliga (Germany),2024,2025-12-18 16:00:00,Bun-Team-03,Bun-Team-01,FINISHED,1.0,0.0,0.6,1.09,4.22,3.11,1.99,2.64,1.5,3.11,1.36,True
4709,Bundesliga (Germany),2024,2025-12-18 13:00:00,Bun-Team-02,Bun-Team-11,FINISHED,2.0,2.0,1.69,1.06,1.81,3.93,4.01,1.81,2.03,1.83,1.97,True
4710,Bundesliga (Germany),2024,2025-12-18 16:00:00,Bun-Team-16,Bun-Team-14,FINISHED,3.0,4.0,1.1,1.66,2.77,3.87,2.26,1.62,2.37,1.68,2.2,True
4711,Bundesliga (Germany),2024,2025-12-18 21:00:00,Bun-Team-13,Bun-Team-10,FINISHED,4.0,1.0,1.51,1.11,2.41,3.53,2.75,1.83,1.98,2.01,1.81,True
4712,Bundesliga (Germany),2024,2025-12-18 18:00:00,Bun-Team-04,Bun-Team-08,FINISHED,0.0,0.0,1.17,0.31,2.02,2.93,4.39,2.98,1.41,3.69,1.28,True
4713,Ligue 1 (France),2024,2025-12-18 18:00:00,Lig-Team-06,Lig-Team-09,FINISHED,0.0,0.0,1.22,1.72,3.16,3.77,2.09,1.73,2.11,1.84,1.96,True
4714,Ligue 1 (France),2024,2025-12-18 21:00:00,Lig-Team-13,Lig-Team-14,FINISHED,0.0,1.0,1.13,0.9,2.33,3.32,3.09,2.14,1.71,2.46,1.55,True
4715,Ligue 1 (France),2024,2025-12-18 18:00:00,Lig-Team-05,Lig-Team-15,FINISHED,1.0,2.0,1.21,1.69,4.66,3.75,1.74,2.06,1.76,2.14,1.73,True
4716,Ligue 1 (France),2024,2025-12-18 18:00:00,Lig-Team-03,Lig-Team-16,FINISHED,0.0,1.0,0.52,0.36,2.73,2.47,3.5,3.84,1.25,5.86,1.14,True
4717,Ligue 1 (France),2024,2025-12-18 18:00:00,Lig-Team-11,Lig-Team-04,FINISHED,3.0,1.0,0.82,0.36,2.34,2.81,3.61,2.99,1.4,3.94,1.28,True
4718,Ligue 1 (France),2024,2025-12-18 16:00:00,Lig-Team-08,Lig-Team-12,FINISHED,0.0,1.0,0.88,1.01,4.06,2.81,2.19,3.08,1.38,4.03,1.24,True
4719,Ligue 1 (France),2024,2025-12-18 18:00:00,Lig-Team-02,Lig-Team-07,FINISHED,0.0,3.0,0.65,1.19,4.85,2.81,2.0,3.45,1.3,4.43,1.22,True
4720,Ligue 1 (France),2024,2025-12-18 18:00:00,Lig-Team-10,Lig-Team-01,FINISHED,0.0,1.0,0.69,1.38,3.99,3.67,1.85,1.98,1.84,2.11,1.73,True
4721,Premier League (England),2024,2025-12-24 13:00:00,Pre-Team-07,Pre-Team-12,FINISHED,0.0,1.0,1.89,2.1,2.35,4.51,2.41,1.28,3.6,1.27,3.84,True
4722,Premier League (England),2024,2025-12-24 21:00:00,Pre-Team-05,Pre-Team-16,FINISHED,2.0,0.0,1.1,0.57,3.03,2.52,2.92,3.51,1.31,5.18,1.16,True
4723,Premier League (England),2024,2025-12-24 18:00:00,Pre-Team-09,Pre-Team-13,FINISHED,0.0,1.0,0.79,0.77,2.71,2.76,3.07,2.96,1.4,4.04,1.25,True
4724,Premier League (England),2024,2025-12-24 16:00:00,Pre-Team-04,Pre-Team-15,FINISHED,0.0,0.0,1.8,0.51,1.49,4.22,6.63,2.22,1.66,2.06,1.77,True
4725,Premier League (England),2024,2025-12-24 16:00:00,Pre-Team-06,Pre-Team-01,FINISHED,1.0,1.0,0.9,0.91,2.97,3.36,2.34,1.98,1.84,2.24,1.65,True
4726,Premier League (England),2024,2025-12-24 13:00:00,Pre-Team-14,Pre-Team-03,FINISHED,0.0,0.0,1.13,0.84,2.71,2.83,2.94,2.77,1.45,3.64,1.29,True
4727,Premier League (England),2024,2025-12-24 16:00:00,Pre-Team-02,Pre-Team-08,FINISHED,3.0,0.0,1.52,0.53,1.39,4.04,10.51,3.51,1.3,2.88,1.44,True
4728,Premier League (England),2024,2025-12-24 16:00:00,Pre-Team-11,Pre-Team-10,FINISHED,3.0,1.0,2.76,0.45,1.26,6.11,9.5,1.84,1.97,1.46,2.72,True
4729,La Liga (Spain),2024,2025-12-24 21:00:00,La -Team-07,La -Team-11,FINISHED,0.0,1.0,0.26,0.85,4.05,2.83,2.18,3.12,1.37,4.09,1.24,True
4730,La Liga (Spain),2024,2025-12-24 16:00:00,La -Team-01,La -Team-03,FINISHED,2.0,1.0,2.44,1.19,1.64,4.87,4.19,1.39,3.06,1.31,3.49,True
4731,La Liga (Spain),2024,2025-12-24 16:00:00,La -Team-16,La -Team-13,FINISHED,1.0,1.0,0.6,1.25,3.16,3.13,2.38,2.32,1.62,2.77,1.46,True
4732,La Liga (Spain),2024,2025-12-24 16:00:00,La -Team-12,La -Team-04,FINISHED,2.0,1.0,1.67,0.51,1.58,3.5,6.75,3.0,1.39,3.02,1.4,True
4733,La Liga (Spain),2024,2025-12-24 18:00:00,La -Team-14,La -Team-02,FINISHED,4.0,0.0,1.8,0.9,1.61,4.24,4.88,1.82,2.01,1.79,2.06,True
4734,La Liga (Spain),2024,2025-12-24 21:00:00,La -Team-08,La -Team-15,FINISHED,3.0,0.0,1.15,0.29,2.08,2.98,4.16,2.83,1.44,3.52,1.31,True
4735,La Liga (Spain),2024,2025-12-24 21:00:00,La -Team-06,La -Team-05,FINISHED,2.0,1.0,1.15,1.4,2.93,3.43,2.37,1.96,1.85,2.22,1.68,True
4736,La Liga (Spain),2024,2025-12-24 18:00:00,La -Team-09,La -Team-10,FINISHED,1.0,3.0,1.49,1.53,3.3,4.25,1.93,1.46,2.75,1.46,2.75,True
4737,Serie A (Italy),2024,2025-12-24 21:00:00,Ser-Team-01,Ser-Team-09,FINISHED,3.0,1.0,1.52,0.79,1.84,3.29,4.71,2.56,1.52,2.85,1.42,True
4738,Serie A (Italy),2024,2025-12-24 21:00:00,Ser-Team-02,Ser-Team-04,FINISHED,0.0,0.0,0.93,0.79,2.9,2.79,2.8,2.85,1.43,3.84,1.26,True
4739,Serie A (Italy),2024,2025-12-24 13:00:00,Ser-Team-07,Ser-Team-10,FINISHED,3.0,2.0,1.16,1.5,2.61,3.79,2.44,1.63,2.29,1.71,2.14,True
4740,Serie A (Italy),2024,2025-12-24 21:00:00,Ser-Team-13,Ser-Team-11,FINISHED,2.0,2.0,1.31,1.15,2.0,3.09,4.31,2.72,1.48,3.23,1.35,True
4741,Serie A (Italy),2024,2025-12-24 13:00:00,Ser-Team-12,Ser-Team-03,FINISHED,1.0,1.0,1.81,1.24,1.71,4.01,4.37,1.82,2.01,1.81,2.01,True
4742,Serie A (Italy),2024,2025-12-24 21:00:00,Ser-Team-06,Ser-Team-14,FINISHED,0.0,0.0,-0.04,1.26,6.86,2.36,2.04,5.86,1.15,8.18,1.07,True
4743,Serie A (Italy),2024,2025-12-24 18:00:00,Ser-Team-16,Ser-Team-05,FINISHED,1.0,3.0,0.85,1.72,5.1,3.72,1.69,2.24,1.65,2.29,1.62,True
4744,Serie A (Italy),2024,2025-12-24 16:00:00,Ser-Team-15,Ser-Team-08,FINISHED,2.0,2.0,2.11,1.08,1.65,4.35,4.48,1.65,2.26,1.6,2.37,True
4745,Bundesliga (Germany),2024,2025-12-24 18:00:00,Bun-Team-08,Bun-Team-10,FINISHED,2.0,0.0,0.56,0.63,4.4,2.68,2.2,3.55,1.3,4.73,1.19,True
4746,Bundesliga (Germany),2024,2025-12-24 16:00:00,Bun-Team-02,Bun-Team-06,FINISHED,0.0,1.0,1.21,1.52,3.37,3.75,2.04,1.77,2.08,1.87,1.95,True
4747,Bundesliga (Germany),2024,2025-12-24 16:00:00,Bun-Team-16,Bun-Team-03,FINISHED,1.0,1.0,1.04,0.8,2.31,2.88,3.55,2.84,1.44,3.69,1.3,True
4748,Bundesliga (Germany),2024,2025-12-24 21:00:00,Bun-Team-07,Bun-Team-09,FINISHED,0.0,1.0,1.21,1.23,3.48,2.93,2.32,2.71,1.46,3.45,1.32,True
4749,Bundesliga (Germany),2024,2025-12-24 18:00:00,Bun-Team-14,Bun-Team-11,FINISHED,1.0,2.0,2.6,1.27,1.73,4.73,3.71,1.35,3.23,1.3,3.56,True
4750,Bundesliga (Germany),2024,2025-12-24 13:00:00,Bun-Team-04,Bun-Team-12,FINISHED,0.0,3.0,0.81,1.38,4.36,3.79,1.76,1.98,1.84,2.05,1.78,True
4751,Bundesliga (Germany),2024,2025-12-24 13:00:00,Bun-Team-01,Bun-Team-05,FINISHED,0.0,0.0,1.15,1.04,2.25,3.17,3.38,2.32,1.61,2.77,1.45,True
4752,Bundesliga (Germany),2024,2025-12-24 16:00:00,Bun-Team-13,Bun-Team-15,FINISHED,0.0,0.0,1.11,1.38,3.99,3.59,1.88,2.04,1.78,2.2,1.68,True
4753,Ligue 1 (France),2024,2025-12-24 13:00:00,Lig-Team-09,Lig-Team-03,FINISHED,1.0,0.0,0.93,0.5,1.97,2.98,4.81,3.04,1.37,3.69,1.29,True
4754,Ligue 1 (France),2024,2025-12-24 13:00:00,Lig-Team-05,Lig-Team-02,FINISHED,3.0,1.0,0.85,0.5,2.32,2.72,3.86,3.22,1.37,4.32,1.23,True
4755,Ligue 1 (France),2024,2025-12-24 13:00:00,Lig-Team-04,Lig-Team-11,FINISHED,0.0,0.0,1.1,1.13,2.76,2.74,2.99,2.96,1.4,4.02,1.24,True
4756,Ligue 1 (France),2024,2025-12-24 18:00:00,Lig-Team-15,Lig-Team-07,FINISHED,0.0,1.0,1.41,0.95,2.1,3.37,3.56,2.13,1.73,2.4,1.58,True
4757,Ligue 1 (France),2024,2025-12-24 18:00:00,Lig-Team-01,Lig-Team-13,FINISHED,0.0,2.0,1.11,0.99,2.34,3.19,3.18,2.24,1.63,2.69,1.48,True
4758,Ligue 1 (France),2024,2025-12-24 18:00:00,Lig-Team-10,Lig-Team-14,FINISHED,1.0,2.0,0.71,1.72,3.94,3.77,1.85,1.88,1.92,1.96,1.85,True
4759,Ligue 1 (France),2024,2025-12-24 21:00:00,Lig-Team-08,Lig-Team-12,FINISHED,3.0,0.0,0.82,1.18,4.04,2.8,2.17,3.06,1.39,4.03,1.24,True
4760,Ligue 1 (France),2024,2025-12-24 18:00:00,Lig-Team-16,Lig-Team-06,FINISHED,1.0,0.0,1.31,1.06,2.35,3.31,3.03,2.09,1.73,2.44,1.56,True
4761,Premier League (England),2024,2025-12-25 21:00:00,Pre-Team-16,Pre-Team-01,FINISHED,1.0,0.0,1.16,0.39,2.26,2.93,3.6,2.72,1.48,3.49,1.32,True
4762,Premier League (England),2024,2025-12-25 16:00:00,Pre-Team-11,Pre-Team-13,FINISHED,0.0,0.0,1.52,0.65,1.76,3.73,4.33,2.0,1.82,2.07,1.75,True
4763,Premier League (England),2024,2025-12-25 18:00:00,Pre-Team-10,Pre-Team-15,FINISHED,3.0,4.0,0.82,1.57,3.34,3.38,2.14,2.04,1.77,2.36,1.62,True
4764,Premier League (England),2024,2025-12-25 18:00:00,Pre-Team-05,Pre-Team-09,FINISHED,1.0,1.0,0.71,0.49,2.22,2.8,3.95,3.16,1.36,4.22,1.23,True
4765,Premier League (England),2024,2025-12-25 18:00:00,Pre-Team-14,Pre-Team-07,FINISHED,3.0,1.0,1.49,0.77,1.79,3.83,4.25,1.91,1.92,1.96,1.85,True
4766,Premier League (England),2024,2025-12-25 13:00:00,Pre-Team-06,Pre-Team-02,FINISHED,0.0,1.0,0.51,1.47,4.35,3.28,1.91,2.44,1.57,2.76,1.46,True
4767,Premier League (England),2024,2025-12-25 16:00:00,Pre-Team-12,Pre-Team-03,FINISHED,2.0,1.0,1.3,1.38,2.81,3.71,2.31,1.7,2.14,1.83,1.99,True
4768,Premier League (England),2024,2025-12-25 13:00:00,Pre-Team-08,Pre-Team-04,FINISHED,4.0,3.0,0.76,1.81,7.38,3.89,1.48,2.74,1.45,2.54,1.53,True
4769,La Liga (Spain),2024,2025-12-25 18:00:00,La -Team-09,La -Team-07,FINISHED,1.0,1.0,1.64,1.19,1.97,3.81,3.51,1.77,2.06,1.88,1.95,True
4770,La Liga (Spain),2024,2025-12-25 13:00:00,La -Team-01,La -Team-05,FINISHED,3.0,2.0,0.93,1.35,3.46,3.87,1.96,1.73,2.1,1.85,1.98,True
4771,La Liga (Spain),2024,2025-12-25 16:00:00,La -Team-10,La -Team-16,FINISHED,1.0,0.0,2.19,1.04,1.51,4.23,6.05,2.05,1.78,1.94,1.89,True
4772,La Liga (Spain),2024,2025-12-25 13:00:00,La -Team-02,La -Team-12,FINISHED,3.0,2.0,1.15,2.09,3.8,4.08,1.8,1.65,2.25,1.67,2.22,True
4773,La Liga (Spain),2024,2025-12-25 21:00:00,La -Team-15,La -Team-03,FINISHED,3.0,0.0,2.22,0.84,1.57,4.52,4.82,1.64,2.28,1.56,2.44,True
4774,La Liga (Spain),2024,2025-12-25 21:00:00,La -Team-04,La -Team-08,FINISHED,0.0,2.0,0.89,0.81,3.7,2.58,2.48,3.58,1.3,5.1,1.17,True
4775,La Liga (Spain),2024,2025-12-25 21:00:00,La -Team-13,La -Team-06,FINISHED,1.0,1.0,1.15,1.09,2.75,3.14,2.65,2.29,1.63,2.73,1.45,True
4776,La Liga (Spain),2024,2025-12-25 21:00:00,La -Team-14,La -Team-11,FINISHED,0.0,0.0,1.16,0.45,2.01,3.0,4.35,2.9,1.42,3.53,1.3,True
4777,Serie A (Italy),2024,2025-12-25 13:00:00,Ser-Team-08,Ser-Team-11,FINISHED,0.0,1.0,1.22,1.71,2.77,3.9,2.25,1.58,2.35,1.66,2.26,True
4778,Serie A (Italy),2024,2025-12-25 13:00:00,Ser-Team-16,Ser-Team-04,FINISHED,1.0,0.0,0.91,1.93,5.6,3.96,1.58,2.13,1.71,2.09,1.75,True
4779,Serie A (Italy),2024,2025-12-25 13:00:00,Ser-Team-12,Ser-Team-03,FINISHED,3.0,1.0,1.93,0.94,1.72,4.02,4.38,1.81,2.03,1.82,2.0,True
4780,Serie A (Italy),2024,2025-12-25 13:00:00,Ser-Team-05,Ser-Team-10,FINISHED,1.0,0.0,1.29,0.76,2.08,3.46,3.49,2.04,1.78,2.3,1.65,True
4781,Serie A (Italy),2024,2025-12-25 16:00:00,Ser-Team-07,Ser-Team-13,FINISHED,1.0,1.0,1.19,1.12,2.43,3.1,3.03,2.37,1.59,2.9,1.42,True
4782,Serie A (Italy),2024,2025-12-25 13:00:00,Ser-Team-06,Ser-Team-15,FINISHED,0.0,1.0,0.42,0.66,4.48,2.19,2.62,5.26,1.15,8.95,1.07,True
4783,Serie A (Italy),2024,2025-12-25 21:00:00,Ser-Team-01,Ser-Team-09,FINISHED,0.0,1.0,1.33,0.88,1.83,3.32,4.71,2.55,1.52,2.86,1.43,True
4784,Serie A (Italy),2024,2025-12-25 16:00:00,Ser-Team-14,Ser-Team-02,FINISHED,0.0,0.0,1.14,0.7,2.42,2.88,3.34,2.77,1.43,3.64,1.29,True
4785,Bundesliga (Germany),2024,2025-12-25 13:00:00,Bun-Team-15,Bun-Team-04,FINISHED,1.0,0.0,1.49,0.71,1.45,4.1,7.71,2.6,1.5,2.35,1.61,True
4786,Bundesliga (Germany),2024,2025-12-25 21:00:00,Bun-Team-10,Bun-Team-09,FINISHED,0.0,0.0,0.66,0.9,3.63,2.75,2.39,3.09,1.39,4.15,1.24,True
4787,Bundesliga (Germany),2024,2025-12-25 18:00:00,Bun-Team-12,Bun-Team-02,FINISHED,2.0,1.0,1.37,0.71,1.68,3.83,4.89,2.07,1.75,2.11,1.75,True
4788,Bundesliga (Germany),2024,2025-12-25 13:00:00,Bun-Team-01,Bun-Team-06,FINISHED,1.0,3.0,1.24,1.02,2.81,3.57,2.34,1.82,2.03,1.94,1.85,True
4789,Bundesliga (Germany),2024,2025-12-25 21:00:00,Bun-Team-16,Bun-Team-14,FINISHED,1.0,1.0,1.48,1.61,2.77,3.86,2.24,1.61,2.35,1.68,2.22,True
4790,Bundesliga (Germany),2024,2025-12-25 13:00:00,Bun-Team-08,Bun-Team-05,FINISHED,0.0,0.0,0.61,0.89,4.5,2.68,2.15,3.56,1.31,4.83,1.18,True
4791,Bundesliga (Germany),2024,2025-12-25 13:00:00,Bun-Team-07,Bun-Team-11,FINISHED,2.0,2.0,1.75,1.09,1.69,4.11,4.53,1.79,2.03,1.77,2.04,True
4792,Bundesliga (Germany),2024,2025-12-25 16:00:00,Bun-Team-13,Bun-Team-03,FINISHED,2.0,0.0,1.58,0.7,1.69,3.8,4.83,2.1,1.75,2.16,1.71,True
4793,Ligue 1 (France),2024,2025-12-25 16:00:00,Lig-Team-13,Lig-Team-01,FINISHED,2.0,4.0,1.24,1.18,2.39,3.2,3.06,2.27,1.65,2.7,1.48,True
4794,Ligue 1 (France),2024,2025-12-25 16:00:00,Lig-Team-12,Lig-Team-14,FINISHED,0.0,1.0,1.78,1.13,1.88,3.71,3.93,1.93,1.86,2.03,1.78,True
4795,Ligue 1 (France),2024,2025-12-25 16:00:00,Lig-Team-02,Lig-Team-15,FINISHED,0.0,1.0,0.72,1.79,5.57,3.45,1.69,2.58,1.5,2.71,1.49,True
4796,Ligue 1 (France),2024,2025-12-25 18:00:00,Lig-Team-16,Lig-Team-08,FINISHED,0.0,0.0,0.92,0.2,2.39,2.43,4.39,4.29,1.22,6.37,1.12,True
4797,Ligue 1 (France),2024,2025-12-25 16:00:00,Lig-Team-09,Lig-Team-06,FINISHED,1.0,2.0,1.58,1.12,1.66,4.17,4.61,1.78,2.05,1.76,2.1,True
4798,Ligue 1 (France),2024,2025-12-25 13:00:00,Lig-Team-10,Lig-Team-04,FINISHED,0.0,2.0,0.91,1.15,4.91,2.99,1.92,3.1,1.38,3.75,1.29,True
4799,Ligue 1 (France),2024,2025-12-25 13:00:00,Lig-Team-05,Lig-Team-03,FINISHED,0.0,0.0,0.62,0.91,2.73,2.74,3.02,3.0,1.4,4.08,1.24,True
4800,Ligue 1 (France),2024,2025-12-25 13:00:00,Lig-Team-07,Lig-Team-11,FINISHED,1.0,0.0,1.14,0.79,2.16,3.1,3.57,2.39,1.58,2.86,1.42,True
4801,Premier League (England),2024,2025-12-31 18:00:00,Pre-Team-11,Pre-Team-16,FINISHED,0.0,1.0,1.05,1.0,2.34,3.1,3.27,2.4,1.57,2.9,1.42,True
4802,Premier League (England),2024,2025-12-31 13:00:00,Pre-Team-01,Pre-Team-07,FINISHED,8.0,1.0,2.59,1.18,1.36,5.68,6.71,1.54,2.48,1.34,3.3,True
4803,Premier League (England),2024,2025-12-31 16:00:00,Pre-Team-08,Pre-Team-13,FINISHED,0.0,4.0,0.87,0.96,3.98,2.8,2.23,3.11,1.39,4.02,1.24,True
4804,Premier League (England),2024,2025-12-31 21:00:00,Pre-Team-03,Pre-Team-15,FINISHED,0.0,2.0,1.18,1.15,2.16,3.23,3.46,2.26,1.65,2.64,1.47,True
4805,Premier League (England),2024,2025-12-31 13:00:00,Pre-Team-10,Pre-Team-04,FINISHED,0.0,4.0,0.71,2.19,7.66,5.03,1.37,1.99,1.82,1.7,2.18,True
4806,Premier League (England),2024,2025-12-31 21:00:00,Pre-Team-12,Pre-Team-14,FINISHED,3.0,2.0,1.11,1.04,2.62,3.27,2.65,2.09,1.73,2.49,1.55,True
4807,Premier League (England),2024,2025-12-31 13:00:00,Pre-Team-02,Pre-Team-06,FINISHED,1.0,1.0,1.54,0.89,1.56,3.74,6.32,2.55,1.52,2.5,1.55,True
4808,Premier League (England),2024,2025-12-31 21:00:00,Pre-Team-09,Pre-Team-05,FINISHED,0.0,0.0,0.6,0.71,2.98,2.67,2.84,3.1,1.37,4.38,1.22,True
4809,La Liga (Spain),2024,2025-12-31 16:00:00,La -Team-09,La -Team-12,FINISHED,3.0,3.0,1.16,2.36,5.68,4.94,1.46,1.64,2.3,1.48,2.65,True
4810,La Liga (Spain),2024,2025-12-31 16:00:00,La -Team-03,La -Team-02,FINISHED,4.0,5.0,1.87,2.13,3.13,4.83,1.88,1.25,3.98,1.21,4.47,True
4811,La Liga (Spain),2024,2025-12-31 13:00:00,La -Team-06,La -Team-14,FINISHED,1.0,2.0,1.0,1.09,3.25,3.18,2.29,2.26,1.64,2.69,1.48,True
4812,La Liga (Spain),2024,2025-12-31 21:00:00,La -Team-05,La -Team-11,FINISHED,0.0,0.0,1.15,1.0,2.03,3.18,3.93,2.44,1.56,2.87,1.42,True
4813,La Liga (Spain),2024,2025-12-31 18:00:00,La -Team-10,La -Team-04,FINISHED,1.0,1.0,0.63,0.77,1.98,3.15,4.28,2.59,1.51,3.0,1.4,True
4814,La Liga (Spain),2024,2025-12-31 18:00:00,La -Team-15,La -Team-13,FINISHED,1.0,1.0,1.35,0.76,2.17,3.08,3.58,2.47,1.54,3.03,1.39,True
4815,La Liga (Spain),2024,2025-12-31 21:00:00,La -Team-08,La -Team-01,FINISHED,2.0,1.0,1.33,0.69,1.79,3.52,4.58,2.3,1.64,2.52,1.56,True
4816,La Liga (Spain),2024,2025-12-31 16:00:00,La -Team-16,La -Team-07,FINISHED,1.0,0.0,1.3,0.62,2.46,3.03,3.12,2.46,1.56,3.03,1.4,True
4817,Serie A (Italy),2024,2025-12-31 13:00:00,Ser-Team-10,Ser-Team-03,FINISHED,3.0,0.0,2.2,1.22,1.76,4.27,3.88,1.56,2.47,1.53,2.53,True
4818,Serie A (Italy),2024,2025-12-31 18:00:00,Ser-Team-11,Ser-Team-16,FINISHED,3.0,0.0,1.77,0.89,1.96,3.65,3.65,1.9,1.9,2.04,1.79,True
4819,Serie A (Italy),2024,2025-12-31 18:00:00,Ser-Team-12,Ser-Team-01,FINISHED,2.0,0.0,1.05,1.03,2.7,3.25,2.63,2.14,1.73,2.5,1.54,True
4820,Serie A (Italy),2024,2025-12-31 18:00:00,Ser-Team-04,Ser-Team-15,FINISHED,2.0,0.0,1.22,0.72,1.63,3.49,6.1,2.8,1.44,2.87,1.42,True
4821,Serie A (Italy),2024,2025-12-31 13:00:00,Ser-Team-14,Ser-Team-05,FINISHED,0.0,2.0,1.19,1.17,2.69,2.76,3.11,2.95,1.4,3.98,1.25,True
4822,Serie A (Italy),2024,2025-12-31 21:00:00,Ser-Team-08,Ser-Team-06,FINISHED,1.0,1.0,1.17,0.71,2.2,2.79,3.92,3.0,1.39,3.88,1.26,True
4823,Serie A (Italy),2024,2025-12-31 18:00:00,Ser-Team-09,Ser-Team-13,FINISHED,1.0,2.0,1.02,0.83,2.39,2.88,3.35,2.74,1.46,3.54,1.3,True
4824,Serie A (Italy),2024,2025-12-31 16:00:00,Ser-Team-02,Ser-Team-07,FINISHED,4.0,2.0,1.43,0.95,2.01,3.28,3.95,2.37,1.6,2.72,1.47,True
4825,Bundesliga (Germany),2024,2025-12-31 16:00:00,Bun-Team-04,Bun-Team-12,FINISHED,1.0,4.0,0.97,1.73,4.38,3.81,1.77,1.96,1.84,2.04,1.76,True
4826,Bundesliga (Germany),2024,2025-12-31 16:00:00,Bun-Team-16,Bun-Team-09,FINISHED,0.0,1.0,0.48,1.29,5.37,3.0,1.84,3.2,1.36,3.77,1.28,True
4827,Bundesliga (Germany),2024,2025-12-31 16:00:00,Bun-Team-14,Bun-Team-02,FINISHED,0.0,2.0,1.69,1.5,2.23,4.13,2.72,1.48,2.68,1.51,2.58,True
4828,Bundesliga (Germany),2024,2025-12-31 21:00:00,Bun-Team-10,Bun-Team-06,FINISHED,3.0,2.0,1.11,1.63,3.15,3.51,2.18,1.92,1.89,2.11,1.73,True
4829,Bundesliga (Germany),2024,2025-12-31 13:00:00,Bun-Team-05,Bun-Team-01,FINISHED,0.0,1.0,1.02,1.06,2.49,3.12,2.93,2.31,1.63,2.82,1.45,True
4830,Bundesliga (Germany),2024,2025-12-31 13:00:00,Bun-Team-08,Bun-Team-07,FINISHED,1.0,1.0,0.94,1.26,4.36,2.87,2.06,3.06,1.37,3.9,1.25,True
4831,Bundesliga (Germany),2024,2025-12-31 16:00:00,Bun-Team-13,Bun-Team-15,FINISHED,3.0,2.0,1.09,1.37,3.98,3.55,1.87,2.03,1.79,2.2,1.68,True
4832,Bundesliga (Germany),2024,2025-12-31 18:00:00,Bun-Team-11,Bun-Team-03,FINISHED,1.0,1.0,1.35,1.1,2.04,3.37,3.64,2.15,1.7,2.46,1.55,True
4833,Ligue 1 (France),2024,2025-12-31 13:00:00,Lig-Team-05,Lig-Team-04,FINISHED,0.0,1.0,0.75,0.82,3.4,2.59,2.61,3.34,1.33,4.78,1.19,True
4834,Ligue 1 (France),2024,2025-12-31 21:00:00,Lig-Team-01,Lig-Team-08,FINISHED,0.0,0.0,1.19,0.8,1.98,3.05,4.41,2.8,1.45,3.37,1.33,True
4835,Ligue 1 (France),2024,2025-12-31 16:00:00,Lig-Team-02,Lig-Team-16,FINISHED,0.0,2.0,0.69,0.6,3.32,2.39,2.94,4.06,1.25,6.5,1.11,True
4836,Ligue 1 (France),2024,2025-12-31 18:00:00,Lig-Team-06,Lig-Team-15,FINISHED,0.0,4.0,1.18,2.28,4.14,4.51,1.67,1.49,2.62,1.44,2.82,True
4837,Ligue 1 (France),2024,2025-12-31 21:00:00,Lig-Team-09,Lig-Team-11,FINISHED,1.0,1.0,0.94,1.11,2.27,3.19,3.23,2.24,1.67,2.65,1.48,True
4838,Ligue 1 (France),2024,2025-12-31 18:00:00,Lig-Team-13,Lig-Team-14,FINISHED,3.0,1.0,1.34,1.06,2.31,3.3,3.06,2.11,1.74,2.46,1.57,True
4839,Ligue 1 (France),2024,2025-12-31 18:00:00,Lig-Team-03,Lig-Team-07,FINISHED,0.0,0.0,0.45,0.89,3.83,2.72,2.3,3.2,1.34,4.36,1.22,True
4840,Ligue 1 (France),2024,2025-12-31 18:00:00,Lig-Team-10,Lig-Team-12,FINISHED,0.0,2.0,0.61,1.44,5.29,3.76,1.66,2.25,1.66,2.27,1.63,True
4841,Premier League (England),2024,2026-01-01 13:00:00,Pre-Team-15,Pre-Team-09,FINISHED,0.0,0.0,0.71,1.07,2.53,2.84,3.17,2.81,1.44,3.71,1.29,True
4842,Premier League (England),2024,2026-01-01 18:00:00,Pre-Team-11,Pre-Team-02,FINISHED,1.0,2.0,1.08,1.22,2.66,3.44,2.52,1.92,1.87,2.19,1.68,True
4843,Premier League (England),2024,2026-01-01 16:00:00,Pre-Team-04,Pre-Team-05,FINISHED,1.0,0.0,1.25,0.9,1.73,3.57,5.0,2.37,1.6,2.49,1.54,True
4844,Premier League (England),2024,2026-01-01 13:00:00,Pre-Team-10,Pre-Team-07,FINISHED,0.0,3.0,1.85,1.68,2.27,4.17,2.63,1.42,2.88,1.44,2.83,True
4845,Premier League (England),2024,2026-01-01 21:00:00,Pre-Team-03,Pre-Team-12,FINISHED,0.0,0.0,2.01,0.89,1.76,4.02,4.08,1.73,2.1,1.77,2.07,True
4846,Premier League (England),2024,2026-01-01 13:00:00,Pre-Team-08,Pre-Team-14,FINISHED,2.0,1.0,0.96,0.78,3.7,2.54,2.53,3.63,1.28,5.36,1.17,True
4847,Premier League (England),2024,2026-01-01 13:00:00,Pre-Team-06,Pre-Team-16,FINISHED,0.0,2.0,0.56,1.07,3.56,2.78,2.4,2.98,1.4,3.99,1.25,True
4848,Premier League (England),2024,2026-01-01 21:00:00,Pre-Team-13,Pre-Team-01,FINISHED,0.0,2.0,0.96,1.34,2.69,3.22,2.6,2.19,1.7,2.58,1.51,True
4849,La Liga (Spain),2024,2026-01-01 13:00:00,La -Team-13,La -Team-12,FINISHED,1.0,0.0,1.16,1.33,4.47,3.37,1.86,2.37,1.59,2.66,1.49,True
4850,La Liga (Spain),2024,2026-01-01 21:00:00,La -Team-06,La -Team-02,FINISHED,3.0,1.0,1.7,1.05,2.04,3.95,3.13,1.61,2.35,1.66,2.23,True
4851,La Liga (Spain),2024,2026-01-01 21:00:00,La -Team-11,La -Team-16,FINISHED,2.0,0.0,1.56,0.64,1.66,3.45,5.75,2.69,1.46,2.84,1.43,True
4852,La Liga (Spain),2024,2026-01-01 16:00:00,La -Team-04,La -Team-05,FINISHED,2.0,1.0,0.9,0.88,3.8,3.0,2.14,2.63,1.49,3.23,1.35,True
4853,La Liga (Spain),2024,2026-01-01 16:00:00,La -Team-01,La -Team-10,FINISHED,2.0,1.0,1.26,1.54,2.79,3.73,2.31,1.68,2.2,1.81,2.04,True
4854,La Liga (Spain),2024,2026-01-01 16:00:00,La -Team-03,La -Team-08,FINISHED,0.0,4.0,1.27,1.79,4.33,4.03,1.74,1.83,2.0,1.84,1.96,True
4855,La Liga (Spain),2024,2026-01-01 16:00:00,La -Team-09,La -Team-14,FINISHED,1.0,1.0,1.02,2.08,4.69,4.32,1.62,1.71,2.14,1.67,2.23,True
4856,La Liga (Spain),2024,2026-01-01 16:00:00,La -Team-07,La -Team-15,FINISHED,0.0,0.0,0.98,0.85,3.53,2.96,2.26,2.65,1.5,3.29,1.33,True
4857,Serie A (Italy),2024,2026-01-01 18:00:00,Ser-Team-01,Ser-Team-16,FINISHED,2.0,1.0,2.3,0.82,1.28,5.59,10.05,2.17,1.7,1.68,2.16,True
4858,Serie A (Italy),2024,2026-01-01 16:00:00,Ser-Team-10,Ser-Team-06,FINISHED,1.0,0.0,1.01,0.37,1.53,3.37,8.74,3.92,1.27,3.67,1.28,True
4859,Serie A (Italy),2024,2026-01-01 18:00:00,Ser-Team-15,Ser-Team-03,FINISHED,2.0,0.0,1.02,0.95,2.64,3.4,2.6,1.97,1.82,2.29,1.64,True
4860,Serie A (Italy),2024,2026-01-01 21:00:00,Ser-Team-09,Ser-Team-04,FINISHED,0.0,1.0,0.9,1.11,3.28,2.91,2.44,2.68,1.48,3.44,1.31,True
4861,Serie A (Italy),2024,2026-01-01 18:00:00,Ser-Team-13,Ser-Team-05,FINISHED,0.0,1.0,0.94,0.7,3.26,2.71,2.6,3.07,1.37,4.29,1.24,True
4862,Serie A (Italy),2024,2026-01-01 16:00:00,Ser-Team-07,Ser-Team-14,FINISHED,2.0,2.0,0.83,1.15,2.95,3.15,2.48,2.27,1.64,2.72,1.47,True
4863,Serie A (Italy),2024,2026-01-01 13:00:00,Ser-Team-12,Ser-Team-02,FINISHED,0.0,2.0,1.01,1.23,2.23,3.17,3.35,2.32,1.63,2.73,1.45,True
4864,Serie A (Italy),2024,2026-01-01 21:00:00,Ser-Team-11,Ser-Team-08,FINISHED,0.0,1.0,1.94,1.62,1.74,4.25,4.06,1.62,2.3,1.6,2.32,True
4865,Bundesliga (Germany),2024,2026-01-01 16:00:00,Bun-Team-05,Bun-Team-06,FINISHED,3.0,3.0,1.22,1.19,3.03,3.47,2.23,1.92,1.87,2.16,1.7,True
4866,Bundesliga (Germany),2024,2026-01-01 21:00:00,Bun-Team-16,Bun-Team-07,FINISHED,1.0,3.0,0.71,1.09,3.44,3.25,2.14,2.22,1.67,2.62,1.5,True
4867,Bundesliga (Germany),2024,2026-01-01 21:00:00,Bun-Team-10,Bun-Team-08,FINISHED,0.0,0.0,0.92,0.18,1.78,2.96,6.08,3.66,1.3,4.23,1.23,True
4868,Bundesliga (Germany),2024,2026-01-01 16:00:00,Bun-Team-09,Bun-Team-11,FINISHED,3.0,0.0,1.91,0.46,1.48,4.14,7.39,2.54,1.53,2.33,1.61,True
4869,Bundesliga (Germany),2024,2026-01-01 21:00:00,Bun-Team-14,Bun-Team-12,FINISHED,2.0,2.0,1.54,1.94,3.57,4.35,1.82,1.48,2.65,1.47,2.74,True
4870,Bundesliga (Germany),2024,2026-01-01 18:00:00,Bun-Team-15,Bun-Team-01,FINISHED,1.0,1.0,0.8,0.57,1.86,3.26,4.7,2.63,1.5,2.99,1.4,True
4871,Bundesliga (Germany),2024,2026-01-01 21:00:00,Bun-Team-03,Bun-Team-04,FINISHED,2.0,3.0,0.94,0.94,2.83,3.05,2.62,2.4,1.57,2.95,1.4,True
4872,Bundesliga (Germany),2024,2026-01-01 13:00:00,Bun-Team-13,Bun-Team-02,FINISHED,1.0,2.0,1.23,1.33,2.21,3.77,2.92,1.67,2.21,1.76,2.06,True
4873,Ligue 1 (France),2024,2026-01-01 18:00:00,Lig-Team-02,Lig-Team-01,FINISHED,1.0,0.0,0.92,0.65,3.21,2.91,2.46,2.65,1.49,3.39,1.33,True
4874,Ligue 1 (France),2024,2026-01-01 18:00:00,Lig-Team-10,Lig-Team-08,FINISHED,0.0,3.0,0.35,0.64,3.14,2.76,2.67,2.96,1.41,3.95,1.24,True
4875,Ligue 1 (France),2024,2026-01-01 13:00:00,Lig-Team-14,Lig-Team-04,FINISHED,4.0,2.0,0.98,0.88,2.81,2.94,2.78,2.61,1.51,3.3,1.33,True
4876,Ligue 1 (France),2024,2026-01-01 18:00:00,Lig-Team-07,Lig-Team-15,FINISHED,0.0,0.0,1.22,0.85,2.59,3.26,2.71,2.11,1.74,2.47,1.55,True
4877,Ligue 1 (France),2024,2026-01-01 21:00:00,Lig-Team-05,Lig-Team-03,FINISHED,1.0,3.0,0.92,0.81,2.72,2.75,3.05,3.0,1.39,4.09,1.23,True
4878,Ligue 1 (France),2024,2026-01-01 13:00:00,Lig-Team-12,Lig-Team-06,FINISHED,4.0,2.0,2.19,1.17,1.72,4.13,4.18,1.7,2.18,1.69,2.19,True
4879,Ligue 1 (France),2024,2026-01-01 16:00:00,Lig-Team-16,Lig-Team-13,FINISHED,1.0,0.0,0.78,0.84,2.76,2.6,3.21,3.37,1.33,4.88,1.18,True
4880,Ligue 1 (France),2024,2026-01-01 13:00:00,Lig-Team-11,Lig-Team-09,FINISHED,2.0,0.0,1.49,1.41,2.41,3.17,3.0,2.24,1.65,2.66,1.49,True
4881,Premier League (England),2024,2026-01-07 21:00:00,Pre-Team-12,Pre-Team-10,FINISHED,3.0,1.0,1.86,0.96,1.77,4.18,3.91,1.6,2.33,1.6,2.35,True
4882,Premier League (England),2024,2026-01-07 16:00:00,Pre-Team-07,Pre-Team-01,FINISHED,1.0,3.0,1.38,1.74,4.16,4.6,1.66,1.46,2.7,1.41,2.93,True
4883,Premier League (England),2024,2026-01-07 16:00:00,Pre-Team-15,Pre-Team-04,FINISHED,0.0,1.0,0.8,1.59,4.46,3.64,1.79,2.13,1.73,2.27,1.64,True
4884,Premier League (England),2024,2026-01-07 16:00:00,Pre-Team-11,Pre-Team-06,FINISHED,4.0,0.0,1.84,0.99,1.61,4.21,5.04,1.84,1.96,1.79,2.02,True
4885,Premier League (England),2024,2026-01-07 13:00:00,Pre-Team-03,Pre-Team-05,FINISHED,0.0,0.0,0.96,0.78,2.64,3.0,2.86,2.48,1.54,3.09,1.36,True
4886,Premier League (England),2024,2026-01-07 16:00:00,Pre-Team-09,Pre-Team-13,FINISHED,0.0,0.0,0.66,0.87,2.72,2.76,3.06,2.98,1.4,4.04,1.25,True
4887,Premier League (England),2024,2026-01-07 18:00:00,Pre-Team-02,Pre-Team-14,FINISHED,1.0,0.0,1.22,0.29,1.7,3.18,6.29,3.29,1.34,3.57,1.3,True
4888,Premier League (England),2024,2026-01-07 16:00:00,Pre-Team-16,Pre-Team-08,FINISHED,0.0,0.0,1.11,0.82,1.66,3.02,7.75,4.23,1.22,4.52,1.2,True
4889,La Liga (Spain),2024,2026-01-07 21:00:00,La -Team-11,La -Team-08,FINISHED,0.0,0.0,0.99,0.79,2.9,2.62,2.98,3.26,1.34,4.71,1.2,True
4890,La Liga (Spain),2024,2026-01-07 16:00:00,La -Team-10,La -Team-05,FINISHED,1.0,1.0,1.15,1.56,2.7,3.53,2.45,1.83,1.99,2.03,1.8,True
4891,La Liga (Spain),2024,2026-01-07 18:00:00,La -Team-07,La -Team-01,FINISHED,2.0,0.0,1.11,0.99,3.05,3.27,2.33,2.11,1.76,2.45,1.56,True
4892,La Liga (Spain),2024,2026-01-07 13:00:00,La -Team-16,La -Team-15,FINISHED,1.0,1.0,0.72,1.04,3.5,3.27,2.15,2.24,1.67,2.58,1.51,True
4893,La Liga (Spain),2024,2026-01-07 21:00:00,La -Team-03,La -Team-12,FINISHED,0.0,3.0,1.21,2.36,6.79,5.52,1.37,1.64,2.31,1.41,2.94,True
4894,La Liga (Spain),2024,2026-01-07 18:00:00,La -Team-04,La -Team-14,FINISHED,0.0,0.0,0.76,0.94,4.22,2.85,2.13,3.12,1.37,4.05,1.24,True
4895,La Liga (Spain),2024,2026-01-07 21:00:00,La -Team-06,La -Team-09,FINISHED,1.0,1.0,2.07,1.04,1.62,4.52,4.52,1.57,2.4,1.5,2.59,True
4896,La Liga (Spain),2024,2026-01-07 21:00:00,La -Team-13,La -Team-02,FINISHED,2.0,3.0,1.12,1.46,2.47,3.63,2.65,1.75,2.09,1.9,1.9,True
4897,Serie A (Italy),2024,2026-01-07 13:00:00,Ser-Team-04,Ser-Team-10,FINISHED,3.0,1.0,1.58,0.75,1.93,3.64,3.78,1.96,1.84,2.13,1.75,True
4898,Serie A (Italy),2024,2026-01-07 21:00:00,Ser-Team-07,Ser-Team-09,FINISHED,2.0,1.0,0.93,1.16,2.5,3.2,2.88,2.2,1.68,2.63,1.51,True
4899,Serie A (Italy),2024,2026-01-07 16:00:00,Ser-Team-13,Ser-Team-15,FINISHED,0.0,0.0,1.04,0.66,2.09,3.0,4.03,2.7,1.48,3.37,1.34,True
4900,Serie A (Italy),2024,2026-01-07 16:00:00,Ser-Team-14,Ser-Team-11,FINISHED,0.0,1.0,1.3,0.48,1.7,3.43,5.59,2.66,1.48,2.84,1.43,True
4901,Serie A (Italy),2024,2026-01-07 21:00:00,Ser-Team-02,Ser-Team-01,FINISHED,1.0,2.0,0.97,1.23,2.98,2.9,2.64,2.63,1.48,3.37,1.32,True
4902,Serie A (Italy),2024,2026-01-07 16:00:00,Ser-Team-05,Ser-Team-12,FINISHED,0.0,1.0,1.35,0.93,2.36,3.05,3.25,2.44,1.57,2.99,1.4,True
4903,Serie A (Italy),2024,2026-01-07 16:00:00,Ser-Team-03,Ser-Team-06,FINISHED,2.0,0.0,1.01,0.52,1.79,2.8,6.77,4.24,1.23,5.0,1.16,True
4904,Serie A (Italy),2024,2026-01-07 21:00:00,Ser-Team-08,Ser-Team-16,FINISHED,3.0,4.0,2.02,1.93,2.24,4.38,2.57,1.32,3.31,1.32,3.4,True
4905,Bundesliga (Germany),2024,2026-01-07 16:00:00,Bun-Team-05,Bun-Team-09,FINISHED,1.0,3.0,0.46,0.97,3.53,2.71,2.46,3.12,1.38,4.23,1.23,True
4906,Bundesliga (Germany),2024,2026-01-07 21:00:00,Bun-Team-01,Bun-Team-12,FINISHED,4.0,2.0,1.15,1.15,2.89,3.31,2.42,2.04,1.77,2.36,1.59,True
4907,Bundesliga (Germany),2024,2026-01-07 16:00:00,Bun-Team-13,Bun-Team-03,FINISHED,1.0,3.0,1.69,0.67,1.7,3.76,4.82,2.11,1.73,2.16,1.71,True
4908,Bundesliga (Germany),2024,2026-01-07 18:00:00,Bun-Team-08,Bun-Team-02,FINISHED,0.0,2.0,0.43,0.86,4.02,2.82,2.19,3.08,1.35,4.05,1.23,True
4909,Bundesliga (Germany),2024,2026-01-07 18:00:00,Bun-Team-16,Bun-Team-15,FINISHED,0.0,3.0,0.63,1.36,5.8,3.32,1.7,2.93,1.41,3.15,1.36,True
4910,Bundesliga (Germany),2024,2026-01-07 13:00:00,Bun-Team-04,Bun-Team-10,FINISHED,0.0,1.0,0.89,1.39,2.99,3.27,2.38,2.15,1.71,2.49,1.54,True
4911,Bundesliga (Germany),2024,2026-01-07 13:00:00,Bun-Team-14,Bun-Team-07,FINISHED,1.0,2.0,1.77,1.35,2.45,4.12,2.46,1.46,2.73,1.48,2.65,True
4912,Bundesliga (Germany),2024,2026-01-07 18:00:00,Bun-Team-11,Bun-Team-06,FINISHED,0.0,2.0,1.08,1.88,4.66,4.51,1.6,1.6,2.37,1.52,2.53,True
4913,Ligue 1 (France),2024,2026-01-07 18:00:00,Lig-Team-15,Lig-Team-03,FINISHED,2.0,0.0,1.37,0.46,1.58,3.73,6.15,2.51,1.54,2.48,1.54,True
4914,Ligue 1 (France),2024,2026-01-07 18:00:00,Lig-Team-01,Lig-Team-14,FINISHED,2.0,1.0,1.6,1.31,2.17,3.72,2.98,1.75,2.1,1.85,1.96,True
4915,Ligue 1 (France),2024,2026-01-07 13:00:00,Lig-Team-07,Lig-Team-06,FINISHED,0.0,1.0,1.76,0.95,1.59,4.18,5.14,1.89,1.92,1.86,1.98,True
4916,Ligue 1 (France),2024,2026-01-07 21:00:00,Lig-Team-09,Lig-Team-02,FINISHED,2.0,0.0,1.11,0.28,1.72,3.13,6.22,3.32,1.35,3.64,1.29,True
4917,Ligue 1 (France),2024,2026-01-07 18:00:00,Lig-Team-05,Lig-Team-12,FINISHED,0.0,2.0,0.99,1.33,3.36,3.14,2.25,2.37,1.6,2.86,1.43,True
4918,Ligue 1 (France),2024,2026-01-07 13:00:00,Lig-Team-16,Lig-Team-08,FINISHED,0.0,0.0,0.69,0.83,2.38,2.4,4.36,4.26,1.21,6.49,1.11,True
4919,Ligue 1 (France),2024,2026-01-07 21:00:00,Lig-Team-10,Lig-Team-11,FINISHED,1.0,0.0,0.37,1.85,5.61,3.97,1.59,2.16,1.7,2.14,1.71,True
4920,Ligue 1 (France),2024,2026-01-07 21:00:00,Lig-Team-13,Lig-Team-04,FINISHED,0.0,0.0,0.49,0.89,3.05,2.5,2.99,3.57,1.3,5.4,1.16,True
4921,Premier League (England),2024,2026-01-08 21:00:00,Pre-Team-10,Pre-Team-13,FINISHED,2.0,0.0,0.58,1.69,3.73,3.35,2.02,2.18,1.69,2.47,1.54,True
4922,Premier League (England),2024,2026-01-08 21:00:00,Pre-Team-07,Pre-Team-03,FINISHED,2.0,1.0,1.44,1.72,3.27,4.11,1.96,1.53,2.5,1.55,2.47,True
4923,Premier League (England),2024,2026-01-08 13:00:00,Pre-Team-11,Pre-Team-16,FINISHED,3.0,1.0,1.17,1.01,2.33,3.08,3.24,2.38,1.59,2.9,1.42,True
4924,Premier League (England),2024,2026-01-08 13:00:00,Pre-Team-01,Pre-Team-02,FINISHED,0.0,1.0,0.89,1.45,3.17,3.24,2.27,2.19,1.69,2.56,1.51,True
4925,Premier League (England),2024,2026-01-08 18:00:00,Pre-Team-09,Pre-Team-04,FINISHED,1.0,0.0,0.7,1.42,4.36,3.27,1.92,2.52,1.55,2.85,1.43,True
4926,Premier League (England),2024,2026-01-08 18:00:00,Pre-Team-05,Pre-Team-08,FINISHED,1.0,0.0,0.8,1.03,1.73,3.09,6.28,3.43,1.33,3.79,1.27,True
4927,Premier League (England),2024,2026-01-08 18:00:00,Pre-Team-14,Pre-Team-12,FINISHED,0.0,1.0,1.83,1.17,2.07,3.38,3.61,2.14,1.7,2.42,1.58,True
4928,Premier League (England),2024,2026-01-08 18:00:00,Pre-Team-15,Pre-Team-06,FINISHED,1.0,2.0,1.2,1.01,2.35,3.17,3.13,2.26,1.66,2.71,1.47,True
4929,La Liga (Spain),2024,2026-01-08 18:00:00,La -Team-10,La -Team-12,FINISHED,0.0,2.0,1.19,1.44,3.32,3.51,2.11,1.94,1.87,2.17,1.71,True
4930,La Liga (Spain),2024,2026-01-08 13:00:00,La -Team-03,La -Team-07,FINISHED,0.0,3.0,1.65,1.13,2.13,3.75,3.05,1.7,2.16,1.82,2.02,True
4931,La Liga (Spain),2024,2026-01-08 21:00:00,La -Team-04,La -Team-13,FINISHED,0.0,0.0,0.78,0.78,2.62,2.7,3.21,3.09,1.37,4.29,1.22,True
4932,La Liga (Spain),2024,2026-01-08 21:00:00,La -Team-09,La -Team-08,FINISHED,1.0,5.0,0.98,1.57,3.8,3.71,1.88,1.85,1.94,1.97,1.84,True
4933,La Liga (Spain),2024,2026-01-08 21:00:00,La -Team-15,La -Team-01,FINISHED,1.0,3.0,0.96,0.99,2.03,3.55,3.41,1.92,1.88,2.1,1.74,True
4934,La Liga (Spain),2024,2026-01-08 13:00:00,La -Team-02,La -Team-06,FINISHED,0.0,0.0,1.62,1.54,2.29,3.88,2.78,1.61,2.36,1.68,2.21,True
4935,La Liga (Spain),2024,2026-01-08 13:00:00,La -Team-05,La -Team-16,FINISHED,1.0,1.0,2.39,0.7,1.38,4.83,8.09,2.2,1.68,1.88,1.96,True
4936,La Liga (Spain),2024,2026-01-08 13:00:00,La -Team-11,La -Team-14,FINISHED,3.0,1.0,1.0,1.08,3.2,2.85,2.55,2.87,1.43,3.76,1.29,True
4937,Serie A (Italy),2024,2026-01-08 21:00:00,Ser-Team-05,Ser-Team-15,FINISHED,1.0,1.0,1.8,0.52,1.75,3.21,5.55,2.93,1.41,3.27,1.35,True
4938,Serie A (Italy),2024,2026-01-08 13:00:00,Ser-Team-14,Ser-Team-03,FINISHED,0.0,2.0,0.99,0.64,1.87,3.54,4.19,2.11,1.74,2.29,1.63,True
4939,Serie A (Italy),2024,2026-01-08 21:00:00,Ser-Team-01,Ser-Team-08,FINISHED,2.0,1.0,2.67,0.5,1.16,7.53,13.24,1.89,1.91,1.35,3.19,True
4940,Serie A (Italy),2024,2026-01-08 21:00:00,Ser-Team-12,Ser-Team-09,FINISHED,0.0,3.0,1.01,0.71,1.96,3.4,3.91,2.21,1.68,2.49,1.54,True
4941,Serie A (Italy),2024,2026-01-08 13:00:00,Ser-Team-07,Ser-Team-11,FINISHED,0.0,1.0,1.27,0.41,1.9,3.47,4.1,2.18,1.7,2.41,1.57,True
4942,Serie A (Italy),2024,2026-01-08 16:00:00,Ser-Team-10,Ser-Team-06,FINISHED,2.0,0.0,0.97,-0.02,1.54,3.36,8.82,3.88,1.25,3.68,1.28,True
4943,Serie A (Italy),2024,2026-01-08 16:00:00,Ser-Team-16,Ser-Team-13,FINISHED,2.0,2.0,0.84,1.43,3.58,3.43,2.05,2.08,1.77,2.32,1.62,True
4944,Serie A (Italy),2024,2026-01-08 13:00:00,Ser-Team-02,Ser-Team-04,FINISHED,1.0,2.0,0.82,0.71,2.9,2.8,2.81,2.87,1.43,3.83,1.27,True
4945,Bundesliga (Germany),2024,2026-01-08 21:00:00,Bun-Team-10,Bun-Team-16,FINISHED,0.0,0.0,1.33,1.01,1.83,3.3,4.8,2.58,1.51,2.86,1.43,True
4946,Bundesliga (Germany),2024,2026-01-08 18:00:00,Bun-Team-12,Bun-Team-04,FINISHED,2.0,0.0,1.81,0.7,1.45,4.44,6.69,2.08,1.76,1.86,1.94,True
4947,Bundesliga (Germany),2024,2026-01-08 16:00:00,Bun-Team-13,Bun-Team-15,FINISHED,3.0,1.0,1.05,1.59,3.97,3.62,1.89,2.03,1.8,2.2,1.67,True
4948,Bundesliga (Germany),2024,2026-01-08 16:00:00,Bun-Team-03,Bun-Team-09,FINISHED,0.0,1.0,0.58,0.96,6.02,2.93,1.81,3.64,1.29,4.35,1.22,True
4949,Bundesliga (Germany),2024,2026-01-08 18:00:00,Bun-Team-06,Bun-Team-14,FINISHED,1.0,1.0,2.94,1.41,1.4,5.75,5.92,1.41,2.96,1.26,4.04,True
4950,Bundesliga (Germany),2024,2026-01-08 21:00:00,Bun-Team-08,Bun-Team-01,FINISHED,0.0,2.0,0.65,0.99,4.77,2.87,1.98,3.27,1.34,4.07,1.25,True
4951,Bundesliga (Germany),2024,2026-01-08 18:00:00,Bun-Team-07,Bun-Team-05,FINISHED,1.0,0.0,0.92,1.11,2.35,3.19,3.08,2.23,1.66,2.65,1.48,True
4952,Bundesliga (Germany),2024,2026-01-08 16:00:00,Bun-Team-02,Bun-Team-11,FINISHED,0.0,3.0,1.37,1.29,1.79,3.89,4.02,1.79,2.04,1.85,1.98,True
4953,Ligue 1 (France),2024,2026-01-08 18:00:00,Lig-Team-11,Lig-Team-15,FINISHED,1.0,0.0,1.11,1.01,2.85,3.6,2.33,1.83,1.99,2.01,1.81,True
4954,Ligue 1 (France),2024,2026-01-08 21:00:00,Lig-Team-08,Lig-Team-05,FINISHED,1.0,0.0,0.95,0.72,2.92,2.63,2.97,3.27,1.35,4.67,1.2,True
4955,Ligue 1 (France),2024,2026-01-08 16:00:00,Lig-Team-01,Lig-Team-03,FINISHED,1.0,0.0,1.38,1.05,2.29,3.03,3.42,2.5,1.52,3.12,1.37,True
4956,Ligue 1 (France),2024,2026-01-08 21:00:00,Lig-Team-07,Lig-Team-12,FINISHED,0.0,1.0,1.25,0.7,2.14,3.09,3.75,2.5,1.52,3.02,1.4,True
4957,Ligue 1 (France),2024,2026-01-08 16:00:00,Lig-Team-04,Lig-Team-09,FINISHED,0.0,0.0,0.76,0.68,2.92,2.61,2.95,3.29,1.34,4.75,1.19,True
4958,Ligue 1 (France),2024,2026-01-08 18:00:00,Lig-Team-10,Lig-Team-13,FINISHED,0.0,3.0,0.82,0.99,4.0,3.22,2.01,2.48,1.54,2.91,1.41,True
4959,Ligue 1 (France),2024,2026-01-08 21:00:00,Lig-Team-06,Lig-Team-02,FINISHED,1.0,0.0,1.39,0.9,1.9,3.48,4.02,2.13,1.71,2.34,1.6,True
4960,Ligue 1 (France),2024,2026-01-08 18:00:00,Lig-Team-14,Lig-Team-16,FINISHED,3.0,3.0,1.21,0.7,2.3,3.04,3.35,2.5,1.54,3.05,1.38,True
4961,Premier League (England),2024,2026-01-14 21:00:00,Pre-Team-07,Pre-Team-09,FINISHED,1.0,2.0,0.92,1.71,3.05,3.63,2.21,1.78,2.0,1.98,1.86,True
4962,Premier League (England),2024,2026-01-14 13:00:00,Pre-Team-04,Pre-Team-10,FINISHED,2.0,0.0,2.71,0.44,1.2,6.76,13.27,2.15,1.71,1.51,2.54,True
4963,Premier League (England),2024,2026-01-14 16:00:00,Pre-Team-16,Pre-Team-05,FINISHED,2.0,2.0,0.67,0.75,2.31,2.61,4.07,3.53,1.3,4.93,1.19,True
4964,Premier League (England),2024,2026-01-14 13:00:00,Pre-Team-14,Pre-Team-02,FINISHED,0.0,0.0,0.96,0.64,4.42,2.85,2.06,3.14,1.37,3.99,1.26,True
4965,Premier League (England),2024,2026-01-14 13:00:00,Pre-Team-01,Pre-Team-15,FINISHED,2.0,1.0,1.84,0.7,1.86,3.54,4.16,2.11,1.72,2.3,1.62,True
4966,Premier League (England),2024,2026-01-14 21:00:00,Pre-Team-12,Pre-Team-03,FINISHED,1.0,0.0,1.36,1.62,2.83,3.74,2.29,1.72,2.14,1.84,1.99,True
4967,Premier League (England),2024,2026-01-14 18:00:00,Pre-Team-06,Pre-Team-08,FINISHED,0.0,0.0,1.08,0.66,1.85,3.13,4.87,2.86,1.43,3.28,1.35,True
4968,Premier League (England),2024,2026-01-14 16:00:00,Pre-Team-13,Pre-Team-11,FINISHED,0.0,1.0,0.93,1.17,3.05,3.43,2.24,1.93,1.87,2.2,1.7,True
4969,La Liga (Spain),2024,2026-01-14 18:00:00,La -Team-14,La -Team-16,FINISHED,2.0,0.0,1.9,1.1,1.39,4.49,8.63,2.53,1.53,2.17,1.7,True
4970,La Liga (Spain),2024,2026-01-14 13:00:00,La -Team-15,La -Team-01,FINISHED,3.0,3.0,1.52,1.1,2.06,3.54,3.43,1.91,1.88,2.11,1.74,True
4971,La Liga (Spain),2024,2026-01-14 21:00:00,La -Team-04,La -Team-08,FINISHED,2.0,3.0,0.61,0.86,3.72,2.56,2.48,3.57,1.3,5.12,1.16,True
4972,La Liga (Spain),2024,2026-01-14 16:00:00,La -Team-12,La -Team-10,FINISHED,2.0,0.0,1.86,0.64,1.68,3.89,4.86,2.02,1.82,2.03,1.81,True
4973,La Liga (Spain),2024,2026-01-14 16:00:00,La -Team-05,La -Team-02,FINISHED,3.0,0.0,1.58,1.42,1.63,4.45,4.46,1.59,2.36,1.52,2.51,True
4974,La Liga (Spain),2024,2026-01-14 16:00:00,La -Team-13,La -Team-03,FINISHED,2.0,1.0,2.0,1.23,1.74,4.15,4.06,1.64,2.23,1.64,2.24,True
4975,La Liga (Spain),2024,2026-01-14 16:00:00,La -Team-07,La -Team-06,FINISHED,0.0,0.0,0.77,1.42,3.7,3.12,2.12,2.46,1.56,2.94,1.41,True
4976,La Liga (Spain),2024,2026-01-14 21:00:00,La -Team-09,La -Team-11,FINISHED,1.0,2.0,0.98,1.6,3.27,3.66,2.07,1.8,2.01,1.96,1.86,True
4977,Serie A (Italy),2024,2026-01-14 21:00:00,Ser-Team-15,Ser-Team-11,FINISHED,0.0,0.0,0.67,0.7,2.26,3.09,3.39,2.41,1.56,2.93,1.4,True
4978,Serie A (Italy),2024,2026-01-14 21:00:00,Ser-Team-16,Ser-Team-02,FINISHED,2.0,3.0,0.67,1.64,4.52,3.74,1.77,2.11,1.74,2.2,1.67,True
4979,Serie A (Italy),2024,2026-01-14 18:00:00,Ser-Team-06,Ser-Team-13,FINISHED,0.0,0.0,0.09,0.59,5.58,2.18,2.35,6.0,1.13,9.83,1.06,True
4980,Serie A (Italy),2024,2026-01-14 18:00:00,Ser-Team-12,Ser-Team-09,FINISHED,1.0,1.0,1.3,0.7,1.95,3.38,3.92,2.2,1.67,2.48,1.55,True
4981,Serie A (Italy),2024,2026-01-14 18:00:00,Ser-Team-08,Ser-Team-10,FINISHED,0.0,1.0,1.46,2.64,5.3,5.56,1.45,1.36,3.22,1.21,4.32,True
4982,Serie A (Italy),2024,2026-01-14 21:00:00,Ser-Team-14,Ser-Team-04,FINISHED,0.0,1.0,0.89,1.03,2.82,2.82,2.85,2.75,1.45,3.64,1.29,True
4983,Serie A (Italy),2024,2026-01-14 18:00:00,Ser-Team-05,Ser-Team-01,FINISHED,1.0,1.0,0.82,0.85,2.78,2.82,2.9,2.82,1.44,3.74,1.27,True
4984,Serie A (Italy),2024,2026-01-14 18:00:00,Ser-Team-03,Ser-Team-07,FINISHED,4.0,1.0,1.44,0.98,2.28,3.61,2.92,1.79,2.04,1.96,1.86,True
4985,Bundesliga (Germany),2024,2026-01-14 18:00:00,Bun-Team-12,Bun-Team-10,FINISHED,4.0,2.0,1.46,0.75,1.82,3.53,4.49,2.27,1.64,2.46,1.57,True
4986,Bundesliga (Germany),2024,2026-01-14 16:00:00,Bun-Team-07,Bun-Team-16,FINISHED,3.0,1.0,1.5,0.96,1.74,3.58,4.91,2.27,1.62,2.41,1.56,True
4987,Bundesliga (Germany),2024,2026-01-14 21:00:00,Bun-Team-14,Bun-Team-05,FINISHED,0.0,2.0,1.39,1.36,2.5,3.85,2.51,1.6,2.36,1.67,2.2,True
4988,Bundesliga (Germany),2024,2026-01-14 18:00:00,Bun-Team-01,Bun-Team-11,FINISHED,3.0,1.0,1.82,0.91,1.61,4.14,5.02,1.88,1.93,1.84,1.99,True
4989,Bundesliga (Germany),2024,2026-01-14 13:00:00,Bun-Team-04,Bun-Team-13,FINISHED,0.0,3.0,1.67,1.5,2.63,3.79,2.4,1.62,2.32,1.71,2.15,True
4990,Bundesliga (Germany),2024,2026-01-14 21:00:00,Bun-Team-03,Bun-Team-02,FINISHED,1.0,2.0,1.15,1.31,3.52,3.05,2.24,2.52,1.54,3.06,1.37,True
4991,Bundesliga (Germany),2024,2026-01-14 21:00:00,Bun-Team-15,Bun-Team-09,FINISHED,0.0,1.0,0.42,0.63,2.49,2.61,3.55,3.45,1.31,5.0,1.17,True
4992,Bundesliga (Germany),2024,2026-01-14 21:00:00,Bun-Team-06,Bun-Team-08,FINISHED,6.0,0.0,1.75,0.49,1.38,4.39,9.73,2.89,1.42,2.41,1.56,True
4993,Ligue 1 (France),2024,2026-01-14 13:00:00,Lig-Team-07,Lig-Team-05,FINISHED,2.0,1.0,1.4,0.86,1.69,3.4,5.78,2.78,1.44,2.99,1.39,True
4994,Ligue 1 (France),2024,2026-01-14 18:00:00,Lig-Team-16,Lig-Team-10,FINISHED,0.0,1.0,1.48,0.78,1.78,3.17,5.36,3.0,1.4,3.35,1.33,True
4995,Ligue 1 (France),2024,2026-01-14 18:00:00,Lig-Team-15,Lig-Team-11,FINISHED,0.0,1.0,1.98,0.7,1.83,3.85,4.05,1.86,1.96,1.94,1.88,True
4996,Ligue 1 (France),2024,2026-01-14 13:00:00,Lig-Team-04,Lig-Team-06,FINISHED,0.0,3.0,1.42,1.1,1.98,3.35,3.87,2.21,1.67,2.51,1.53,True
4997,Ligue 1 (France),2024,2026-01-14 21:00:00,Lig-Team-13,Lig-Team-12,FINISHED,0.0,1.0,0.73,1.02,2.97,2.98,2.61,2.51,1.55,3.12,1.36,True
4998,Ligue 1 (France),2024,2026-01-14 21:00:00,Lig-Team-08,Lig-Team-09,FINISHED,0.0,1.0,0.36,0.99,4.46,2.76,2.11,3.31,1.34,4.29,1.23,True
4999,Ligue 1 (France),2024,2026-01-14 16:00:00,Lig-Team-01,Lig-Team-03,FINISHED,0.0,0.0,1.2,0.79,2.28,3.04,3.42,2.5,1.53,3.12,1.39,True
5000,Ligue 1 (France),2024,2026-01-14 21:00:00,Lig-Team-02,Lig-Team-14,FINISHED,1.0,2.0,0.75,1.2,3.15,3.05,2.44,2.46,1.56,3.05,1.36,True
5001,Premier League (England),2024,2026-01-15 13:00:00,Pre-Team-01,Pre-Team-12,FINISHED,3.0,2.0,2.26,1.23,1.54,4.6,5.15,1.66,2.22,1.57,2.44,True
5002,Premier League (England),2024,2026-01-15 13:00:00,Pre-Team-03,Pre-Team-02,FINISHED,0.0,1.0,0.9,0.94,3.81,3.15,2.04,2.41,1.58,2.82,1.44,True
5003,Premier League (England),2024,2026-01-15 18:00:00,Pre-Team-14,Pre-Team-16,FINISHED,1.0,2.0,0.74,0.89,3.81,2.43,2.58,3.96,1.25,6.09,1.14,True
5004,Premier League (England),2024,2026-01-15 13:00:00,Pre-Team-10,Pre-Team-04,FINISHED,2.0,4.0,0.83,1.65,7.77,5.02,1.37,1.99,1.83,1.7,2.17,True
5005,Premier League (England),2024,2026-01-15 13:00:00,Pre-Team-06,Pre-Team-13,FINISHED,0.0,0.0,1.23,0.99,2.61,3.09,2.85,2.35,1.59,2.92,1.41,True
5006,Premier League (England),2024,2026-01-15 13:00:00,Pre-Team-15,Pre-Team-09,FINISHED,2.0,1.0,1.25,0.73,2.54,2.83,3.18,2.83,1.44,3.7,1.28,True
5007,Premier League (England),2024,2026-01-15 21:00:00,Pre-Team-05,Pre-Team-08,FINISHED,1.0,2.0,1.09,0.18,1.73,3.11,6.28,3.42,1.32,3.77,1.29,True
5008,Premier League (England),2024,2026-01-15 16:00:00,Pre-Team-11,Pre-Team-07,FINISHED,1.0,2.0,3.21,1.3,1.23,7.34,9.29,1.47,2.7,1.21,4.66,True
5009,La Liga (Spain),2024,2026-01-15 21:00:00,La -Team-05,La -Team-09,FINISHED,4.0,2.0,2.31,0.67,1.34,5.63,6.96,1.6,2.36,1.37,3.09,True
5010,La Liga (Spain),2024,2026-01-15 21:00:00,La -Team-16,La -Team-15,FINISHED,3.0,2.0,1.0,1.21,3.51,3.23,2.15,2.21,1.65,2.59,1.49,True
5011,La Liga (Spain),2024,2026-01-15 21:00:00,La -Team-06,La -Team-14,FINISHED,1.0,1.0,1.2,0.86,3.23,3.15,2.3,2.28,1.65,2.67,1.48,True
5012,La Liga (Spain),2024,2026-01-15 16:00:00,La -Team-11,La -Team-02,FINISHED,0.0,1.0,1.7,1.0,2.05,3.57,3.4,1.92,1.9,2.11,1.74,True
5013,La Liga (Spain),2024,2026-01-15 18:00:00,La -Team-08,La -Team-01,FINISHED,0.0,0.0,1.2,0.84,1.8,3.52,4.58,2.27,1.62,2.46,1.56,True
5014,La Liga (Spain),2024,2026-01-15 16:00:00,La -Team-12,La -Team-03,FINISHED,8.0,1.0,2.81,1.08,1.19,7.6,12.12,1.75,2.1,1.29,3.56,True
5015,La Liga (Spain),2024,2026-01-15 13:00:00,La -Team-13,La -Team-10,FINISHED,1.0,2.0,1.14,1.33,2.91,3.26,2.45,2.12,1.72,2.47,1.55,True
5016,La Liga (Spain),2024,2026-01-15 18:00:00,La -Team-04,La -Team-07,FINISHED,2.0,0.0,1.14,0.78,2.17,2.73,4.32,3.39,1.32,4.5,1.21,True
5017,Serie A (Italy),2024,2026-01-15 18:00:00,Ser-Team-11,Ser-Team-01,FINISHED,0.0,2.0,0.81,1.18,4.89,3.35,1.79,2.5,1.54,2.74,1.46,True
5018,Serie A (Italy),2024,2026-01-15 21:00:00,Ser-Team-13,Ser-Team-09,FINISHED,0.0,0.0,1.1,0.78,2.56,2.86,3.14,2.72,1.45,3.55,1.29,True
5019,Serie A (Italy),2024,2026-01-15 13:00:00,Ser-Team-06,Ser-Team-10,FINISHED,0.0,0.0,0.52,1.01,6.13,2.92,1.8,3.71,1.28,4.36,1.23,True
5020,Serie A (Italy),2024,2026-01-15 18:00:00,Ser-Team-04,Ser-Team-14,FINISHED,1.0,0.0,1.01,1.03,2.23,2.92,3.72,2.78,1.44,3.56,1.29,True
5021,Serie A (Italy),2024,2026-01-15 13:00:00,Ser-Team-15,Ser-Team-02,FINISHED,1.0,3.0,0.89,1.02,3.54,2.96,2.27,2.65,1.48,3.33,1.34,True
5022,Serie A (Italy),2024,2026-01-15 13:00:00,Ser-Team-08,Ser-Team-05,FINISHED,1.0,1.0,0.73,1.94,5.87,4.45,1.51,1.89,1.93,1.76,2.06,True
5023,Serie A (Italy),2024,2026-01-15 13:00:00,Ser-Team-07,Ser-Team-16,FINISHED,2.0,1.0,2.29,0.92,1.58,4.33,5.1,1.8,2.03,1.7,2.15,True
5024,Serie A (Italy),2024,2026-01-15 18:00:00,Ser-Team-03,Ser-Team-12,FINISHED,0.0,4.0,1.26,1.36,3.01,3.66,2.19,1.77,2.07,1.9,1.91,True
5025,Bundesliga (Germany),2024,2026-01-15 16:00:00,Bun-Team-02,Bun-Team-16,FINISHED,1.0,1.0,1.26,0.74,1.85,3.45,4.43,2.29,1.62,2.52,1.53,True
5026,Bundesliga (Germany),2024,2026-01-15 21:00:00,Bun-Team-13,Bun-Team-15,FINISHED,1.0,1.0,1.24,1.77,4.03,3.59,1.88,2.03,1.77,2.19,1.69,True
5027,Bundesliga (Germany),2024,2026-01-15 16:00:00,Bun-Team-10,Bun-Team-08,FINISHED,3.0,0.0,1.06,0.42,1.79,2.96,6.1,3.61,1.29,4.23,1.24,True
5028,Bundesliga (Germany),2024,2026-01-15 16:00:00,Bun-Team-11,Bun-Team-05,FINISHED,1.0,3.0,1.06,1.4,3.18,3.5,2.21,1.95,1.89,2.17,1.72,True
5029,Bundesliga (Germany),2024,2026-01-15 18:00:00,Bun-Team-07,Bun-Team-06,FINISHED,2.0,1.0,1.08,1.33,3.04,3.7,2.15,1.74,2.11,1.86,1.94,True
5030,Bundesliga (Germany),2024,2026-01-15 13:00:00,Bun-Team-12,Bun-Team-14,FINISHED,4.0,0.0,2.42,1.04,1.46,5.11,5.67,1.54,2.46,1.4,2.96,True
5031,Bundesliga (Germany),2024,2026-01-15 16:00:00,Bun-Team-09,Bun-Team-01,FINISHED,0.0,0.0,0.77,0.37,2.0,3.01,4.39,2.88,1.44,3.46,1.3,True
5032,Bundesliga (Germany),2024,2026-01-15 18:00:00,Bun-Team-03,Bun-Team-04,FINISHED,0.0,0.0,0.85,1.03,2.87,3.05,2.62,2.39,1.58,2.98,1.4,True
5033,Ligue 1 (France),2024,2026-01-15 13:00:00,Lig-Team-04,Lig-Team-10,FINISHED,0.0,0.0,1.41,0.58,1.6,3.41,7.02,3.27,1.35,3.28,1.35,True
5034,Ligue 1 (France),2024,2026-01-15 18:00:00,Lig-Team-02,Lig-Team-16,FINISHED,0.0,0.0,0.18,0.68,3.35,2.4,2.94,4.09,1.25,6.45,1.12,True
5035,Ligue 1 (France),2024,2026-01-15 16:00:00,Lig-Team-07,Lig-Team-11,FINISHED,1.0,0.0,1.0,0.68,2.17,3.12,3.57,2.39,1.59,2.87,1.43,True
5036,Ligue 1 (France),2024,2026-01-15 16:00:00,Lig-Team-05,Lig-Team-01,FINISHED,1.0,0.0,1.09,0.76,2.66,3.26,2.64,2.14,1.73,2.5,1.53,True
5037,Ligue 1 (France),2024,2026-01-15 13:00:00,Lig-Team-14,Lig-Team-13,FINISHED,1.0,1.0,1.44,1.21,2.31,3.27,3.08,2.12,1.73,2.47,1.55,True
5038,Ligue 1 (France),2024,2026-01-15 21:00:00,Lig-Team-09,Lig-Team-03,FINISHED,0.0,0.0,0.93,0.84,1.94,3.01,4.75,3.03,1.39,3.68,1.28,True
5039,Ligue 1 (France),2024,2026-01-15 16:00:00,Lig-Team-12,Lig-Team-08,FINISHED,1.0,1.0,1.33,0.52,1.8,3.07,5.6,3.21,1.36,3.63,1.29,True
5040,Ligue 1 (France),2024,2026-01-15 16:00:00,Lig-Team-15,Lig-Team-06,FINISHED,4.0,2.0,2.54,0.75,1.36,5.6,6.74,1.58,2.43,1.36,3.17,True
5041,Premier League (England),2024,2026-01-21 16:00:00,Pre-Team-05,Pre-Team-04,FINISHED,1.0,3.0,0.74,1.31,3.53,3.24,2.15,2.27,1.63,2.69,1.47,True
5042,Premier League (England),2024,2026-01-21 21:00:00,Pre-Team-01,Pre-Team-06,FINISHED,1.0,1.0,1.52,0.81,1.84,3.68,4.15,2.03,1.8,2.18,1.69,True
5043,Premier League (England),2024,2026-01-21 13:00:00,Pre-Team-12,Pre-Team-14,FINISHED,0.0,1.0,0.75,1.17,2.64,3.25,2.67,2.12,1.72,2.5,1.55,True
5044,Premier League (England),2024,2026-01-21 18:00:00,Pre-Team-03,Pre-Team-10,FINISHED,1.0,0.0,1.89,0.92,1.59,4.06,5.48,2.08,1.78,2.02,1.83,True
5045,Premier League (England),2024,2026-01-21 13:00:00,Pre-Team-13,Pre-Team-02,FINISHED,3.0,0.0,0.96,1.43,3.91,3.04,2.12,2.65,1.47,3.26,1.34,True
5046,Premier League (England),2024,2026-01-21 21:00:00,Pre-Team-15,Pre-Team-07,FINISHED,2.0,0.0,2.11,1.32,1.69,4.35,4.32,1.61,2.28,1.6,2.37,True
5047,Premier League (England),2024,2026-01-21 13:00:00,Pre-Team-09,Pre-Team-16,FINISHED,1.0,1.0,1.02,0.65,3.66,2.48,2.62,3.83,1.27,5.71,1.15,True
5048,Premier League (England),2024,2026-01-21 13:00:00,Pre-Team-08,Pre-Team-11,FINISHED,0.0,1.0,0.69,1.45,5.62,3.77,1.6,2.31,1.62,2.32,1.61,True
5049,La Liga (Spain),2024,2026-01-21 21:00:00,La -Team-06,La -Team-05,FINISHED,1.0,1.0,1.42,1.04,2.94,3.43,2.33,1.95,1.86,2.2,1.67,True
5050,La Liga (Spain),2024,2026-01-21 21:00:00,La -Team-01,La -Team-08,FINISHED,1.0,0.0,0.81,1.12,3.27,3.23,2.24,2.23,1.66,2.6,1.49,True
5051,La Liga (Spain),2024,2026-01-21 21:00:00,La -Team-02,La -Team-12,FINISHED,2.0,0.0,1.08,1.62,3.85,4.09,1.79,1.64,2.26,1.68,2.21,True
5052,La Liga (Spain),2024,2026-01-21 21:00:00,La -Team-03,La -Team-04,FINISHED,4.0,0.0,1.01,1.42,2.77,3.52,2.41,1.86,1.95,2.07,1.77,True
5053,La Liga (Spain),2024,2026-01-21 13:00:00,La -Team-07,La -Team-16,FINISHED,1.0,0.0,0.95,0.78,2.38,3.05,3.21,2.47,1.55,3.04,1.38,True
5054,La Liga (Spain),2024,2026-01-21 21:00:00,La -Team-14,La -Team-13,FINISHED,1.0,0.0,1.32,0.89,1.69,3.46,5.61,2.66,1.48,2.86,1.43,True
5055,La Liga (Spain),2024,2026-01-21 13:00:00,La -Team-10,La -Team-09,FINISHED,2.0,1.0,2.09,1.18,1.51,4.91,5.11,1.51,2.6,1.39,3.03,True
5056,La Liga (Spain),2024,2026-01-21 21:00:00,La -Team-15,La -Team-11,FINISHED,1.0,0.0,1.12,0.75,2.76,2.85,2.94,2.72,1.46,3.56,1.3,True
5057,Serie A (Italy),2024,2026-01-21 18:00:00,Ser-Team-02,Ser-Team-03,FINISHED,2.0,0.0,1.39,0.91,1.91,3.47,4.05,2.16,1.69,2.39,1.58,True
5058,Serie A (Italy),2024,2026-01-21 16:00:00,Ser-Team-16,Ser-Team-14,FINISHED,1.0,0.0,0.89,1.93,4.65,3.78,1.72,2.06,1.78,2.11,1.73,True
5059,Serie A (Italy),2024,2026-01-21 18:00:00,Ser-Team-01,Ser-Team-15,FINISHED,2.0,1.0,1.65,0.61,1.54,3.79,6.58,2.6,1.5,2.57,1.51,True
5060,Serie A (Italy),2024,2026-01-21 13:00:00,Ser-Team-11,Ser-Team-12,FINISHED,1.0,1.0,0.7,1.72,3.98,3.45,1.91,2.17,1.71,2.39,1.59,True
5061,Serie A (Italy),2024,2026-01-21 13:00:00,Ser-Team-13,Ser-Team-05,FINISHED,0.0,1.0,0.78,0.91,3.26,2.71,2.61,3.07,1.39,4.26,1.23,True
5062,Serie A (Italy),2024,2026-01-21 13:00:00,Ser-Team-07,Ser-Team-10,FINISHED,1.0,0.0,1.31,1.35,2.61,3.8,2.42,1.63,2.29,1.73,2.13,True
5063,Serie A (Italy),2024,2026-01-21 18:00:00,Ser-Team-08,Ser-Team-09,FINISHED,1.0,1.0,1.22,1.74,4.18,4.21,1.72,1.66,2.24,1.65,2.25,True
5064,Serie A (Italy),2024,2026-01-21 21:00:00,Ser-Team-06,Ser-Team-04,FINISHED,0.0,1.0,0.6,1.25,7.91,2.46,1.9,6.16,1.14,7.85,1.09,True
5065,Bundesliga (Germany),2024,2026-01-21 16:00:00,Bun-Team-15,Bun-Team-04,FINISHED,0.0,1.0,1.89,0.54,1.44,4.08,7.66,2.6,1.51,2.31,1.61,True
5066,Bundesliga (Germany),2024,2026-01-21 16:00:00,Bun-Team-12,Bun-Team-02,FINISHED,0.0,0.0,1.64,0.96,1.69,3.81,4.96,2.1,1.75,2.11,1.73,True
5067,Bundesliga (Germany),2024,2026-01-21 18:00:00,Bun-Team-13,Bun-Team-08,FINISHED,0.0,0.0,1.53,0.76,1.69,3.5,5.41,2.52,1.51,2.68,1.47,True
5068,Bundesliga (Germany),2024,2026-01-21 13:00:00,Bun-Team-05,Bun-Team-03,FINISHED,0.0,3.0,1.25,0.72,1.77,3.24,5.54,2.96,1.4,3.28,1.34,True
5069,Bundesliga (Germany),2024,2026-01-21 16:00:00,Bun-Team-10,Bun-Team-14,FINISHED,1.0,6.0,1.8,1.47,1.93,4.02,3.45,1.61,2.32,1.64,2.29,True
5070,Bundesliga (Germany),2024,2026-01-21 21:00:00,Bun-Team-16,Bun-Team-11,FINISHED,1.0,1.0,1.41,1.42,2.42,3.42,2.83,1.93,1.88,2.16,1.7,True
5071,Bundesliga (Germany),2024,2026-01-21 16:00:00,Bun-Team-01,Bun-Team-09,FINISHED,0.0,0.0,1.26,1.08,3.22,2.82,2.52,2.84,1.44,3.71,1.28,True
5072,Bundesliga (Germany),2024,2026-01-21 13:00:00,Bun-Team-06,Bun-Team-07,FINISHED,1.0,3.0,1.61,1.07,1.7,4.1,4.42,1.77,2.04,1.79,2.05,True
5073,Ligue 1 (France),2024,2026-01-21 21:00:00,Lig-Team-14,Lig-Team-10,FINISHED,3.0,0.0,2.16,0.72,1.5,4.39,5.94,1.97,1.84,1.83,1.98,True
5074,Ligue 1 (France),2024,2026-01-21 13:00:00,Lig-Team-09,Lig-Team-08,FINISHED,1.0,0.0,1.17,0.45,1.74,3.1,6.24,3.44,1.32,3.81,1.25,True
5075,Ligue 1 (France),2024,2026-01-21 16:00:00,Lig-Team-11,Lig-Team-03,FINISHED,1.0,0.0,0.95,0.67,1.93,3.09,4.53,2.76,1.45,3.22,1.35,True
5076,Ligue 1 (France),2024,2026-01-21 16:00:00,Lig-Team-06,Lig-Team-13,FINISHED,1.0,2.0,1.54,1.12,2.31,3.53,2.87,1.84,2.0,2.01,1.82,True
5077,Ligue 1 (France),2024,2026-01-21 16:00:00,Lig-Team-01,Lig-Team-05,FINISHED,0.0,0.0,1.04,0.83,2.05,3.39,3.66,2.15,1.7,2.42,1.56,True
5078,Ligue 1 (France),2024,2026-01-21 18:00:00,Lig-Team-16,Lig-Team-12,FINISHED,2.0,0.0,0.9,0.93,3.22,2.78,2.55,2.98,1.39,3.95,1.25,True
5079,Ligue 1 (France),2024,2026-01-21 21:00:00,Lig-Team-04,Lig-Team-07,FINISHED,0.0,1.0,0.61,0.89,3.23,2.52,2.83,3.56,1.3,5.31,1.16,True
5080,Ligue 1 (France),2024,2026-01-21 18:00:00,Lig-Team-15,Lig-Team-02,FINISHED,3.0,0.0,1.69,0.24,1.42,4.2,8.4,2.75,1.45,2.4,1.6,True
5081,Premier League (England),2024,2026-01-22 21:00:00,Pre-Team-06,Pre-Team-10,FINISHED,0.0,1.0,1.62,0.75,1.69,3.84,4.71,2.02,1.81,2.05,1.77,True
5082,Premier League (England),2024,2026-01-22 13:00:00,Pre-Team-13,Pre-Team-08,FINISHED,2.0,0.0,1.24,0.66,1.81,3.04,5.51,3.23,1.36,3.71,1.29,True
5083,Premier League (England),2024,2026-01-22 21:00:00,Pre-Team-02,Pre-Team-03,FINISHED,2.0,0.0,1.57,0.97,1.67,3.58,5.49,2.49,1.54,2.59,1.52,True
5084,Premier League (England),2024,2026-01-22 16:00:00,Pre-Team-04,Pre-Team-09,FINISHED,2.0,1.0,1.38,0.63,1.58,3.73,6.34,2.6,1.49,2.58,1.52,True
5085,Premier League (England),2024,2026-01-22 16:00:00,Pre-Team-14,Pre-Team-01,FINISHED,1.0,2.0,1.02,0.88,3.1,3.01,2.47,2.51,1.53,3.18,1.35,True
5086,Premier League (England),2024,2026-01-22 13:00:00,Pre-Team-16,Pre-Team-05,FINISHED,0.0,0.0,1.03,0.8,2.34,2.63,4.04,3.56,1.29,4.95,1.18,True
5087,Premier League (England),2024,2026-01-22 13:00:00,Pre-Team-12,Pre-Team-11,FINISHED,2.0,3.0,1.5,2.21,4.14,4.56,1.66,1.49,2.63,1.44,2.85,True
5088,Premier League (England),2024,2026-01-22 13:00:00,Pre-Team-15,Pre-Team-07,FINISHED,3.0,1.0,1.94,1.12,1.68,4.3,4.31,1.63,2.3,1.58,2.36,True
5089,La Liga (Spain),2024,2026-01-22 18:00:00,La -Team-01,La -Team-12,FINISHED,2.0,2.0,0.98,2.16,4.45,3.94,1.72,1.86,1.94,1.89,1.9,True
5090,La Liga (Spain),2024,2026-01-22 18:00:00,La -Team-05,La -Team-07,FINISHED,3.0,2.0,1.93,0.32,1.45,4.15,7.53,2.56,1.51,2.3,1.63,True
5091,La Liga (Spain),2024,2026-01-22 13:00:00,La -Team-04,La -Team-14,FINISHED,0.0,2.0,0.83,0.97,4.16,2.83,2.14,3.1,1.37,4.04,1.23,True
5092,La Liga (Spain),2024,2026-01-22 13:00:00,La -Team-10,La -Team-11,FINISHED,1.0,0.0,0.94,0.92,2.35,3.14,3.19,2.32,1.6,2.84,1.44,True
5093,La Liga (Spain),2024,2026-01-22 21:00:00,La -Team-16,La -Team-09,FINISHED,2.0,1.0,1.68,1.25,2.49,3.95,2.48,1.53,2.52,1.59,2.36,True
5094,La Liga (Spain),2024,2026-01-22 16:00:00,La -Team-03,La -Team-02,FINISHED,2.0,1.0,1.6,2.07,3.17,4.85,1.86,1.25,3.95,1.2,4.46,True
5095,La Liga (Spain),2024,2026-01-22 13:00:00,La -Team-08,La -Team-13,FINISHED,2.0,0.0,0.98,0.78,1.94,2.97,4.71,3.0,1.4,3.6,1.29,True
5096,La Liga (Spain),2024,2026-01-22 21:00:00,La -Team-15,La -Team-06,FINISHED,1.0,0.0,1.1,0.94,2.46,3.22,2.95,2.2,1.69,2.58,1.51,True
5097,Serie A (Italy),2024,2026-01-22 16:00:00,Ser-Team-05,Ser-Team-06,FINISHED,2.0,0.0,0.82,0.4,1.75,2.56,10.27,6.87,1.1,7.36,1.09,True
5098,Serie A (Italy),2024,2026-01-22 21:00:00,Ser-Team-15,Ser-Team-16,FINISHED,1.0,0.0,1.67,0.75,1.87,3.76,3.96,1.93,1.89,2.06,1.78,True
5099,Serie A (Italy),2024,2026-01-22 18:00:00,Ser-Team-14,Ser-Team-11,FINISHED,2.0,0.0,1.33,0.1,1.7,3.43,5.48,2.68,1.48,2.85,1.43,True
5100,Serie A (Italy),2024,2026-01-22 21:00:00,Ser-Team-13,Ser-Team-04,FINISHED,0.0,2.0,0.87,1.14,3.47,2.81,2.4,2.91,1.42,3.85,1.27,True
5101,Serie A (Italy),2024,2026-01-22 16:00:00,Ser-Team-10,Ser-Team-02,FINISHED,0.0,1.0,1.35,0.94,2.31,3.45,2.95,1.94,1.9,2.15,1.72,True
5102,Serie A (Italy),2024,2026-01-22 21:00:00,Ser-Team-12,Ser-Team-08,FINISHED,6.0,0.0,3.13,1.04,1.22,7.14,10.42,1.65,2.26,1.28,3.7,True
5103,Serie A (Italy),2024,2026-01-22 13:00:00,Ser-Team-01,Ser-Team-09,FINISHED,1.0,0.0,1.5,0.67,1.83,3.3,4.74,2.57,1.52,2.86,1.42,True
5104,Serie A (Italy),2024,2026-01-22 16:00:00,Ser-Team-03,Ser-Team-07,FINISHED,1.0,1.0,1.42,1.08,2.27,3.61,2.91,1.78,2.04,1.96,1.87,True
5105,Bundesliga (Germany),2024,2026-01-22 21:00:00,Bun-Team-08,Bun-Team-11,FINISHED,0.0,1.0,0.99,0.72,3.03,2.92,2.53,2.58,1.51,3.28,1.34,True
5106,Bundesliga (Germany),2024,2026-01-22 21:00:00,Bun-Team-09,Bun-Team-16,FINISHED,0.0,1.0,1.49,0.36,1.54,3.51,7.87,3.36,1.33,3.25,1.35,True
5107,Bundesliga (Germany),2024,2026-01-22 16:00:00,Bun-Team-04,Bun-Team-15,FINISHED,1.0,1.0,0.73,1.07,5.11,3.51,1.73,2.46,1.57,2.63,1.49,True
5108,Bundesliga (Germany),2024,2026-01-22 18:00:00,Bun-Team-02,Bun-Team-05,FINISHED,0.0,1.0,0.74,1.01,2.55,3.18,2.85,2.22,1.65,2.7,1.47,True
5109,Bundesliga (Germany),2024,2026-01-22 13:00:00,Bun-Team-14,Bun-Team-03,FINISHED,0.0,2.0,2.01,1.43,1.66,4.08,4.6,1.81,2.01,1.8,2.03,True
5110,Bundesliga (Germany),2024,2026-01-22 16:00:00,Bun-Team-13,Bun-Team-10,FINISHED,0.0,0.0,1.53,1.16,2.42,3.54,2.76,1.81,1.99,2.01,1.8,True
5111,Bundesliga (Germany),2024,2026-01-22 16:00:00,Bun-Team-01,Bun-Team-06,FINISHED,0.0,0.0,1.39,1.15,2.82,3.61,2.34,1.79,2.01,1.98,1.84,True
5112,Bundesliga (Germany),2024,2026-01-22 16:00:00,Bun-Team-12,Bun-Team-07,FINISHED,0.0,2.0,1.47,0.86,1.79,3.75,4.42,2.04,1.78,2.12,1.72,True
5113,Ligue 1 (France),2024,2026-01-22 13:00:00,Lig-Team-07,Lig-Team-09,FINISHED,1.0,2.0,1.18,0.89,2.32,2.95,3.47,2.65,1.49,3.33,1.32,True
5114,Ligue 1 (France),2024,2026-01-22 21:00:00,Lig-Team-14,Lig-Team-03,FINISHED,0.0,2.0,1.1,0.95,2.27,3.14,3.36,2.35,1.59,2.81,1.43,True
5115,Ligue 1 (France),2024,2026-01-22 13:00:00,Lig-Team-06,Lig-Team-10,FINISHED,5.0,2.0,2.02,1.15,1.48,4.79,5.77,1.7,2.16,1.57,2.45,True
5116,Ligue 1 (France),2024,2026-01-22 16:00:00,Lig-Team-15,Lig-Team-05,FINISHED,2.0,0.0,1.56,0.53,1.43,4.51,7.1,2.16,1.69,1.96,1.86,True
5117,Ligue 1 (France),2024,2026-01-22 18:00:00,Lig-Team-04,Lig-Team-02,FINISHED,1.0,0.0,1.33,0.37,2.09,2.52,5.51,4.5,1.22,6.16,1.14,True
5118,Ligue 1 (France),2024,2026-01-22 18:00:00,Lig-Team-13,Lig-Team-01,FINISHED,1.0,2.0,1.22,0.84,2.41,3.16,3.07,2.25,1.64,2.7,1.46,True
5119,Ligue 1 (France),2024,2026-01-22 13:00:00,Lig-Team-08,Lig-Team-12,FINISHED,1.0,0.0,0.86,0.9,4.09,2.84,2.18,3.07,1.37,4.05,1.23,True
5120,Ligue 1 (France),2024,2026-01-22 16:00:00,Lig-Team-16,Lig-Team-11,FINISHED,1.0,1.0,1.09,1.02,3.33,2.84,2.45,2.8,1.45,3.7,1.29,True
5121,Premier League (England),2024,2026-01-28 13:00:00,Pre-Team-14,Pre-Team-06,FINISHED,0.0,1.0,0.98,1.1,2.48,2.86,3.23,2.76,1.45,3.59,1.29,True
5122,Premier League (England),2024,2026-01-28 13:00:00,Pre-Team-03,Pre-Team-02,FINISHED,1.0,3.0,0.66,1.42,3.84,3.22,2.07,2.41,1.58,2.84,1.42,True
5123,Premier League (England),2024,2026-01-28 21:00:00,Pre-Team-09,Pre-Team-05,FINISHED,0.0,1.0,0.7,0.89,2.99,2.67,2.84,3.12,1.36,4.36,1.21,True
5124,Premier League (England),2024,2026-01-28 21:00:00,Pre-Team-08,Pre-Team-12,FINISHED,0.0,2.0,1.06,1.06,2.88,3.28,2.45,2.11,1.74,2.46,1.57,True
5125,Premier League (England),2024,2026-01-28 18:00:00,Pre-Team-15,Pre-Team-10,FINISHED,1.0,1.0,1.01,0.62,1.71,3.72,4.78,2.12,1.73,2.21,1.69,True
5126,Premier League (England),2024,2026-01-28 21:00:00,Pre-Team-13,Pre-Team-07,FINISHED,3.0,0.0,1.88,1.02,1.6,4.4,4.95,1.72,2.13,1.63,2.28,True
5127,Premier League (England),2024,2026-01-28 21:00:00,Pre-Team-01,Pre-Team-16,FINISHED,0.0,2.0,1.18,0.87,2.73,2.89,2.93,2.7,1.47,3.56,1.31,True
5128,Premier League (England),2024,2026-01-28 16:00:00,Pre-Team-11,Pre-Team-04,FINISHED,2.0,2.0,1.38,1.44,2.67,3.8,2.36,1.64,2.26,1.76,2.08,True
5129,La Liga (Spain),2024,2026-01-28 21:00:00,La -Team-13,La -Team-01,FINISHED,0.0,0.0,1.24,1.41,2.29,3.42,3.06,2.0,1.83,2.26,1.66,True
5130,La Liga (Spain),2024,2026-01-28 18:00:00,La -Team-04,La -Team-07,FINISHED,0.0,1.0,1.07,0.79,2.17,2.73,4.29,3.39,1.33,4.52,1.2,True
5131,La Liga (Spain),2024,2026-01-28 16:00:00,La -Team-02,La -Team-09,FINISHED,3.0,2.0,2.59,1.65,1.58,5.22,4.29,1.31,3.55,1.22,4.36,True
5132,La Liga (Spain),2024,2026-01-28 18:00:00,La -Team-14,La -Team-15,FINISHED,2.0,4.0,1.6,0.5,1.81,3.38,4.85,2.52,1.54,2.8,1.44,True
5133,La Liga (Spain),2024,2026-01-28 13:00:00,La -Team-03,La -Team-12,FINISHED,0.0,4.0,1.48,2.39,6.83,5.5,1.36,1.63,2.28,1.4,2.95,True
5134,La Liga (Spain),2024,2026-01-28 21:00:00,La -Team-08,La -Team-11,FINISHED,0.0,1.0,1.02,0.83,2.38,2.7,3.78,3.28,1.34,4.52,1.22,True
5135,La Liga (Spain),2024,2026-01-28 18:00:00,La -Team-06,La -Team-05,FINISHED,2.0,0.0,0.69,1.52,2.92,3.44,2.36,1.97,1.85,2.21,1.66,True
5136,La Liga (Spain),2024,2026-01-28 16:00:00,La -Team-10,La -Team-16,FINISHED,4.0,0.0,1.7,0.95,1.51,4.27,6.03,2.04,1.78,1.94,1.9,True
5137,Serie A (Italy),2024,2026-01-28 21:00:00,Ser-Team-01,Ser-Team-13,FINISHED,1.0,1.0,1.3,0.54,1.82,3.19,5.0,2.76,1.44,3.14,1.36,True
5138,Serie A (Italy),2024,2026-01-28 21:00:00,Ser-Team-10,Ser-Team-05,FINISHED,0.0,1.0,1.16,1.26,2.56,3.35,2.72,2.03,1.79,2.31,1.61,True
5139,Serie A (Italy),2024,2026-01-28 21:00:00,Ser-Team-15,Ser-Team-11,FINISHED,2.0,0.0,1.1,0.79,2.28,3.08,3.39,2.43,1.57,2.93,1.4,True
5140,Serie A (Italy),2024,2026-01-28 18:00:00,Ser-Team-16,Ser-Team-06,FINISHED,1.0,1.0,0.97,0.49,2.22,2.56,4.47,3.82,1.28,5.38,1.17,True
5141,Serie A (Italy),2024,2026-01-28 18:00:00,Ser-Team-03,Ser-Team-14,FINISHED,1.0,0.0,1.2,0.93,3.01,3.28,2.36,2.07,1.75,2.4,1.58,True
5142,Serie A (Italy),2024,2026-01-28 18:00:00,Ser-Team-04,Ser-Team-09,FINISHED,2.0,1.0,1.26,0.48,1.94,3.1,4.52,2.78,1.46,3.24,1.33,True
5143,Serie A (Italy),2024,2026-01-28 21:00:00,Ser-Team-12,Ser-Team-07,FINISHED,3.0,0.0,1.18,1.1,1.79,3.76,4.25,1.96,1.86,2.04,1.76,True
5144,Serie A (Italy),2024,2026-01-28 16:00:00,Ser-Team-08,Ser-Team-02,FINISHED,2.0,3.0,0.86,1.99,5.13,4.36,1.56,1.77,2.05,1.68,2.17,True
5145,Bundesliga (Germany),2024,2026-01-28 16:00:00,Bun-Team-09,Bun-Team-02,FINISHED,0.0,0.0,1.32,1.03,1.79,3.22,5.33,2.84,1.44,3.19,1.36,True
5146,Bundesliga (Germany),2024,2026-01-28 21:00:00,Bun-Team-01,Bun-Team-16,FINISHED,4.0,3.0,1.41,0.49,1.68,3.63,5.39,2.41,1.57,2.51,1.54,True
5147,Bundesliga (Germany),2024,2026-01-28 13:00:00,Bun-Team-03,Bun-Team-11,FINISHED,2.0,1.0,1.18,1.03,2.67,3.22,2.64,2.14,1.72,2.52,1.54,True
5148,Bundesliga (Germany),2024,2026-01-28 21:00:00,Bun-Team-05,Bun-Team-08,FINISHED,2.0,1.0,1.43,0.43,1.78,2.94,6.26,3.68,1.29,4.23,1.23,True
5149,Bundesliga (Germany),2024,2026-01-28 18:00:00,Bun-Team-06,Bun-Team-13,FINISHED,4.0,1.0,2.26,1.14,1.49,4.89,5.31,1.56,2.44,1.42,2.84,True
5150,Bundesliga (Germany),2024,2026-01-28 21:00:00,Bun-Team-10,Bun-Team-14,FINISHED,3.0,2.0,1.82,1.21,1.93,4.01,3.44,1.61,2.34,1.65,2.27,True
5151,Bundesliga (Germany),2024,2026-01-28 13:00:00,Bun-Team-12,Bun-Team-15,FINISHED,1.0,1.0,0.86,0.96,2.67,3.0,2.82,2.43,1.56,3.04,1.39,True
5152,Bundesliga (Germany),2024,2026-01-28 16:00:00,Bun-Team-04,Bun-Team-07,FINISHED,0.0,1.0,1.29,1.53,3.04,3.49,2.26,1.92,1.89,2.15,1.71,True
5153,Ligue 1 (France),2024,2026-01-28 18:00:00,Lig-Team-05,Lig-Team-15,FINISHED,2.0,1.0,0.92,1.5,4.63,3.81,1.73,2.06,1.77,2.13,1.73,True
5154,Ligue 1 (France),2024,2026-01-28 16:00:00,Lig-Team-08,Lig-Team-10,FINISHED,1.0,2.0,0.66,0.14,2.1,2.9,4.21,2.97,1.39,3.79,1.28,True
5155,Ligue 1 (France),2024,2026-01-28 21:00:00,Lig-Team-02,Lig-Team-01,FINISHED,1.0,0.0,0.68,0.78,3.19,2.94,2.44,2.63,1.5,3.38,1.33,True
5156,Ligue 1 (France),2024,2026-01-28 16:00:00,Lig-Team-04,Lig-Team-13,FINISHED,1.0,1.0,0.81,0.67,2.38,2.57,3.99,3.63,1.3,5.14,1.17,True
5157,Ligue 1 (France),2024,2026-01-28 16:00:00,Lig-Team-12,Lig-Team-14,FINISHED,2.0,0.0,1.61,0.9,1.86,3.71,3.93,1.94,1.88,2.02,1.77,True
5158,Ligue 1 (France),2024,2026-01-28 21:00:00,Lig-Team-16,Lig-Team-11,FINISHED,0.0,0.0,0.95,0.76,3.33,2.84,2.43,2.82,1.44,3.7,1.28,True
5159,Ligue 1 (France),2024,2026-01-28 18:00:00,Lig-Team-03,Lig-Team-09,FINISHED,1.0,1.0,0.96,0.83,3.48,2.76,2.42,2.96,1.4,3.95,1.25,True
5160,Ligue 1 (France),2024,2026-01-28 21:00:00,Lig-Team-06,Lig-Team-07,FINISHED,3.0,1.0,0.7,1.23,3.49,3.67,1.99,1.83,1.98,1.96,1.86,True
5161,Premier League (England),2024,2026-01-29 13:00:00,Pre-Team-02,Pre-Team-13,FINISHED,3.0,0.0,1.41,0.57,1.72,3.36,5.48,2.76,1.46,3.0,1.39,True
5162,Premier League (England),2024,2026-01-29 18:00:00,Pre-Team-04,Pre-Team-05,FINISHED,2.0,2.0,1.52,0.61,1.72,3.52,4.98,2.38,1.61,2.5,1.52,True
5163,Premier League (England),2024,2026-01-29 13:00:00,Pre-Team-07,Pre-Team-15,FINISHED,2.0,1.0,1.47,1.17,2.93,3.94,2.16,1.58,2.37,1.66,2.25,True
5164,Premier League (England),2024,2026-01-29 18:00:00,Pre-Team-11,Pre-Team-01,FINISHED,3.0,3.0,1.95,0.86,1.91,3.94,3.53,1.69,2.21,1.72,2.13,True
5165,Premier League (England),2024,2026-01-29 18:00:00,Pre-Team-09,Pre-Team-10,FINISHED,1.0,1.0,1.63,0.41,1.79,3.38,4.89,2.48,1.56,2.71,1.47,True
5166,Premier League (England),2024,2026-01-29 16:00:00,Pre-Team-06,Pre-Team-16,FINISHED,1.0,0.0,0.74,1.17,3.57,2.79,2.39,3.01,1.4,4.0,1.26,True
5167,Premier League (England),2024,2026-01-29 16:00:00,Pre-Team-03,Pre-Team-12,FINISHED,3.0,2.0,1.55,1.08,1.77,4.01,4.05,1.74,2.1,1.76,2.07,True
5168,Premier League (England),2024,2026-01-29 16:00:00,Pre-Team-14,Pre-Team-08,FINISHED,1.0,1.0,0.98,0.39,2.03,2.7,4.97,3.72,1.28,4.89,1.18,True
5169,La Liga (Spain),2024,2026-01-29 16:00:00,La -Team-04,La -Team-01,FINISHED,0.0,1.0,0.71,0.98,2.45,3.1,3.01,2.32,1.61,2.85,1.43,True
5170,La Liga (Spain),2024,2026-01-29 16:00:00,La -Team-05,La -Team-07,FINISHED,0.0,0.0,1.94,0.86,1.45,4.17,7.61,2.55,1.53,2.29,1.62,True
5171,La Liga (Spain),2024,2026-01-29 16:00:00,La -Team-15,La -Team-11,FINISHED,1.0,0.0,0.6,0.89,2.73,2.86,2.93,2.74,1.46,3.59,1.3,True
5172,La Liga (Spain),2024,2026-01-29 21:00:00,La -Team-03,La -Team-09,FINISHED,1.0,6.0,2.07,2.29,2.22,4.8,2.52,1.2,4.53,1.15,5.09,True
5173,La Liga (Spain),2024,2026-01-29 13:00:00,La -Team-08,La -Team-12,FINISHED,1.0,1.0,1.27,1.16,3.1,2.93,2.51,2.62,1.51,3.34,1.33,True
5174,La Liga (Spain),2024,2026-01-29 21:00:00,La -Team-13,La -Team-16,FINISHED,1.0,2.0,1.74,0.69,1.89,3.36,4.33,2.37,1.59,2.64,1.5,True
5175,La Liga (Spain),2024,2026-01-29 16:00:00,La -Team-06,La -Team-02,FINISHED,1.0,0.0,2.09,1.59,2.04,3.94,3.16,1.62,2.33,1.65,2.22,True
5176,La Liga (Spain),2024,2026-01-29 21:00:00,La -Team-14,La -Team-10,FINISHED,0.0,0.0,1.21,0.96,1.88,3.51,4.14,2.14,1.71,2.36,1.59,True
5177,Serie A (Italy),2024,2026-01-29 21:00:00,Ser-Team-06,Ser-Team-10,FINISHED,0.0,4.0,0.31,0.98,6.09,2.92,1.8,3.73,1.29,4.35,1.22,True
5178,Serie A (Italy),2024,2026-01-29 16:00:00,Ser-Team-05,Ser-Team-13,FINISHED,2.0,3.0,0.81,0.48,2.08,2.84,4.4,3.17,1.36,4.02,1.24,True
5179,Serie A (Italy),2024,2026-01-29 13:00:00,Ser-Team-16,Ser-Team-01,FINISHED,1.0,3.0,0.58,1.85,6.09,4.37,1.49,2.02,1.79,1.87,1.94,True
5180,Serie A (Italy),2024,2026-01-29 18:00:00,Ser-Team-07,Ser-Team-15,FINISHED,1.0,1.0,1.07,1.13,2.02,3.36,3.77,2.2,1.68,2.49,1.54,True
5181,Serie A (Italy),2024,2026-01-29 21:00:00,Ser-Team-08,Ser-Team-03,FINISHED,0.0,1.0,1.53,2.04,3.66,4.58,1.76,1.4,2.95,1.35,3.21,True
5182,Serie A (Italy),2024,2026-01-29 16:00:00,Ser-Team-11,Ser-Team-02,FINISHED,1.0,3.0,0.99,1.22,3.77,3.06,2.16,2.63,1.49,3.22,1.35,True
5183,Serie A (Italy),2024,2026-01-29 21:00:00,Ser-Team-04,Ser-Team-14,FINISHED,0.0,1.0,1.07,0.62,2.25,2.92,3.74,2.79,1.44,3.56,1.29,True
5184,Serie A (Italy),2024,2026-01-29 13:00:00,Ser-Team-12,Ser-Team-09,FINISHED,1.0,0.0,1.53,0.98,1.96,3.38,3.91,2.2,1.67,2.47,1.55,True
5185,Bundesliga (Germany),2024,2026-01-29 16:00:00,Bun-Team-07,Bun-Team-14,FINISHED,4.0,1.0,2.01,1.53,1.83,4.35,3.48,1.48,2.66,1.46,2.7,True
5186,Bundesliga (Germany),2024,2026-01-29 18:00:00,Bun-Team-01,Bun-Team-04,FINISHED,6.0,1.0,1.51,1.09,1.72,3.78,4.73,2.06,1.76,2.14,1.71,True
5187,Bundesliga (Germany),2024,2026-01-29 18:00:00,Bun-Team-08,Bun-Team-05,FINISHED,1.0,0.0,0.57,0.97,4.51,2.68,2.13,3.55,1.3,4.84,1.19,True
5188,Bundesliga (Germany),2024,2026-01-29 13:00:00,Bun-Team-09,Bun-Team-03,FINISHED,0.0,1.0,1.22,0.47,1.53,3.39,8.75,3.89,1.27,3.68,1.29,True
5189,Bundesliga (Germany),2024,2026-01-29 18:00:00,Bun-Team-15,Bun-Team-12,FINISHED,2.0,1.0,1.22,0.64,2.19,3.09,3.58,2.47,1.54,2.96,1.4,True
5190,Bundesliga (Germany),2024,2026-01-29 21:00:00,Bun-Team-02,Bun-Team-13,FINISHED,0.0,2.0,1.5,1.42,2.17,3.83,3.02,1.67,2.23,1.77,2.04,True
5191,Bundesliga (Germany),2024,2026-01-29 13:00:00,Bun-Team-06,Bun-Team-10,FINISHED,1.0,5.0,1.54,0.98,1.73,3.86,4.52,1.97,1.85,2.03,1.8,True
5192,Bundesliga (Germany),2024,2026-01-29 21:00:00,Bun-Team-11,Bun-Team-16,FINISHED,1.0,0.0,1.29,1.03,2.12,3.52,3.25,1.95,1.87,2.14,1.7,True
5193,Ligue 1 (France),2024,2026-01-29 18:00:00,Lig-Team-10,Lig-Team-07,FINISHED,0.0,1.0,0.9,1.34,6.46,3.77,1.56,2.59,1.5,2.52,1.53,True
5194,Ligue 1 (France),2024,2026-01-29 18:00:00,Lig-Team-15,Lig-Team-08,FINISHED,3.0,0.0,1.82,0.48,1.44,4.07,8.3,2.83,1.45,2.5,1.55,True
5195,Ligue 1 (France),2024,2026-01-29 21:00:00,Lig-Team-02,Lig-Team-03,FINISHED,1.0,2.0,0.67,0.62,3.29,2.45,2.88,3.86,1.27,5.89,1.14,True
5196,Ligue 1 (France),2024,2026-01-29 21:00:00,Lig-Team-12,Lig-Team-01,FINISHED,3.0,2.0,1.37,1.18,1.93,3.57,3.85,2.03,1.79,2.2,1.68,True
5197,Ligue 1 (France),2024,2026-01-29 18:00:00,Lig-Team-11,Lig-Team-13,FINISHED,0.0,1.0,1.51,0.7,1.94,3.29,4.19,2.45,1.54,2.81,1.44,True
5198,Ligue 1 (France),2024,2026-01-29 13:00:00,Lig-Team-09,Lig-Team-04,FINISHED,2.0,0.0,0.68,0.8,2.34,2.68,3.83,3.36,1.34,4.63,1.18,True
5199,Ligue 1 (France),2024,2026-01-29 18:00:00,Lig-Team-05,Lig-Team-14,FINISHED,0.0,4.0,1.15,1.52,2.6,3.38,2.65,2.02,1.81,2.32,1.63,True
5200,Ligue 1 (France),2024,2026-01-29 21:00:00,Lig-Team-16,Lig-Team-06,FINISHED,3.0,3.0,1.58,1.41,2.34,3.29,3.05,2.1,1.76,2.46,1.56,True
5201,Premier League (England),2024,2026-02-04 18:00:00,Pre-Team-12,Pre-Team-14,FINISHED,0.0,1.0,0.77,0.92,2.62,3.25,2.66,2.12,1.72,2.52,1.56,True
5202,Premier League (England),2024,2026-02-04 21:00:00,Pre-Team-15,Pre-Team-08,FINISHED,2.0,0.0,0.87,0.41,1.88,3.04,4.95,3.01,1.4,3.54,1.3,True
5203,Premier League (England),2024,2026-02-04 18:00:00,Pre-Team-07,Pre-Team-02,FINISHED,0.0,3.0,1.13,1.99,6.62,5.03,1.41,1.77,2.04,1.56,2.43,True
5204,Premier League (England),2024,2026-02-04 18:00:00,Pre-Team-04,Pre-Team-05,FINISHED,2.0,0.0,1.58,0.67,1.72,3.57,5.06,2.34,1.59,2.5,1.55,True
5205,Premier League (England),2024,2026-02-04 21:00:00,Pre-Team-11,Pre-Team-13,FINISHED,2.0,1.0,1.92,0.96,1.75,3.76,4.38,1.99,1.81,2.07,1.77,True
5206,Premier League (England),2024,2026-02-04 21:00:00,Pre-Team-10,Pre-Team-16,FINISHED,0.0,2.0,0.98,1.22,5.24,3.25,1.78,2.78,1.45,3.08,1.38,True
5207,Premier League (England),2024,2026-02-04 18:00:00,Pre-Team-01,Pre-Team-09,FINISHED,0.0,0.0,1.36,0.65,1.99,3.22,4.11,2.47,1.54,2.9,1.42,True
5208,Premier League (England),2024,2026-02-04 16:00:00,Pre-Team-06,Pre-Team-03,FINISHED,0.0,1.0,1.1,0.9,2.54,3.25,2.77,2.14,1.72,2.54,1.53,True
5209,La Liga (Spain),2024,2026-02-04 13:00:00,La -Team-11,La -Team-13,FINISHED,0.0,0.0,1.17,0.5,2.09,2.94,4.12,2.91,1.42,3.66,1.28,True
5210,La Liga (Spain),2024,2026-02-04 16:00:00,La -Team-07,La -Team-03,FINISHED,2.0,3.0,1.39,1.37,2.24,3.7,2.88,1.7,2.17,1.83,2.0,True
5211,La Liga (Spain),2024,2026-02-04 13:00:00,La -Team-01,La -Team-06,FINISHED,2.0,2.0,1.05,1.4,2.59,3.59,2.52,1.77,2.03,1.97,1.86,True
5212,La Liga (Spain),2024,2026-02-04 16:00:00,La -Team-15,La -Team-02,FINISHED,0.0,1.0,1.22,1.38,2.16,3.76,2.96,1.68,2.15,1.8,2.02,True
5213,La Liga (Spain),2024,2026-02-04 13:00:00,La -Team-10,La -Team-14,FINISHED,2.0,0.0,1.04,1.25,2.97,3.3,2.4,2.12,1.74,2.46,1.56,True
5214,La Liga (Spain),2024,2026-02-04 16:00:00,La -Team-08,La -Team-04,FINISHED,1.0,1.0,0.92,0.78,2.02,2.75,5.01,3.63,1.29,4.72,1.19,True
5215,La Liga (Spain),2024,2026-02-04 18:00:00,La -Team-09,La -Team-05,FINISHED,0.0,0.0,1.1,2.32,4.3,4.52,1.64,1.51,2.55,1.46,2.76,True
5216,La Liga (Spain),2024,2026-02-04 13:00:00,La -Team-16,La -Team-12,FINISHED,1.0,0.0,0.77,1.83,6.6,4.21,1.48,2.25,1.65,2.09,1.75,True
5217,Serie A (Italy),2024,2026-02-04 18:00:00,Ser-Team-08,Ser-Team-14,FINISHED,1.0,2.0,1.0,2.1,5.41,4.55,1.54,1.74,2.1,1.63,2.26,True
5218,Serie A (Italy),2024,2026-02-04 13:00:00,Ser-Team-03,Ser-Team-11,FINISHED,1.0,1.0,1.53,0.92,1.88,3.61,3.95,2.02,1.81,2.16,1.71,True
5219,Serie A (Italy),2024,2026-02-04 13:00:00,Ser-Team-09,Ser-Team-16,FINISHED,1.0,1.0,1.63,0.76,1.57,4.09,5.55,2.01,1.81,1.96,1.85,True
5220,Serie A (Italy),2024,2026-02-04 13:00:00,Ser-Team-07,Ser-Team-06,FINISHED,1.0,1.0,1.12,0.14,1.84,2.66,7.0,4.82,1.18,5.81,1.13,True
5221,Serie A (Italy),2024,2026-02-04 16:00:00,Ser-Team-15,Ser-Team-01,FINISHED,1.0,1.0,0.69,1.22,4.51,3.27,1.86,2.49,1.55,2.81,1.43,True
5222,Serie A (Italy),2024,2026-02-04 16:00:00,Ser-Team-12,Ser-Team-02,FINISHED,1.0,2.0,1.47,0.46,2.23,3.15,3.35,2.3,1.63,2.74,1.46,True
5223,Serie A (Italy),2024,2026-02-04 13:00:00,Ser-Team-04,Ser-Team-13,FINISHED,0.0,0.0,0.92,0.56,1.95,3.0,4.73,2.97,1.4,3.6,1.3,True
5224,Serie A (Italy),2024,2026-02-04 16:00:00,Ser-Team-10,Ser-Team-05,FINISHED,2.0,1.0,1.58,1.25,2.54,3.33,2.72,2.01,1.79,2.32,1.61,True
5225,Bundesliga (Germany),2024,2026-02-04 21:00:00,Bun-Team-14,Bun-Team-15,FINISHED,2.0,0.0,0.97,1.91,4.18,4.06,1.74,1.76,2.05,1.8,2.03,True
5226,Bundesliga (Germany),2024,2026-02-04 16:00:00,Bun-Team-05,Bun-Team-16,FINISHED,1.0,0.0,1.28,0.78,1.8,3.33,4.96,2.59,1.5,2.89,1.42,True
5227,Bundesliga (Germany),2024,2026-02-04 21:00:00,Bun-Team-09,Bun-Team-08,FINISHED,0.0,1.0,1.17,0.35,1.57,3.09,9.83,4.89,1.19,4.66,1.19,True
5228,Bundesliga (Germany),2024,2026-02-04 16:00:00,Bun-Team-06,Bun-Team-13,FINISHED,1.0,1.0,2.2,1.04,1.49,4.88,5.26,1.56,2.46,1.44,2.86,True
5229,Bundesliga (Germany),2024,2026-02-04 21:00:00,Bun-Team-10,Bun-Team-04,FINISHED,4.0,0.0,1.44,0.91,1.86,3.5,4.22,2.19,1.69,2.38,1.6,True
5230,Bundesliga (Germany),2024,2026-02-04 18:00:00,Bun-Team-11,Bun-Team-07,FINISHED,2.0,2.0,0.72,1.88,3.07,3.71,2.16,1.73,2.1,1.87,1.96,True
5231,Bundesliga (Germany),2024,2026-02-04 13:00:00,Bun-Team-01,Bun-Team-02,FINISHED,0.0,0.0,1.19,0.9,2.01,3.45,3.68,2.1,1.74,2.34,1.6,True
5232,Bundesliga (Germany),2024,2026-02-04 21:00:00,Bun-Team-12,Bun-Team-03,FINISHED,3.0,0.0,1.61,0.63,1.42,4.19,8.44,2.75,1.45,2.41,1.57,True
5233,Ligue 1 (France),2024,2026-02-04 16:00:00,Lig-Team-15,Lig-Team-08,FINISHED,1.0,0.0,1.66,0.75,1.45,4.06,8.26,2.83,1.45,2.48,1.53,True
5234,Ligue 1 (France),2024,2026-02-04 16:00:00,Lig-Team-10,Lig-Team-13,FINISHED,0.0,1.0,0.69,0.91,4.02,3.17,1.99,2.46,1.53,2.88,1.42,True
5235,Ligue 1 (France),2024,2026-02-04 21:00:00,Lig-Team-07,Lig-Team-14,FINISHED,0.0,0.0,1.36,0.87,1.72,3.7,4.83,2.17,1.69,2.27,1.62,True
5236,Ligue 1 (France),2024,2026-02-04 18:00:00,Lig-Team-16,Lig-Team-11,FINISHED,3.0,0.0,0.93,0.96,3.29,2.83,2.43,2.83,1.44,3.7,1.28,True
5237,Ligue 1 (France),2024,2026-02-04 21:00:00,Lig-Team-12,Lig-Team-05,FINISHED,1.0,0.0,1.57,0.83,1.8,3.43,4.73,2.42,1.56,2.66,1.48,True
5238,Ligue 1 (France),2024,2026-02-04 18:00:00,Lig-Team-04,Lig-Team-03,FINISHED,3.0,0.0,0.53,0.51,2.38,2.49,4.32,4.12,1.24,6.09,1.13,True
5239,Ligue 1 (France),2024,2026-02-04 16:00:00,Lig-Team-02,Lig-Team-01,FINISHED,2.0,1.0,0.86,0.86,3.22,2.92,2.46,2.65,1.48,3.4,1.33,True
5240,Ligue 1 (France),2024,2026-02-04 21:00:00,Lig-Team-09,Lig-Team-06,FINISHED,4.0,0.0,2.02,0.77,1.64,4.21,4.62,1.78,2.05,1.76,2.09,True
5241,Premier League (England),2024,2026-02-05 18:00:00,Pre-Team-03,Pre-Team-15,FINISHED,1.0,0.0,1.25,1.35,2.17,3.23,3.46,2.26,1.64,2.65,1.48,True
5242,Premier League (England),2024,2026-02-05 13:00:00,Pre-Team-13,Pre-Team-08,FINISHED,0.0,0.0,1.26,0.82,1.8,3.07,5.54,3.18,1.37,3.68,1.28,True
5243,Premier League (England),2024,2026-02-05 21:00:00,Pre-Team-10,Pre-Team-02,FINISHED,0.0,2.0,0.64,1.55,7.08,4.23,1.46,2.34,1.61,2.12,1.73,True
5244,Premier League (England),2024,2026-02-05 13:00:00,Pre-Team-07,Pre-Team-11,FINISHED,1.0,3.0,1.55,2.52,5.3,5.43,1.44,1.38,3.04,1.25,3.94,True
5245,Premier League (England),2024,2026-02-05 21:00:00,Pre-Team-05,Pre-Team-01,FINISHED,2.0,0.0,1.3,0.78,2.49,3.15,2.94,2.29,1.65,2.75,1.46,True
5246,Premier League (England),2024,2026-02-05 13:00:00,Pre-Team-16,Pre-Team-04,FINISHED,0.0,0.0,0.62,0.96,3.01,2.9,2.6,2.7,1.47,3.5,1.3,True
5247,Premier League (England),2024,2026-02-05 13:00:00,Pre-Team-12,Pre-Team-06,FINISHED,1.0,2.0,1.19,1.25,2.49,3.71,2.55,1.7,2.14,1.82,1.98,True
5248,Premier League (England),2024,2026-02-05 18:00:00,Pre-Team-14,Pre-Team-09,FINISHED,2.0,2.0,0.55,0.62,2.73,2.54,3.33,3.51,1.3,5.14,1.17,True
5249,La Liga (Spain),2024,2026-02-05 21:00:00,La -Team-01,La -Team-09,FINISHED,2.0,5.0,2.4,1.55,1.78,4.54,3.58,1.4,2.98,1.37,3.19,True
5250,La Liga (Spain),2024,2026-02-05 18:00:00,La -Team-15,La -Team-08,FINISHED,0.0,0.0,0.58,1.01,3.07,2.84,2.61,2.78,1.44,3.64,1.29,True
5251,La Liga (Spain),2024,2026-02-05 16:00:00,La -Team-07,La -Team-03,FINISHED,1.0,2.0,1.61,1.52,2.24,3.72,2.89,1.69,2.15,1.81,1.97,True
5252,La Liga (Spain),2024,2026-02-05 16:00:00,La -Team-04,La -Team-06,FINISHED,2.0,1.0,1.17,1.25,2.95,2.87,2.69,2.72,1.47,3.57,1.31,True
5253,La Liga (Spain),2024,2026-02-05 16:00:00,La -Team-05,La -Team-13,FINISHED,1.0,1.0,1.74,0.67,1.69,3.66,5.17,2.29,1.65,2.35,1.6,True
5254,La Liga (Spain),2024,2026-02-05 13:00:00,La -Team-02,La -Team-14,FINISHED,3.0,3.0,0.86,1.52,3.32,3.75,2.04,1.74,2.09,1.85,1.94,True
5255,La Liga (Spain),2024,2026-02-05 18:00:00,La -Team-10,La -Team-11,FINISHED,0.0,1.0,1.09,1.45,2.34,3.13,3.17,2.33,1.6,2.86,1.44,True
5256,La Liga (Spain),2024,2026-02-05 21:00:00,La -Team-16,La -Team-12,FINISHED,0.0,1.0,0.65,1.97,6.67,4.25,1.48,2.25,1.65,2.1,1.75,True
5257,Serie A (Italy),2024,2026-02-05 18:00:00,Ser-Team-12,Ser-Team-09,FINISHED,1.0,0.0,1.24,0.71,1.97,3.37,3.92,2.21,1.68,2.47,1.55,True
5258,Serie A (Italy),2024,2026-02-05 21:00:00,Ser-Team-01,Ser-Team-05,FINISHED,2.0,0.0,0.58,0.77,2.25,2.88,3.69,2.81,1.43,3.6,1.28,True
5259,Serie A (Italy),2024,2026-02-05 16:00:00,Ser-Team-04,Ser-Team-13,FINISHED,2.0,1.0,1.16,0.43,1.95,3.01,4.7,2.99,1.4,3.57,1.31,True
5260,Serie A (Italy),2024,2026-02-05 21:00:00,Ser-Team-02,Ser-Team-03,FINISHED,2.0,1.0,1.39,1.0,1.91,3.45,4.02,2.17,1.69,2.41,1.59,True
5261,Serie A (Italy),2024,2026-02-05 18:00:00,Ser-Team-10,Ser-Team-11,FINISHED,6.0,0.0,2.17,1.01,1.57,4.26,5.29,1.87,1.95,1.81,2.01,True
5262,Serie A (Italy),2024,2026-02-05 13:00:00,Ser-Team-14,Ser-Team-07,FINISHED,0.0,0.0,1.45,0.96,1.94,3.37,4.09,2.32,1.62,2.59,1.51,True
5263,Serie A (Italy),2024,2026-02-05 21:00:00,Ser-Team-06,Ser-Team-08,FINISHED,0.0,0.0,0.41,0.99,2.94,2.74,2.8,2.96,1.41,4.05,1.25,True
5264,Serie A (Italy),2024,2026-02-05 16:00:00,Ser-Team-16,Ser-Team-15,FINISHED,2.0,2.0,0.97,1.43,2.8,3.5,2.39,1.88,1.93,2.12,1.73,True
5265,Bundesliga (Germany),2024,2026-02-05 16:00:00,Bun-Team-13,Bun-Team-06,FINISHED,2.0,1.0,1.59,1.89,3.38,4.26,1.9,1.51,2.61,1.5,2.6,True
5266,Bundesliga (Germany),2024,2026-02-05 18:00:00,Bun-Team-16,Bun-Team-11,FINISHED,0.0,1.0,1.38,0.96,2.4,3.45,2.82,1.93,1.86,2.17,1.69,True
5267,Bundesliga (Germany),2024,2026-02-05 18:00:00,Bun-Team-12,Bun-Team-15,FINISHED,0.0,0.0,0.7,0.92,2.66,3.01,2.81,2.44,1.56,3.06,1.39,True
5268,Bundesliga (Germany),2024,2026-02-05 16:00:00,Bun-Team-09,Bun-Team-14,FINISHED,2.0,1.0,1.81,0.67,1.52,4.31,5.84,1.97,1.83,1.86,1.95,True
5269,Bundesliga (Germany),2024,2026-02-05 16:00:00,Bun-Team-08,Bun-Team-07,FINISHED,0.0,1.0,0.46,0.82,4.35,2.9,2.08,3.08,1.38,3.89,1.25,True
5270,Bundesliga (Germany),2024,2026-02-05 21:00:00,Bun-Team-01,Bun-Team-02,FINISHED,1.0,0.0,1.53,0.8,2.04,3.43,3.65,2.08,1.74,2.35,1.59,True
5271,Bundesliga (Germany),2024,2026-02-05 21:00:00,Bun-Team-04,Bun-Team-03,FINISHED,2.0,1.0,1.15,0.92,2.06,3.18,3.82,2.43,1.56,2.87,1.43,True
5272,Bundesliga (Germany),2024,2026-02-05 21:00:00,Bun-Team-10,Bun-Team-05,FINISHED,1.0,0.0,0.93,0.66,2.47,2.97,3.1,2.5,1.53,3.12,1.36,True
5273,Ligue 1 (France),2024,2026-02-05 21:00:00,Lig-Team-13,Lig-Team-05,FINISHED,2.0,0.0,1.28,0.71,2.21,3.02,3.7,2.7,1.48,3.41,1.31,True
5274,Ligue 1 (France),2024,2026-02-05 16:00:00,Lig-Team-12,Lig-Team-07,FINISHED,0.0,1.0,0.86,1.01,2.79,3.01,2.7,2.46,1.55,3.15,1.38,True
5275,Ligue 1 (France),2024,2026-02-05 21:00:00,Lig-Team-04,Lig-Team-10,FINISHED,1.0,0.0,1.16,0.63,1.59,3.43,7.06,3.22,1.35,3.28,1.33,True
5276,Ligue 1 (France),2024,2026-02-05 21:00:00,Lig-Team-15,Lig-Team-09,FINISHED,1.0,1.0,1.1,0.91,1.93,3.6,3.86,2.03,1.8,2.17,1.7,True
5277,Ligue 1 (France),2024,2026-02-05 13:00:00,Lig-Team-02,Lig-Team-06,FINISHED,1.0,0.0,1.02,1.34,2.88,3.3,2.43,2.09,1.75,2.41,1.55,True
5278,Ligue 1 (France),2024,2026-02-05 18:00:00,Lig-Team-01,Lig-Team-11,FINISHED,0.0,0.0,1.28,1.38,2.88,3.45,2.38,1.94,1.88,2.17,1.68,True
5279,Ligue 1 (France),2024,2026-02-05 16:00:00,Lig-Team-08,Lig-Team-03,FINISHED,0.0,1.0,1.01,0.83,3.31,2.4,2.93,3.97,1.24,6.27,1.12,True
5280,Ligue 1 (France),2024,2026-02-05 18:00:00,Lig-Team-16,Lig-Team-14,FINISHED,0.0,0.0,1.25,1.03,2.51,3.03,2.98,2.46,1.56,3.1,1.36,True
5281,Premier League (England),2024,2026-02-11 13:00:00,Pre-Team-01,Pre-Team-08,FINISHED,4.0,0.0,1.8,1.12,1.54,3.8,6.89,2.7,1.47,2.6,1.5,True
5282,Premier League (England),2024,2026-02-11 13:00:00,Pre-Team-04,Pre-Team-15,FINISHED,4.0,0.0,1.52,0.43,1.48,4.22,6.59,2.24,1.66,2.06,1.78,True
5283,Premier League (England),2024,2026-02-11 21:00:00,Pre-Team-13,Pre-Team-06,FINISHED,2.0,0.0,0.97,0.99,2.18,3.16,3.54,2.37,1.58,2.88,1.43,True
5284,Premier League (England),2024,2026-02-11 18:00:00,Pre-Team-09,Pre-Team-05,FINISHED,2.0,1.0,0.69,1.08,2.97,2.68,2.86,3.12,1.37,4.37,1.22,True
5285,Premier League (England),2024,2026-02-11 21:00:00,Pre-Team-03,Pre-Team-12,FINISHED,1.0,0.0,1.77,1.16,1.76,4.02,4.05,1.74,2.11,1.77,2.07,True
5286,Premier League (England),2024,2026-02-11 16:00:00,Pre-Team-02,Pre-Team-14,FINISHED,3.0,0.0,1.25,0.42,1.7,3.2,6.33,3.25,1.34,3.57,1.3,True
5287,Premier League (England),2024,2026-02-11 16:00:00,Pre-Team-07,Pre-Team-16,FINISHED,1.0,0.0,0.81,1.73,4.72,3.81,1.72,2.05,1.79,2.1,1.75,True
5288,Premier League (England),2024,2026-02-11 18:00:00,Pre-Team-11,Pre-Team-10,FINISHED,3.0,1.0,2.36,1.08,1.26,6.09,9.53,1.85,1.96,1.47,2.74,True
5289,La Liga (Spain),2024,2026-02-11 16:00:00,La -Team-12,La -Team-01,FINISHED,5.0,0.0,2.45,0.58,1.43,4.75,6.84,1.97,1.84,1.75,2.11,True
5290,La Liga (Spain),2024,2026-02-11 16:00:00,La -Team-04,La -Team-07,FINISHED,3.0,0.0,1.26,0.62,2.18,2.71,4.3,3.37,1.34,4.46,1.19,True
5291,La Liga (Spain),2024,2026-02-11 21:00:00,La -Team-02,La -Team-03,FINISHED,1.0,3.0,2.62,1.37,1.44,5.71,5.11,1.29,3.56,1.17,4.99,True
5292,La Liga (Spain),2024,2026-02-11 21:00:00,La -Team-10,La -Team-13,FINISHED,2.0,0.0,1.21,0.87,1.91,3.48,4.04,2.14,1.69,2.39,1.6,True
5293,La Liga (Spain),2024,2026-02-11 13:00:00,La -Team-09,La -Team-05,FINISHED,0.0,0.0,1.48,2.45,4.26,4.55,1.65,1.51,2.57,1.45,2.76,True
5294,La Liga (Spain),2024,2026-02-11 18:00:00,La -Team-16,La -Team-11,FINISHED,1.0,0.0,0.48,1.1,4.04,3.11,2.05,2.62,1.51,3.1,1.36,True
5295,La Liga (Spain),2024,2026-02-11 13:00:00,La -Team-06,La -Team-14,FINISHED,2.0,1.0,0.91,1.52,3.23,3.19,2.29,2.27,1.65,2.69,1.47,True
5296,La Liga (Spain),2024,2026-02-11 21:00:00,La -Team-15,La -Team-08,FINISHED,1.0,0.0,1.12,0.5,3.06,2.84,2.61,2.78,1.45,3.66,1.29,True
5297,Serie A (Italy),2024,2026-02-11 18:00:00,Ser-Team-12,Ser-Team-01,FINISHED,0.0,0.0,1.3,1.5,2.67,3.26,2.64,2.13,1.72,2.5,1.53,True
5298,Serie A (Italy),2024,2026-02-11 13:00:00,Ser-Team-14,Ser-Team-03,FINISHED,3.0,2.0,1.37,0.81,1.85,3.55,4.18,2.11,1.73,2.29,1.64,True
5299,Serie A (Italy),2024,2026-02-11 21:00:00,Ser-Team-15,Ser-Team-07,FINISHED,1.0,1.0,0.93,0.99,2.78,3.21,2.58,2.15,1.69,2.56,1.51,True
5300,Serie A (Italy),2024,2026-02-11 16:00:00,Ser-Team-04,Ser-Team-13,FINISHED,3.0,0.0,1.14,0.53,1.92,3.01,4.74,2.96,1.4,3.6,1.31,True
5301,Serie A (Italy),2024,2026-02-11 16:00:00,Ser-Team-16,Ser-Team-11,FINISHED,1.0,1.0,0.98,1.33,2.64,3.49,2.55,1.88,1.95,2.1,1.75,True
5302,Serie A (Italy),2024,2026-02-11 13:00:00,Ser-Team-08,Ser-Team-09,FINISHED,0.0,1.0,0.88,1.91,4.16,4.17,1.72,1.68,2.24,1.65,2.25,True
5303,Serie A (Italy),2024,2026-02-11 18:00:00,Ser-Team-02,Ser-Team-06,FINISHED,2.0,0.0,1.08,0.15,1.77,2.55,9.14,6.34,1.12,7.2,1.09,True
5304,Serie A (Italy),2024,2026-02-11 18:00:00,Ser-Team-10,Ser-Team-05,FINISHED,1.0,0.0,0.88,1.29,2.53,3.33,2.7,2.03,1.81,2.35,1.61,True
5305,Bundesliga (Germany),2024,2026-02-11 16:00:00,Bun-Team-14,Bun-Team-10,FINISHED,0.0,0.0,1.71,1.08,2.45,3.87,2.56,1.6,2.36,1.68,2.22,True
5306,Bundesliga (Germany),2024,2026-02-11 18:00:00,Bun-Team-12,Bun-Team-01,FINISHED,1.0,3.0,1.4,0.8,1.91,3.52,4.04,2.1,1.75,2.28,1.64,True
5307,Bundesliga (Germany),2024,2026-02-11 16:00:00,Bun-Team-02,Bun-Team-15,FINISHED,1.0,0.0,1.1,1.13,4.04,3.15,2.02,2.48,1.54,2.95,1.4,True
5308,Bundesliga (Germany),2024,2026-02-11 21:00:00,Bun-Team-07,Bun-Team-04,FINISHED,2.0,0.0,1.72,0.83,1.78,3.75,4.29,1.97,1.84,2.05,1.77,True
5309,Bundesliga (Germany),2024,2026-02-11 21:00:00,Bun-Team-11,Bun-Team-08,FINISHED,0.0,2.0,1.22,1.03,2.01,3.11,4.15,2.63,1.49,3.12,1.38,True
5310,Bundesliga (Germany),2024,2026-02-11 13:00:00,Bun-Team-06,Bun-Team-05,FINISHED,1.0,0.0,1.29,0.97,1.77,3.78,4.38,1.96,1.84,2.07,1.76,True
5311,Bundesliga (Germany),2024,2026-02-11 18:00:00,Bun-Team-13,Bun-Team-03,FINISHED,2.0,1.0,1.76,0.91,1.71,3.77,4.85,2.1,1.75,2.14,1.7,True
5312,Bundesliga (Germany),2024,2026-02-11 18:00:00,Bun-Team-09,Bun-Team-16,FINISHED,0.0,0.0,1.46,0.44,1.56,3.52,7.83,3.36,1.34,3.23,1.34,True
5313,Ligue 1 (France),2024,2026-02-11 21:00:00,Lig-Team-08,Lig-Team-12,FINISHED,0.0,3.0,0.62,1.16,4.06,2.81,2.18,3.08,1.39,4.04,1.25,True
5314,Ligue 1 (France),2024,2026-02-11 18:00:00,Lig-Team-15,Lig-Team-14,FINISHED,4.0,1.0,2.52,0.88,1.46,4.76,6.0,1.74,2.1,1.58,2.36,True
5315,Ligue 1 (France),2024,2026-02-11 13:00:00,Lig-Team-10,Lig-Team-09,FINISHED,2.0,1.0,0.69,1.81,5.86,3.77,1.6,2.39,1.59,2.38,1.58,True
5316,Ligue 1 (France),2024,2026-02-11 18:00:00,Lig-Team-04,Lig-Team-06,FINISHED,2.0,1.0,1.34,1.37,1.98,3.37,3.88,2.24,1.66,2.5,1.53,True
5317,Ligue 1 (France),2024,2026-02-11 21:00:00,Lig-Team-02,Lig-Team-16,FINISHED,1.0,0.0,0.33,0.53,3.32,2.36,2.95,4.06,1.26,6.47,1.11,True
5318,Ligue 1 (France),2024,2026-02-11 18:00:00,Lig-Team-11,Lig-Team-13,FINISHED,2.0,0.0,1.08,0.88,1.95,3.27,4.2,2.44,1.55,2.79,1.43,True
5319,Ligue 1 (France),2024,2026-02-11 16:00:00,Lig-Team-01,Lig-Team-05,FINISHED,1.0,2.0,1.8,1.13,2.01,3.38,3.69,2.16,1.7,2.42,1.58,True
5320,Ligue 1 (France),2024,2026-02-11 21:00:00,Lig-Team-03,Lig-Team-07,FINISHED,1.0,1.0,0.46,0.63,3.81,2.71,2.32,3.19,1.35,4.34,1.23,True
5321,Premier League (England),2024,2026-02-12 13:00:00,Pre-Team-09,Pre-Team-07,FINISHED,2.0,1.0,1.87,1.08,1.74,3.94,4.35,1.85,1.95,1.88,1.94,True
5322,Premier League (England),2024,2026-02-12 21:00:00,Pre-Team-08,Pre-Team-14,FINISHED,0.0,2.0,0.91,0.74,3.71,2.55,2.52,3.65,1.29,5.29,1.16,True
5323,Premier League (England),2024,2026-02-12 18:00:00,Pre-Team-13,Pre-Team-04,FINISHED,1.0,1.0,1.05,1.6,3.91,3.4,1.97,2.19,1.68,2.49,1.55,True
5324,Premier League (England),2024,2026-02-12 21:00:00,Pre-Team-05,Pre-Team-12,FINISHED,1.0,0.0,1.63,1.0,1.7,3.83,4.62,2.0,1.82,2.04,1.78,True
5325,Premier League (England),2024,2026-02-12 16:00:00,Pre-Team-11,Pre-Team-02,FINISHED,2.0,1.0,0.83,1.26,2.69,3.42,2.52,1.94,1.87,2.19,1.69,True
5326,Premier League (England),2024,2026-02-12 18:00:00,Pre-Team-01,Pre-Team-06,FINISHED,1.0,0.0,1.38,0.94,1.84,3.68,4.14,2.04,1.82,2.17,1.7,True
5327,Premier League (England),2024,2026-02-12 13:00:00,Pre-Team-15,Pre-Team-16,FINISHED,0.0,2.0,0.57,1.12,3.58,2.75,2.45,3.19,1.36,4.32,1.22,True
5328,Premier League (England),2024,2026-02-12 18:00:00,Pre-Team-03,Pre-Team-10,FINISHED,1.0,0.0,1.93,0.98,1.59,4.08,5.44,2.05,1.77,2.01,1.79,True
5329,La Liga (Spain),2024,2026-02-12 16:00:00,La -Team-04,La -Team-16,FINISHED,0.0,0.0,0.99,0.64,2.02,3.01,4.25,2.84,1.45,3.4,1.33,True
5330,La Liga (Spain),2024,2026-02-12 13:00:00,La -Team-06,La -Team-05,FINISHED,2.0,2.0,1.11,1.63,2.95,3.41,2.34,1.95,1.85,2.2,1.67,True
5331,La Liga (Spain),2024,2026-02-12 18:00:00,La -Team-02,La -Team-07,FINISHED,1.0,2.0,1.64,1.19,1.65,4.07,4.94,1.91,1.88,1.9,1.92,True
5332,La Liga (Spain),2024,2026-02-12 18:00:00,La -Team-14,La -Team-08,FINISHED,1.0,1.0,0.98,0.69,2.24,2.86,3.81,2.91,1.43,3.74,1.27,True
5333,La Liga (Spain),2024,2026-02-12 18:00:00,La -Team-03,La -Team-12,FINISHED,0.0,2.0,0.87,2.5,6.79,5.42,1.36,1.62,2.31,1.42,2.95,True
5334,La Liga (Spain),2024,2026-02-12 13:00:00,La -Team-09,La -Team-01,FINISHED,1.0,1.0,1.59,1.69,2.43,4.26,2.41,1.36,3.11,1.37,3.05,True
5335,La Liga (Spain),2024,2026-02-12 21:00:00,La -Team-15,La -Team-13,FINISHED,1.0,1.0,1.14,0.96,2.2,3.09,3.56,2.47,1.54,3.0,1.41,True
5336,La Liga (Spain),2024,2026-02-12 18:00:00,La -Team-10,La -Team-11,FINISHED,0.0,1.0,1.16,1.12,2.34,3.14,3.2,2.34,1.6,2.84,1.44,True
5337,Serie A (Italy),2024,2026-02-12 18:00:00,Ser-Team-11,Ser-Team-15,FINISHED,0.0,0.0,1.1,0.69,2.54,3.05,2.94,2.42,1.58,3.01,1.39,True
5338,Serie A (Italy),2024,2026-02-12 16:00:00,Ser-Team-06,Ser-Team-04,FINISHED,1.0,0.0,0.27,1.24,7.96,2.45,1.91,6.19,1.12,7.79,1.08,True
5339,Serie A (Italy),2024,2026-02-12 16:00:00,Ser-Team-02,Ser-Team-12,FINISHED,2.0,1.0,1.2,0.97,2.52,3.14,2.95,2.29,1.63,2.77,1.44,True
5340,Serie A (Italy),2024,2026-02-12 13:00:00,Ser-Team-05,Ser-Team-16,FINISHED,0.0,1.0,1.68,0.59,1.41,4.46,7.83,2.36,1.59,2.06,1.76,True
5341,Serie A (Italy),2024,2026-02-12 13:00:00,Ser-Team-10,Ser-Team-14,FINISHED,3.0,1.0,1.53,1.41,2.35,3.47,2.83,1.88,1.94,2.1,1.75,True
5342,Serie A (Italy),2024,2026-02-12 13:00:00,Ser-Team-13,Ser-Team-01,FINISHED,1.0,1.0,1.31,0.9,3.6,2.94,2.27,2.69,1.47,3.4,1.32,True
5343,Serie A (Italy),2024,2026-02-12 16:00:00,Ser-Team-09,Ser-Team-07,FINISHED,0.0,1.0,0.82,0.94,2.22,3.24,3.34,2.2,1.68,2.59,1.51,True
5344,Serie A (Italy),2024,2026-02-12 21:00:00,Ser-Team-08,Ser-Team-03,FINISHED,0.0,1.0,1.93,1.84,3.66,4.54,1.76,1.4,2.94,1.36,3.19,True
5345,Bundesliga (Germany),2024,2026-02-12 21:00:00,Bun-Team-05,Bun-Team-16,FINISHED,4.0,0.0,1.06,0.95,1.8,3.3,4.96,2.6,1.51,2.88,1.42,True
5346,Bundesliga (Germany),2024,2026-02-12 13:00:00,Bun-Team-07,Bun-Team-15,FINISHED,0.0,4.0,0.64,0.94,3.63,3.11,2.14,2.46,1.54,2.97,1.4,True
5347,Bundesliga (Germany),2024,2026-02-12 21:00:00,Bun-Team-08,Bun-Team-12,FINISHED,0.0,3.0,0.59,1.66,6.28,3.21,1.69,3.23,1.36,3.47,1.31,True
5348,Bundesliga (Germany),2024,2026-02-12 13:00:00,Bun-Team-10,Bun-Team-06,FINISHED,1.0,4.0,0.88,1.05,3.17,3.5,2.18,1.93,1.89,2.13,1.73,True
5349,Bundesliga (Germany),2024,2026-02-12 13:00:00,Bun-Team-09,Bun-Team-11,FINISHED,0.0,1.0,1.67,0.67,1.47,4.12,7.4,2.52,1.53,2.29,1.62,True
5350,Bundesliga (Germany),2024,2026-02-12 16:00:00,Bun-Team-03,Bun-Team-14,FINISHED,1.0,4.0,1.36,1.55,3.16,3.72,2.11,1.75,2.08,1.89,1.92,True
5351,Bundesliga (Germany),2024,2026-02-12 13:00:00,Bun-Team-13,Bun-Team-04,FINISHED,3.0,0.0,1.82,1.01,1.85,4.08,3.8,1.64,2.24,1.67,2.23,True
5352,Bundesliga (Germany),2024,2026-02-12 16:00:00,Bun-Team-01,Bun-Team-02,FINISHED,0.0,3.0,1.49,1.33,2.01,3.43,3.63,2.08,1.75,2.34,1.61,True
5353,Ligue 1 (France),2024,2026-02-12 18:00:00,Lig-Team-07,Lig-Team-05,FINISHED,2.0,1.0,1.15,0.77,1.7,3.38,5.74,2.81,1.44,3.0,1.4,True
5354,Ligue 1 (France),2024,2026-02-12 18:00:00,Lig-Team-14,Lig-Team-13,FINISHED,0.0,1.0,1.23,1.04,2.3,3.26,3.09,2.13,1.73,2.47,1.55,True
5355,Ligue 1 (France),2024,2026-02-12 21:00:00,Lig-Team-09,Lig-Team-11,FINISHED,0.0,0.0,1.04,1.12,2.28,3.22,3.24,2.25,1.66,2.64,1.48,True
5356,Ligue 1 (France),2024,2026-02-12 16:00:00,Lig-Team-04,Lig-Team-03,FINISHED,0.0,2.0,0.63,0.85,2.35,2.46,4.32,4.13,1.23,6.19,1.13,True
5357,Ligue 1 (France),2024,2026-02-12 16:00:00,Lig-Team-12,Lig-Team-15,FINISHED,0.0,1.0,1.12,1.44,3.02,3.53,2.28,1.89,1.92,2.1,1.73,True
5358,Ligue 1 (France),2024,2026-02-12 18:00:00,Lig-Team-02,Lig-Team-06,FINISHED,2.0,1.0,0.93,0.86,2.89,3.28,2.45,2.1,1.74,2.45,1.56,True
5359,Ligue 1 (France),2024,2026-02-12 18:00:00,Lig-Team-01,Lig-Team-16,FINISHED,0.0,1.0,1.12,0.79,2.28,2.99,3.45,2.65,1.5,3.33,1.33,True
5360,Ligue 1 (France),2024,2026-02-12 16:00:00,Lig-Team-10,Lig-Team-08,FINISHED,2.0,2.0,0.54,1.04,3.14,2.77,2.62,2.97,1.42,3.96,1.25,True
5361,Premier League (England),2024,2026-02-18 13:00:00,Pre-Team-12,Pre-Team-03,FINISHED,1.0,2.0,0.96,1.51,2.79,3.68,2.29,1.72,2.15,1.83,1.99,True
5362,Premier League (England),2024,2026-02-18 13:00:00,Pre-Team-09,Pre-Team-13,FINISHED,1.0,0.0,0.6,0.51,2.73,2.73,3.05,2.96,1.42,4.05,1.24,True
5363,Premier League (England),2024,2026-02-18 21:00:00,Pre-Team-06,Pre-Team-10,FINISHED,1.0,1.0,1.43,0.81,1.7,3.85,4.75,2.01,1.79,2.07,1.77,True
5364,Premier League (England),2024,2026-02-18 13:00:00,Pre-Team-04,Pre-Team-01,FINISHED,1.0,1.0,1.61,0.5,1.67,4.0,4.61,1.91,1.92,1.91,1.91,True
5365,Premier League (England),2024,2026-02-18 16:00:00,Pre-Team-08,Pre-Team-14,FINISHED,1.0,0.0,0.53,0.96,3.73,2.52,2.52,3.63,1.28,5.33,1.17,True
5366,Premier League (England),2024,2026-02-18 16:00:00,Pre-Team-16,Pre-Team-02,FINISHED,2.0,3.0,0.74,0.84,3.14,2.6,2.84,3.34,1.34,4.75,1.18,True
5367,Premier League (England),2024,2026-02-18 18:00:00,Pre-Team-07,Pre-Team-05,FINISHED,0.0,2.0,1.38,2.19,3.75,3.89,1.85,1.74,2.11,1.79,2.08,True
5368,Premier League (England),2024,2026-02-18 16:00:00,Pre-Team-15,Pre-Team-11,FINISHED,1.0,2.0,1.07,1.14,3.38,3.61,2.04,1.87,1.94,2.01,1.79,True
5369,La Liga (Spain),2024,2026-02-18 18:00:00,La -Team-02,La -Team-07,FINISHED,1.0,1.0,1.93,1.17,1.64,4.03,4.97,1.93,1.88,1.89,1.9,True
5370,La Liga (Spain),2024,2026-02-18 16:00:00,La -Team-14,La -Team-15,FINISHED,2.0,1.0,1.6,0.89,1.79,3.39,4.87,2.55,1.52,2.78,1.47,True
5371,La Liga (Spain),2024,2026-02-18 21:00:00,La -Team-03,La -Team-13,FINISHED,1.0,3.0,1.43,1.39,2.8,3.83,2.26,1.64,2.31,1.72,2.16,True
5372,La Liga (Spain),2024,2026-02-18 21:00:00,La -Team-09,La -Team-16,FINISHED,1.0,1.0,1.38,1.26,1.86,4.15,3.57,1.55,2.47,1.57,2.43,True
5373,La Liga (Spain),2024,2026-02-18 18:00:00,La -Team-05,La -Team-04,FINISHED,1.0,0.0,1.5,0.57,1.75,3.35,5.35,2.72,1.47,2.94,1.4,True
5374,La Liga (Spain),2024,2026-02-18 21:00:00,La -Team-12,La -Team-11,FINISHED,3.0,0.0,1.51,0.75,1.81,3.27,4.9,2.65,1.48,2.99,1.4,True
5375,La Liga (Spain),2024,2026-02-18 21:00:00,La -Team-01,La -Team-08,FINISHED,0.0,5.0,0.55,0.94,3.27,3.21,2.27,2.23,1.66,2.63,1.5,True
5376,La Liga (Spain),2024,2026-02-18 16:00:00,La -Team-06,La -Team-10,FINISHED,0.0,4.0,1.61,1.26,2.39,3.44,2.84,1.89,1.91,2.13,1.71,True
5377,Serie A (Italy),2024,2026-02-18 13:00:00,Ser-Team-03,Ser-Team-15,FINISHED,0.0,1.0,1.59,1.06,2.0,3.56,3.64,1.99,1.81,2.18,1.68,True
5378,Serie A (Italy),2024,2026-02-18 18:00:00,Ser-Team-13,Ser-Team-06,FINISHED,1.0,0.0,0.67,0.32,1.98,2.39,7.51,6.26,1.12,8.34,1.08,True
5379,Serie A (Italy),2024,2026-02-18 21:00:00,Ser-Team-12,Ser-Team-07,FINISHED,2.0,1.0,1.97,1.0,1.8,3.79,4.23,1.97,1.84,2.04,1.77,True
5380,Serie A (Italy),2024,2026-02-18 21:00:00,Ser-Team-01,Ser-Team-14,FINISHED,1.0,3.0,1.01,0.9,2.06,3.07,3.9,2.59,1.49,3.15,1.36,True
5381,Serie A (Italy),2024,2026-02-18 16:00:00,Ser-Team-02,Ser-Team-04,FINISHED,2.0,3.0,0.65,1.03,2.9,2.78,2.8,2.84,1.42,3.84,1.27,True
5382,Serie A (Italy),2024,2026-02-18 13:00:00,Ser-Team-11,Ser-Team-05,FINISHED,0.0,2.0,0.8,1.36,4.24,2.98,2.04,2.82,1.43,3.47,1.32,True
5383,Serie A (Italy),2024,2026-02-18 13:00:00,Ser-Team-10,Ser-Team-09,FINISHED,4.0,2.0,1.32,1.14,2.0,3.68,3.48,1.85,1.95,1.98,1.83,True
5384,Serie A (Italy),2024,2026-02-18 18:00:00,Ser-Team-08,Ser-Team-16,FINISHED,0.0,3.0,1.75,1.68,2.24,4.41,2.57,1.33,3.33,1.33,3.4,True
5385,Bundesliga (Germany),2024,2026-02-18 16:00:00,Bun-Team-09,Bun-Team-10,FINISHED,1.0,1.0,1.05,0.65,1.94,2.97,4.93,3.17,1.37,3.84,1.26,True
5386,Bundesliga (Germany),2024,2026-02-18 18:00:00,Bun-Team-14,Bun-Team-08,FINISHED,1.0,2.0,1.31,0.84,1.66,3.83,5.15,2.15,1.71,2.17,1.69,True
5387,Bundesliga (Germany),2024,2026-02-18 21:00:00,Bun-Team-03,Bun-Team-01,FINISHED,2.0,1.0,0.59,0.98,4.24,3.11,2.03,2.62,1.49,3.14,1.37,True
5388,Bundesliga (Germany),2024,2026-02-18 16:00:00,Bun-Team-15,Bun-Team-13,FINISHED,0.0,0.0,1.5,1.04,1.54,4.1,5.96,2.13,1.73,2.03,1.8,True
5389,Bundesliga (Germany),2024,2026-02-18 13:00:00,Bun-Team-05,Bun-Team-02,FINISHED,0.0,2.0,0.95,0.83,2.19,3.22,3.42,2.26,1.66,2.65,1.48,True
5390,Bundesliga (Germany),2024,2026-02-18 13:00:00,Bun-Team-06,Bun-Team-12,FINISHED,2.0,1.0,1.31,1.25,2.2,3.69,3.0,1.74,2.12,1.87,1.94,True
5391,Bundesliga (Germany),2024,2026-02-18 21:00:00,Bun-Team-16,Bun-Team-04,FINISHED,1.0,1.0,0.9,1.07,2.54,3.24,2.77,2.15,1.71,2.51,1.51,True
5392,Bundesliga (Germany),2024,2026-02-18 16:00:00,Bun-Team-11,Bun-Team-07,FINISHED,1.0,2.0,1.13,1.25,3.06,3.73,2.14,1.75,2.1,1.85,1.95,True
5393,Ligue 1 (France),2024,2026-02-18 16:00:00,Lig-Team-14,Lig-Team-07,FINISHED,0.0,2.0,1.21,1.09,3.36,3.37,2.15,2.12,1.73,2.41,1.56,True
5394,Ligue 1 (France),2024,2026-02-18 13:00:00,Lig-Team-06,Lig-Team-13,FINISHED,0.0,0.0,1.13,1.47,2.3,3.56,2.86,1.82,1.98,2.0,1.79,True
5395,Ligue 1 (France),2024,2026-02-18 21:00:00,Lig-Team-11,Lig-Team-16,FINISHED,0.0,0.0,1.14,0.65,1.96,3.01,4.58,2.87,1.43,3.45,1.31,True
5396,Ligue 1 (France),2024,2026-02-18 21:00:00,Lig-Team-03,Lig-Team-05,FINISHED,2.0,1.0,1.01,0.82,2.37,2.78,3.56,3.01,1.4,4.03,1.25,True
5397,Ligue 1 (France),2024,2026-02-18 13:00:00,Lig-Team-09,Lig-Team-10,FINISHED,0.0,0.0,1.98,0.16,1.36,4.61,9.12,2.55,1.52,2.11,1.74,True
5398,Ligue 1 (France),2024,2026-02-18 13:00:00,Lig-Team-08,Lig-Team-04,FINISHED,1.0,0.0,0.79,1.11,4.12,2.33,2.57,4.51,1.21,7.18,1.1,True
5399,Ligue 1 (France),2024,2026-02-18 21:00:00,Lig-Team-12,Lig-Team-15,FINISHED,2.0,1.0,1.33,0.86,2.99,3.5,2.27,1.88,1.92,2.09,1.75,True
5400,Ligue 1 (France),2024,2026-02-18 21:00:00,Lig-Team-02,Lig-Team-01,FINISHED,1.0,2.0,1.04,1.15,3.22,2.92,2.44,2.64,1.5,3.37,1.32,True
5401,Premier League (England),2024,2026-02-19 16:00:00,Pre-Team-16,Pre-Team-08,FINISHED,0.0,0.0,1.07,0.21,1.67,2.98,7.78,4.29,1.23,4.52,1.21,True
5402,Premier League (England),2024,2026-02-19 16:00:00,Pre-Team-11,Pre-Team-14,FINISHED,1.0,0.0,1.6,0.91,1.71,3.61,4.99,2.33,1.62,2.45,1.57,True
5403,Premier League (England),2024,2026-02-19 21:00:00,Pre-Team-12,Pre-Team-04,FINISHED,2.0,1.0,0.52,2.1,5.61,4.79,1.49,1.67,2.2,1.54,2.51,True
5404,Premier League (England),2024,2026-02-19 13:00:00,Pre-Team-06,Pre-Team-09,FINISHED,1.0,0.0,0.67,0.86,2.53,2.9,3.15,2.67,1.48,3.4,1.32,True
5405,Premier League (England),2024,2026-02-19 13:00:00,Pre-Team-05,Pre-Team-02,FINISHED,0.0,1.0,0.72,1.04,3.54,2.9,2.32,2.76,1.46,3.56,1.3,True
5406,Premier League (England),2024,2026-02-19 21:00:00,Pre-Team-13,Pre-Team-10,FINISHED,2.0,2.0,1.57,1.06,1.64,3.79,5.35,2.26,1.67,2.28,1.64,True
5407,Premier League (England),2024,2026-02-19 21:00:00,Pre-Team-01,Pre-Team-03,FINISHED,2.0,3.0,1.24,0.89,1.98,3.53,3.64,2.02,1.82,2.2,1.67,True
5408,Premier League (England),2024,2026-02-19 16:00:00,Pre-Team-07,Pre-Team-15,FINISHED,1.0,0.0,1.94,1.96,2.92,3.91,2.16,1.59,2.38,1.63,2.27,True
5409,La Liga (Spain),2024,2026-02-19 21:00:00,La -Team-01,La -Team-15,FINISHED,2.0,1.0,1.18,1.23,2.5,3.46,2.71,1.92,1.91,2.16,1.71,True
5410,La Liga (Spain),2024,2026-02-19 16:00:00,La -Team-04,La -Team-13,FINISHED,0.0,2.0,0.51,0.78,2.65,2.7,3.23,3.1,1.38,4.27,1.23,True
5411,La Liga (Spain),2024,2026-02-19 21:00:00,La -Team-07,La -Team-11,FINISHED,0.0,1.0,0.39,1.0,4.07,2.81,2.17,3.09,1.37,4.02,1.25,True
5412,La Liga (Spain),2024,2026-02-19 18:00:00,La -Team-09,La -Team-03,FINISHED,3.0,0.0,2.25,1.91,1.79,5.06,3.32,1.22,4.35,1.16,5.24,True
5413,La Liga (Spain),2024,2026-02-19 21:00:00,La -Team-12,La -Team-08,FINISHED,1.0,1.0,1.01,0.53,1.97,3.09,4.22,2.68,1.48,3.17,1.36,True
5414,La Liga (Spain),2024,2026-02-19 18:00:00,La -Team-14,La -Team-10,FINISHED,0.0,2.0,1.54,0.93,1.89,3.51,4.14,2.14,1.7,2.37,1.6,True
5415,La Liga (Spain),2024,2026-02-19 18:00:00,La -Team-16,La -Team-06,FINISHED,0.0,0.0,0.83,1.44,3.7,3.46,2.02,2.09,1.77,2.34,1.61,True
5416,La Liga (Spain),2024,2026-02-19 16:00:00,La -Team-05,La -Team-02,FINISHED,3.0,1.0,2.31,0.83,1.63,4.46,4.52,1.59,2.35,1.54,2.51,True
5417,Serie A (Italy),2024,2026-02-19 13:00:00,Ser-Team-10,Ser-Team-01,FINISHED,0.0,1.0,1.39,1.67,2.84,3.61,2.32,1.8,2.03,1.97,1.85,True
5418,Serie A (Italy),2024,2026-02-19 18:00:00,Ser-Team-12,Ser-Team-14,FINISHED,1.0,0.0,1.2,1.08,2.25,3.2,3.26,2.25,1.67,2.66,1.48,True
5419,Serie A (Italy),2024,2026-02-19 16:00:00,Ser-Team-04,Ser-Team-15,FINISHED,1.0,0.0,1.09,0.39,1.66,3.53,6.09,2.78,1.44,2.93,1.42,True
5420,Serie A (Italy),2024,2026-02-19 18:00:00,Ser-Team-08,Ser-Team-03,FINISHED,1.0,2.0,1.47,2.04,3.66,4.58,1.75,1.4,2.97,1.35,3.21,True
5421,Serie A (Italy),2024,2026-02-19 16:00:00,Ser-Team-05,Ser-Team-02,FINISHED,0.0,0.0,1.0,0.58,2.36,2.74,3.64,3.07,1.37,4.09,1.23,True
5422,Serie A (Italy),2024,2026-02-19 16:00:00,Ser-Team-13,Ser-Team-06,FINISHED,3.0,0.0,0.86,0.41,1.99,2.36,7.45,6.23,1.12,8.36,1.07,True
5423,Serie A (Italy),2024,2026-02-19 16:00:00,Ser-Team-07,Ser-Team-09,FINISHED,0.0,0.0,0.95,0.89,2.48,3.22,2.89,2.2,1.68,2.62,1.5,True
5424,Serie A (Italy),2024,2026-02-19 21:00:00,Ser-Team-11,Ser-Team-16,FINISHED,2.0,0.0,1.6,1.07,1.97,3.65,3.67,1.91,1.92,2.04,1.79,True
5425,Bundesliga (Germany),2024,2026-02-19 18:00:00,Bun-Team-04,Bun-Team-06,FINISHED,0.0,5.0,1.13,1.99,4.41,4.18,1.67,1.74,2.11,1.72,2.14,True
5426,Bundesliga (Germany),2024,2026-02-19 21:00:00,Bun-Team-15,Bun-Team-08,FINISHED,0.0,0.0,1.43,0.64,1.47,3.45,10.68,4.43,1.22,3.83,1.27,True
5427,Bundesliga (Germany),2024,2026-02-19 13:00:00,Bun-Team-16,Bun-Team-10,FINISHED,2.0,1.0,1.0,1.05,3.42,3.09,2.27,2.52,1.55,3.09,1.39,True
5428,Bundesliga (Germany),2024,2026-02-19 18:00:00,Bun-Team-05,Bun-Team-13,FINISHED,2.0,0.0,1.7,0.65,2.02,3.64,3.42,1.86,1.96,1.99,1.82,True
5429,Bundesliga (Germany),2024,2026-02-19 18:00:00,Bun-Team-11,Bun-Team-01,FINISHED,0.0,1.0,1.34,1.26,3.37,3.67,2.03,1.82,2.0,1.94,1.87,True
5430,Bundesliga (Germany),2024,2026-02-19 21:00:00,Bun-Team-12,Bun-Team-09,FINISHED,3.0,2.0,1.04,0.8,2.6,2.88,3.05,2.69,1.48,3.51,1.31,True
5431,Bundesliga (Germany),2024,2026-02-19 21:00:00,Bun-Team-02,Bun-Team-07,FINISHED,0.0,1.0,1.28,1.17,2.47,3.39,2.79,1.98,1.81,2.29,1.64,True
5432,Bundesliga (Germany),2024,2026-02-19 16:00:00,Bun-Team-14,Bun-Team-03,FINISHED,1.0,1.0,1.74,1.04,1.68,4.13,4.61,1.82,2.01,1.79,2.03,True
5433,Ligue 1 (France),2024,2026-02-19 13:00:00,Lig-Team-09,Lig-Team-10,FINISHED,2.0,2.0,2.07,0.5,1.36,4.62,9.05,2.54,1.51,2.1,1.75,True
5434,Ligue 1 (France),2024,2026-02-19 18:00:00,Lig-Team-13,Lig-Team-14,FINISHED,1.0,1.0,1.31,1.07,2.32,3.29,3.07,2.13,1.72,2.48,1.54,True
5435,Ligue 1 (France),2024,2026-02-19 16:00:00,Lig-Team-05,Lig-Team-01,FINISHED,0.0,1.0,1.33,1.11,2.67,3.27,2.64,2.13,1.73,2.5,1.52,True
5436,Ligue 1 (France),2024,2026-02-19 21:00:00,Lig-Team-06,Lig-Team-11,FINISHED,4.0,1.0,1.19,1.57,2.99,3.9,2.14,1.6,2.35,1.67,2.23,True
5437,Ligue 1 (France),2024,2026-02-19 18:00:00,Lig-Team-03,Lig-Team-08,FINISHED,2.0,1.0,0.89,0.67,2.34,2.5,4.34,4.04,1.23,5.93,1.14,True
5438,Ligue 1 (France),2024,2026-02-19 16:00:00,Lig-Team-04,Lig-Team-02,FINISHED,1.0,0.0,0.88,0.58,2.06,2.53,5.5,4.49,1.21,6.19,1.13,True
5439,Ligue 1 (France),2024,2026-02-19 13:00:00,Lig-Team-15,Lig-Team-07,FINISHED,1.0,0.0,1.37,0.92,2.09,3.39,3.53,2.12,1.73,2.42,1.57,True
5440,Ligue 1 (France),2024,2026-02-19 16:00:00,Lig-Team-16,Lig-Team-12,FINISHED,1.0,1.0,0.77,0.85,3.24,2.76,2.57,2.96,1.41,3.99,1.26,True
5441,Premier League (England),2024,2026-02-25 13:00:00,Pre-Team-13,Pre-Team-07,FINISHED,4.0,2.0,1.83,0.76,1.57,4.41,4.94,1.71,2.15,1.64,2.27,True
5442,Premier League (England),2024,2026-02-25 18:00:00,Pre-Team-08,Pre-Team-06,FINISHED,1.0,0.0,0.68,0.85,3.51,2.9,2.32,2.74,1.46,3.54,1.3,True
5443,Premier League (England),2024,2026-02-25 18:00:00,Pre-Team-14,Pre-Team-11,FINISHED,1.0,1.0,0.56,1.42,3.52,3.3,2.13,2.23,1.65,2.61,1.49,True
5444,Premier League (England),2024,2026-02-25 21:00:00,Pre-Team-10,Pre-Team-09,FINISHED,2.0,0.0,0.97,1.27,3.48,3.12,2.22,2.42,1.58,2.9,1.42,True
5445,Premier League (England),2024,2026-02-25 18:00:00,Pre-Team-12,Pre-Team-03,FINISHED,2.0,1.0,1.46,1.41,2.81,3.72,2.28,1.7,2.13,1.84,2.0,True
5446,Premier League (England),2024,2026-02-25 16:00:00,Pre-Team-04,Pre-Team-02,FINISHED,1.0,1.0,1.2,0.71,2.26,3.28,3.17,2.17,1.69,2.57,1.52,True
5447,Premier League (England),2024,2026-02-25 18:00:00,Pre-Team-05,Pre-Team-15,FINISHED,2.0,0.0,1.14,0.66,2.09,3.01,3.91,2.67,1.49,3.24,1.34,True
5448,Premier League (England),2024,2026-02-25 21:00:00,Pre-Team-16,Pre-Team-01,FINISHED,1.0,3.0,1.05,0.9,2.25,2.94,3.59,2.73,1.46,3.46,1.3,True
5449,La Liga (Spain),2024,2026-02-25 21:00:00,La -Team-05,La -Team-02,FINISHED,5.0,2.0,2.06,1.01,1.62,4.5,4.49,1.59,2.37,1.53,2.52,True
5450,La Liga (Spain),2024,2026-02-25 13:00:00,La -Team-04,La -Team-06,FINISHED,0.0,1.0,0.62,0.86,2.96,2.87,2.68,2.71,1.46,3.55,1.31,True
5451,La Liga (Spain),2024,2026-02-25 21:00:00,La -Team-09,La -Team-07,FINISHED,1.0,2.0,1.17,1.45,1.96,3.8,3.5,1.76,2.06,1.88,1.94,True
5452,La Liga (Spain),2024,2026-02-25 18:00:00,La -Team-03,La -Team-13,FINISHED,3.0,2.0,1.48,1.41,2.82,3.82,2.25,1.63,2.29,1.72,2.15,True
5453,La Liga (Spain),2024,2026-02-25 21:00:00,La -Team-12,La -Team-08,FINISHED,1.0,0.0,1.41,0.74,1.99,3.11,4.23,2.66,1.48,3.16,1.36,True
5454,La Liga (Spain),2024,2026-02-25 13:00:00,La -Team-15,La -Team-01,FINISHED,0.0,1.0,1.54,0.9,2.05,3.54,3.44,1.94,1.88,2.1,1.73,True
5455,La Liga (Spain),2024,2026-02-25 21:00:00,La -Team-14,La -Team-10,FINISHED,3.0,1.0,1.31,1.1,1.87,3.51,4.14,2.15,1.7,2.34,1.6,True
5456,La Liga (Spain),2024,2026-02-25 13:00:00,La -Team-11,La -Team-16,FINISHED,2.0,1.0,1.5,1.0,1.67,3.46,5.71,2.7,1.47,2.85,1.42,True
5457,Serie A (Italy),2024,2026-02-25 16:00:00,Ser-Team-12,Ser-Team-03,FINISHED,2.0,1.0,1.7,0.82,1.72,4.02,4.38,1.81,2.03,1.82,1.98,True
5458,Serie A (Italy),2024,2026-02-25 21:00:00,Ser-Team-11,Ser-Team-15,FINISHED,1.0,2.0,1.23,0.86,2.55,3.01,2.96,2.41,1.57,2.97,1.39,True
5459,Serie A (Italy),2024,2026-02-25 13:00:00,Ser-Team-01,Ser-Team-07,FINISHED,4.0,0.0,1.77,0.99,1.67,3.75,5.14,2.27,1.64,2.3,1.61,True
5460,Serie A (Italy),2024,2026-02-25 18:00:00,Ser-Team-06,Ser-Team-04,FINISHED,0.0,0.0,0.55,0.73,7.97,2.43,1.9,6.17,1.13,7.82,1.1,True
5461,Serie A (Italy),2024,2026-02-25 18:00:00,Ser-Team-10,Ser-Team-14,FINISHED,2.0,2.0,1.16,1.43,2.35,3.51,2.88,1.86,1.94,2.09,1.75,True
5462,Serie A (Italy),2024,2026-02-25 21:00:00,Ser-Team-09,Ser-Team-05,FINISHED,0.0,0.0,1.27,0.7,3.08,2.79,2.61,2.87,1.42,3.86,1.26,True
5463,Serie A (Italy),2024,2026-02-25 16:00:00,Ser-Team-08,Ser-Team-02,FINISHED,1.0,2.0,0.89,1.86,5.11,4.37,1.58,1.78,2.05,1.7,2.17,True
5464,Serie A (Italy),2024,2026-02-25 21:00:00,Ser-Team-13,Ser-Team-16,FINISHED,2.0,2.0,1.11,0.66,1.64,3.84,5.18,2.16,1.7,2.15,1.71,True
5465,Bundesliga (Germany),2024,2026-02-25 13:00:00,Bun-Team-07,Bun-Team-13,FINISHED,2.0,1.0,1.94,1.31,1.99,3.88,3.33,1.66,2.23,1.75,2.11,True
5466,Bundesliga (Germany),2024,2026-02-25 18:00:00,Bun-Team-06,Bun-Team-16,FINISHED,3.0,0.0,2.03,0.69,1.38,4.85,7.87,2.11,1.73,1.81,2.01,True
5467,Bundesliga (Germany),2024,2026-02-25 13:00:00,Bun-Team-02,Bun-Team-05,FINISHED,4.0,3.0,1.23,1.3,2.56,3.18,2.85,2.24,1.66,2.68,1.46,True
5468,Bundesliga (Germany),2024,2026-02-25 21:00:00,Bun-Team-12,Bun-Team-08,FINISHED,4.0,0.0,1.31,0.25,1.46,3.83,9.31,3.41,1.33,2.95,1.41,True
5469,Bundesliga (Germany),2024,2026-02-25 16:00:00,Bun-Team-09,Bun-Team-15,FINISHED,2.0,0.0,0.98,0.51,2.76,2.58,3.22,3.46,1.32,4.99,1.17,True
5470,Bundesliga (Germany),2024,2026-02-25 21:00:00,Bun-Team-14,Bun-Team-10,FINISHED,5.0,0.0,1.5,1.25,2.45,3.88,2.57,1.59,2.37,1.67,2.23,True
5471,Bundesliga (Germany),2024,2026-02-25 18:00:00,Bun-Team-03,Bun-Team-11,FINISHED,0.0,3.0,0.88,0.85,2.7,3.24,2.64,2.14,1.73,2.52,1.54,True
5472,Bundesliga (Germany),2024,2026-02-25 16:00:00,Bun-Team-01,Bun-Team-04,FINISHED,2.0,0.0,1.53,0.85,1.72,3.78,4.7,2.07,1.79,2.13,1.72,True
5473,Ligue 1 (France),2024,2026-02-25 21:00:00,Lig-Team-14,Lig-Team-13,FINISHED,2.0,1.0,1.07,0.93,2.3,3.29,3.09,2.13,1.73,2.48,1.56,True
5474,Ligue 1 (France),2024,2026-02-25 13:00:00,Lig-Team-15,Lig-Team-01,FINISHED,4.0,1.0,1.88,0.89,1.51,4.53,5.75,1.85,2.0,1.7,2.16,True
5475,Ligue 1 (France),2024,2026-02-25 18:00:00,Lig-Team-09,Lig-Team-12,FINISHED,0.0,1.0,1.4,0.96,2.22,3.14,3.39,2.36,1.61,2.76,1.45,True
5476,Ligue 1 (France),2024,2026-02-25 16:00:00,Lig-Team-08,Lig-Team-04,FINISHED,0.0,0.0,0.41,0.97,4.11,2.35,2.59,4.55,1.2,7.12,1.09,True
5477,Ligue 1 (France),2024,2026-02-25 16:00:00,Lig-Team-11,Lig-Team-03,FINISHED,2.0,1.0,1.19,0.62,1.94,3.12,4.54,2.72,1.46,3.23,1.35,True
5478,Ligue 1 (France),2024,2026-02-25 18:00:00,Lig-Team-16,Lig-Team-07,FINISHED,1.0,0.0,0.65,0.67,3.89,2.64,2.35,3.41,1.33,4.67,1.19,True
5479,Ligue 1 (France),2024,2026-02-25 21:00:00,Lig-Team-06,Lig-Team-10,FINISHED,0.0,1.0,2.36,1.37,1.49,4.81,5.76,1.7,2.15,1.54,2.45,True
5480,Ligue 1 (France),2024,2026-02-25 16:00:00,Lig-Team-05,Lig-Team-02,FINISHED,2.0,1.0,1.1,0.53,2.3,2.75,3.84,3.19,1.36,4.27,1.23,True
5481,Premier League (England),2024,2026-02-26 13:00:00,Pre-Team-05,Pre-Team-14,FINISHED,1.0,1.0,1.06,0.6,2.22,2.74,4.09,3.3,1.35,4.44,1.21,True
5482,Premier League (England),2024,2026-02-26 21:00:00,Pre-Team-08,Pre-Team-06,FINISHED,1.0,2.0,0.92,1.17,3.53,2.92,2.34,2.76,1.45,3.54,1.3,True
5483,Premier League (England),2024,2026-02-26 21:00:00,Pre-Team-09,Pre-Team-07,FINISHED,0.0,4.0,1.96,0.94,1.73,3.98,4.4,1.85,1.95,1.88,1.94,True
5484,Premier League (England),2024,2026-02-26 13:00:00,Pre-Team-04,Pre-Team-01,FINISHED,3.0,1.0,1.69,0.7,1.68,3.97,4.63,1.92,1.9,1.91,1.91,True
5485,Premier League (England),2024,2026-02-26 18:00:00,Pre-Team-10,Pre-Team-11,FINISHED,2.0,3.0,0.63,1.66,5.64,4.71,1.5,1.74,2.14,1.58,2.37,True
5486,Premier League (England),2024,2026-02-26 21:00:00,Pre-Team-03,Pre-Team-16,FINISHED,1.0,3.0,0.85,0.83,3.25,2.74,2.58,2.97,1.41,4.03,1.25,True
5487,Premier League (England),2024,2026-02-26 21:00:00,Pre-Team-02,Pre-Team-12,FINISHED,1.0,0.0,2.31,0.68,1.34,5.15,8.31,2.07,1.77,1.71,2.13,True
5488,Premier League (England),2024,2026-02-26 13:00:00,Pre-Team-13,Pre-Team-15,FINISHED,1.0,0.0,0.98,1.1,2.23,3.03,3.51,2.53,1.54,3.08,1.38,True
5489,La Liga (Spain),2024,2026-02-26 16:00:00,La -Team-13,La -Team-16,FINISHED,3.0,0.0,1.19,0.7,1.87,3.34,4.31,2.36,1.6,2.64,1.49,True
5490,La Liga (Spain),2024,2026-02-26 21:00:00,La -Team-14,La -Team-10,FINISHED,1.0,0.0,1.44,1.11,1.87,3.52,4.15,2.16,1.72,2.34,1.61,True
5491,La Liga (Spain),2024,2026-02-26 18:00:00,La -Team-12,La -Team-01,FINISHED,2.0,0.0,2.15,0.67,1.42,4.67,6.84,1.97,1.85,1.74,2.09,True
5492,La Liga (Spain),2024,2026-02-26 18:00:00,La -Team-15,La -Team-04,FINISHED,1.0,0.0,1.21,0.63,2.26,2.84,3.79,2.98,1.4,3.92,1.26,True
5493,La Liga (Spain),2024,2026-02-26 21:00:00,La -Team-09,La -Team-07,FINISHED,0.0,3.0,1.82,0.87,1.95,3.79,3.49,1.77,2.07,1.87,1.94,True
5494,La Liga (Spain),2024,2026-02-26 13:00:00,La -Team-08,La -Team-06,FINISHED,1.0,1.0,1.17,0.89,2.11,3.05,3.84,2.6,1.5,3.17,1.35,True
5495,La Liga (Spain),2024,2026-02-26 16:00:00,La -Team-11,La -Team-05,FINISHED,1.0,1.0,1.24,0.83,2.88,3.06,2.59,2.41,1.57,2.96,1.39,True
5496,La Liga (Spain),2024,2026-02-26 21:00:00,La -Team-02,La -Team-03,FINISHED,1.0,2.0,2.74,1.73,1.47,5.69,5.12,1.29,3.57,1.17,4.94,True
5497,Serie A (Italy),2024,2026-02-26 13:00:00,Ser-Team-06,Ser-Team-02,FINISHED,1.0,0.0,0.43,0.56,6.66,2.29,2.09,6.14,1.11,8.72,1.06,True
5498,Serie A (Italy),2024,2026-02-26 18:00:00,Ser-Team-12,Ser-Team-10,FINISHED,1.0,5.0,1.63,1.44,1.98,3.96,3.33,1.63,2.29,1.68,2.2,True
5499,Serie A (Italy),2024,2026-02-26 16:00:00,Ser-Team-08,Ser-Team-15,FINISHED,3.0,0.0,0.96,1.59,3.02,3.93,2.12,1.6,2.35,1.66,2.23,True
5500,Serie A (Italy),2024,2026-02-26 18:00:00,Ser-Team-14,Ser-Team-07,FINISHED,1.0,1.0,0.99,0.82,1.95,3.34,4.08,2.32,1.63,2.6,1.5,True
5501,Serie A (Italy),2024,2026-02-26 16:00:00,Ser-Team-11,Ser-Team-05,FINISHED,1.0,0.0,0.8,1.44,4.22,2.99,2.05,2.83,1.44,3.51,1.31,True
5502,Serie A (Italy),2024,2026-02-26 21:00:00,Ser-Team-03,Ser-Team-13,FINISHED,3.0,1.0,0.81,0.91,2.43,3.23,2.91,2.18,1.7,2.55,1.53,True
5503,Serie A (Italy),2024,2026-02-26 16:00:00,Ser-Team-16,Ser-Team-01,FINISHED,2.0,2.0,0.94,1.66,6.18,4.36,1.49,2.01,1.8,1.87,1.93,True
5504,Serie A (Italy),2024,2026-02-26 16:00:00,Ser-Team-09,Ser-Team-04,FINISHED,0.0,2.0,0.66,0.79,3.27,2.89,2.45,2.7,1.49,3.48,1.31,True
5505,Bundesliga (Germany),2024,2026-02-26 13:00:00,Bun-Team-11,Bun-Team-13,FINISHED,0.0,0.0,1.14,1.88,2.67,4.09,2.28,1.48,2.65,1.53,2.54,True
5506,Bundesliga (Germany),2024,2026-02-26 16:00:00,Bun-Team-01,Bun-Team-05,FINISHED,1.0,0.0,1.08,0.96,2.23,3.12,3.35,2.33,1.61,2.75,1.44,True
5507,Bundesliga (Germany),2024,2026-02-26 16:00:00,Bun-Team-10,Bun-Team-06,FINISHED,1.0,1.0,1.22,1.39,3.14,3.5,2.18,1.93,1.89,2.1,1.72,True
5508,Bundesliga (Germany),2024,2026-02-26 21:00:00,Bun-Team-14,Bun-Team-12,FINISHED,1.0,1.0,1.08,1.87,3.61,4.32,1.83,1.49,2.66,1.47,2.71,True
5509,Bundesliga (Germany),2024,2026-02-26 18:00:00,Bun-Team-09,Bun-Team-07,FINISHED,1.0,3.0,1.33,0.28,1.87,3.15,4.77,2.79,1.45,3.21,1.36,True
5510,Bundesliga (Germany),2024,2026-02-26 16:00:00,Bun-Team-03,Bun-Team-02,FINISHED,1.0,2.0,0.67,1.16,3.51,3.09,2.22,2.51,1.53,3.1,1.38,True
5511,Bundesliga (Germany),2024,2026-02-26 18:00:00,Bun-Team-04,Bun-Team-15,FINISHED,0.0,2.0,0.51,1.47,5.09,3.49,1.73,2.46,1.57,2.62,1.51,True
5512,Bundesliga (Germany),2024,2026-02-26 21:00:00,Bun-Team-08,Bun-Team-16,FINISHED,1.0,1.0,1.0,0.6,3.09,2.57,2.92,3.48,1.32,5.05,1.17,True
5513,Ligue 1 (France),2024,2026-02-26 21:00:00,Lig-Team-08,Lig-Team-10,FINISHED,2.0,0.0,0.92,0.81,2.11,2.89,4.21,2.97,1.4,3.78,1.27,True
5514,Ligue 1 (France),2024,2026-02-26 21:00:00,Lig-Team-03,Lig-Team-16,FINISHED,3.0,0.0,0.79,0.57,2.72,2.47,3.5,3.85,1.27,5.83,1.14,True
5515,Ligue 1 (France),2024,2026-02-26 16:00:00,Lig-Team-05,Lig-Team-11,FINISHED,3.0,1.0,0.81,1.08,3.48,3.23,2.16,2.28,1.65,2.65,1.48,True
5516,Ligue 1 (France),2024,2026-02-26 16:00:00,Lig-Team-09,Lig-Team-12,FINISHED,1.0,0.0,0.94,0.93,2.22,3.15,3.43,2.32,1.61,2.8,1.46,True
5517,Ligue 1 (France),2024,2026-02-26 18:00:00,Lig-Team-04,Lig-Team-15,FINISHED,0.0,1.0,1.05,0.78,3.36,2.98,2.33,2.62,1.5,3.27,1.35,True
5518,Ligue 1 (France),2024,2026-02-26 21:00:00,Lig-Team-14,Lig-Team-06,FINISHED,0.0,3.0,1.94,1.6,2.0,4.18,3.07,1.48,2.72,1.48,2.7,True
5519,Ligue 1 (France),2024,2026-02-26 13:00:00,Lig-Team-01,Lig-Team-07,FINISHED,1.0,1.0,0.91,1.19,3.36,3.21,2.23,2.25,1.65,2.64,1.49,True
5520,Ligue 1 (France),2024,2026-02-26 21:00:00,Lig-Team-13,Lig-Team-02,FINISHED,0.0,0.0,1.29,0.67,2.13,2.71,4.47,3.48,1.32,4.61,1.19,True
5521,Premier League (England),2024,2026-03-04 18:00:00,Pre-Team-10,Pre-Team-08,FINISHED,1.0,0.0,0.96,1.17,2.39,3.03,3.24,2.46,1.55,3.05,1.38,True
5522,Premier League (England),2024,2026-03-04 21:00:00,Pre-Team-12,Pre-Team-13,FINISHED,1.0,2.0,0.72,1.18,2.87,3.52,2.32,1.85,1.95,2.05,1.78,True
5523,Premier League (England),2024,2026-03-04 21:00:00,Pre-Team-15,Pre-Team-11,FINISHED,0.0,1.0,0.61,1.13,3.38,3.59,2.04,1.87,1.95,2.02,1.79,True
5524,Premier League (England),2024,2026-03-04 21:00:00,Pre-Team-04,Pre-Team-05,FINISHED,1.0,1.0,1.44,0.47,1.72,3.53,5.04,2.36,1.6,2.5,1.54,True
5525,Premier League (England),2024,2026-03-04 16:00:00,Pre-Team-06,Pre-Team-16,FINISHED,3.0,1.0,0.63,1.16,3.56,2.78,2.39,3.01,1.4,4.03,1.26,True
5526,Premier League (England),2024,2026-03-04 21:00:00,Pre-Team-03,Pre-Team-14,FINISHED,1.0,2.0,1.23,0.71,2.28,2.88,3.59,2.81,1.44,3.57,1.3,True
5527,Premier League (England),2024,2026-03-04 18:00:00,Pre-Team-09,Pre-Team-02,FINISHED,0.0,1.0,0.5,1.24,4.28,2.89,2.06,3.02,1.4,3.78,1.27,True
5528,Premier League (England),2024,2026-03-04 13:00:00,Pre-Team-07,Pre-Team-01,FINISHED,1.0,1.0,1.23,2.24,4.13,4.57,1.65,1.47,2.71,1.4,2.93,True
5529,La Liga (Spain),2024,2026-03-04 16:00:00,La -Team-01,La -Team-15,FINISHED,2.0,3.0,0.96,1.17,2.5,3.46,2.69,1.91,1.9,2.15,1.71,True
5530,La Liga (Spain),2024,2026-03-04 16:00:00,La -Team-04,La -Team-12,FINISHED,1.0,2.0,0.52,1.3,4.73,3.08,1.91,2.86,1.43,3.37,1.33,True
5531,La Liga (Spain),2024,2026-03-04 18:00:00,La -Team-08,La -Team-07,FINISHED,0.0,0.0,1.35,0.59,1.67,3.24,6.6,3.32,1.33,3.56,1.29,True
5532,La Liga (Spain),2024,2026-03-04 18:00:00,La -Team-03,La -Team-13,FINISHED,1.0,2.0,1.5,1.34,2.8,3.82,2.27,1.62,2.31,1.72,2.16,True
5533,La Liga (Spain),2024,2026-03-04 16:00:00,La -Team-05,La -Team-02,FINISHED,1.0,1.0,2.15,1.17,1.63,4.44,4.5,1.59,2.35,1.55,2.52,True
5534,La Liga (Spain),2024,2026-03-04 18:00:00,La -Team-11,La -Team-10,FINISHED,0.0,0.0,0.94,1.17,2.4,3.12,3.09,2.33,1.61,2.84,1.43,True
5535,La Liga (Spain),2024,2026-03-04 21:00:00,La -Team-14,La -Team-09,FINISHED,2.0,1.0,1.98,0.96,1.35,5.34,7.59,1.82,2.02,1.54,2.51,True
5536,La Liga (Spain),2024,2026-03-04 18:00:00,La -Team-06,La -Team-16,FINISHED,2.0,1.0,1.75,0.49,1.61,3.9,5.43,2.17,1.69,2.17,1.71,True
5537,Serie A (Italy),2024,2026-03-04 16:00:00,Ser-Team-12,Ser-Team-14,FINISHED,3.0,1.0,0.99,0.72,2.29,3.19,3.2,2.26,1.65,2.65,1.49,True
5538,Serie A (Italy),2024,2026-03-04 13:00:00,Ser-Team-01,Ser-Team-08,FINISHED,5.0,2.0,3.08,0.66,1.17,7.54,13.27,1.87,1.94,1.36,3.2,True
5539,Serie A (Italy),2024,2026-03-04 18:00:00,Ser-Team-16,Ser-Team-06,FINISHED,0.0,1.0,0.97,0.3,2.24,2.55,4.47,3.85,1.26,5.37,1.16,True
5540,Serie A (Italy),2024,2026-03-04 16:00:00,Ser-Team-02,Ser-Team-05,FINISHED,1.0,2.0,0.88,0.93,2.76,2.71,3.02,3.05,1.38,4.23,1.24,True
5541,Serie A (Italy),2024,2026-03-04 16:00:00,Ser-Team-03,Ser-Team-15,FINISHED,3.0,0.0,1.1,0.85,2.01,3.54,3.64,1.99,1.8,2.2,1.68,True
5542,Serie A (Italy),2024,2026-03-04 18:00:00,Ser-Team-04,Ser-Team-13,FINISHED,0.0,0.0,1.08,0.47,1.94,3.02,4.71,2.95,1.41,3.59,1.3,True
5543,Serie A (Italy),2024,2026-03-04 16:00:00,Ser-Team-11,Ser-Team-07,FINISHED,0.0,1.0,0.6,1.19,2.94,3.23,2.44,2.13,1.7,2.53,1.52,True
5544,Serie A (Italy),2024,2026-03-04 21:00:00,Ser-Team-10,Ser-Team-09,FINISHED,2.0,1.0,1.43,1.23,2.02,3.67,3.45,1.85,1.97,2.0,1.82,True
5545,Bundesliga (Germany),2024,2026-03-04 21:00:00,Bun-Team-09,Bun-Team-15,FINISHED,2.0,0.0,0.87,1.07,2.79,2.55,3.22,3.43,1.32,5.02,1.18,True
5546,Bundesliga (Germany),2024,2026-03-04 21:00:00,Bun-Team-14,Bun-Team-01,FINISHED,1.0,0.0,1.49,1.95,2.68,4.02,2.28,1.5,2.57,1.55,2.47,True
5547,Bundesliga (Germany),2024,2026-03-04 13:00:00,Bun-Team-11,Bun-Team-03,FINISHED,0.0,0.0,1.56,0.8,2.04,3.38,3.66,2.18,1.69,2.46,1.56,True
5548,Bundesliga (Germany),2024,2026-03-04 13:00:00,Bun-Team-02,Bun-Team-06,FINISHED,1.0,2.0,1.31,1.37,3.36,3.77,2.03,1.77,2.06,1.85,1.95,True
5549,Bundesliga (Germany),2024,2026-03-04 16:00:00,Bun-Team-13,Bun-Team-10,FINISHED,2.0,0.0,1.68,1.33,2.42,3.56,2.75,1.83,1.99,2.02,1.8,True
5550,Bundesliga (Germany),2024,2026-03-04 18:00:00,Bun-Team-05,Bun-Team-16,FINISHED,0.0,0.0,1.25,0.52,1.79,3.31,4.94,2.61,1.5,2.88,1.43,True
5551,Bundesliga (Germany),2024,2026-03-04 21:00:00,Bun-Team-08,Bun-Team-07,FINISHED,1.0,0.0,0.76,1.06,4.39,2.87,2.05,3.05,1.37,3.89,1.27,True
5552,Bundesliga (Germany),2024,2026-03-04 21:00:00,Bun-Team-04,Bun-Team-12,FINISHED,1.0,0.0,0.85,1.82,4.37,3.79,1.78,1.96,1.84,2.06,1.77,True
5553,Ligue 1 (France),2024,2026-03-04 13:00:00,Lig-Team-06,Lig-Team-03,FINISHED,2.0,0.0,1.14,1.16,2.26,3.4,3.1,2.01,1.81,2.28,1.64,True
5554,Ligue 1 (France),2024,2026-03-04 16:00:00,Lig-Team-02,Lig-Team-15,FINISHED,0.0,3.0,0.94,1.5,5.54,3.51,1.69,2.59,1.52,2.72,1.47,True
5555,Ligue 1 (France),2024,2026-03-04 16:00:00,Lig-Team-12,Lig-Team-14,FINISHED,1.0,1.0,1.49,0.68,1.89,3.71,3.9,1.91,1.87,2.04,1.78,True
5556,Ligue 1 (France),2024,2026-03-04 13:00:00,Lig-Team-11,Lig-Team-08,FINISHED,1.0,0.0,1.28,0.6,1.73,3.23,5.93,3.07,1.38,3.33,1.33,True
5557,Ligue 1 (France),2024,2026-03-04 18:00:00,Lig-Team-13,Lig-Team-01,FINISHED,1.0,0.0,1.2,1.04,2.4,3.18,3.06,2.25,1.66,2.72,1.46,True
5558,Ligue 1 (France),2024,2026-03-04 13:00:00,Lig-Team-05,Lig-Team-04,FINISHED,0.0,1.0,0.39,1.18,3.39,2.61,2.63,3.37,1.31,4.78,1.19,True
5559,Ligue 1 (France),2024,2026-03-04 13:00:00,Lig-Team-07,Lig-Team-10,FINISHED,1.0,0.0,1.68,0.53,1.34,4.67,10.12,2.75,1.44,2.19,1.68,True
5560,Ligue 1 (France),2024,2026-03-04 13:00:00,Lig-Team-16,Lig-Team-09,FINISHED,2.0,2.0,1.24,1.18,3.54,2.7,2.44,3.13,1.38,4.29,1.23,True
5561,Premier League (England),2024,2026-03-05 18:00:00,Pre-Team-10,Pre-Team-11,FINISHED,0.0,3.0,1.04,1.82,5.67,4.73,1.5,1.72,2.13,1.6,2.38,True
5562,Premier League (England),2024,2026-03-05 18:00:00,Pre-Team-08,Pre-Team-13,FINISHED,0.0,0.0,0.87,0.94,3.99,2.79,2.21,3.07,1.37,4.06,1.25,True
5563,Premier League (England),2024,2026-03-05 18:00:00,Pre-Team-12,Pre-Team-06,FINISHED,2.0,3.0,1.01,1.61,2.51,3.71,2.53,1.72,2.15,1.83,1.99,True
5564,Premier League (England),2024,2026-03-05 21:00:00,Pre-Team-01,Pre-Team-04,FINISHED,0.0,3.0,0.97,1.65,3.2,3.6,2.13,1.85,1.97,2.02,1.8,True
5565,Premier League (England),2024,2026-03-05 16:00:00,Pre-Team-07,Pre-Team-15,FINISHED,2.0,1.0,1.32,1.68,2.91,3.93,2.18,1.58,2.39,1.65,2.24,True
5566,Premier League (England),2024,2026-03-05 16:00:00,Pre-Team-03,Pre-Team-05,FINISHED,2.0,0.0,1.12,1.18,2.65,2.99,2.86,2.51,1.55,3.13,1.37,True
5567,Premier League (England),2024,2026-03-05 16:00:00,Pre-Team-14,Pre-Team-16,FINISHED,0.0,0.0,0.41,0.91,3.78,2.44,2.61,4.02,1.25,6.05,1.13,True
5568,Premier League (England),2024,2026-03-05 18:00:00,Pre-Team-02,Pre-Team-09,FINISHED,1.0,0.0,1.37,0.88,1.71,3.21,6.07,3.14,1.36,3.44,1.33,True
5569,La Liga (Spain),2024,2026-03-05 18:00:00,La -Team-05,La -Team-13,FINISHED,2.0,1.0,1.6,0.9,1.69,3.66,5.12,2.28,1.65,2.35,1.6,True
5570,La Liga (Spain),2024,2026-03-05 21:00:00,La -Team-11,La -Team-16,FINISHED,1.0,0.0,1.32,0.39,1.68,3.45,5.73,2.7,1.49,2.84,1.44,True
5571,La Liga (Spain),2024,2026-03-05 13:00:00,La -Team-07,La -Team-08,FINISHED,0.0,1.0,0.39,0.95,4.63,2.87,2.03,3.19,1.35,4.04,1.25,True
5572,La Liga (Spain),2024,2026-03-05 13:00:00,La -Team-02,La -Team-15,FINISHED,1.0,4.0,1.27,1.31,2.18,3.77,2.99,1.7,2.17,1.81,2.03,True
5573,La Liga (Spain),2024,2026-03-05 16:00:00,La -Team-06,La -Team-10,FINISHED,1.0,1.0,1.19,0.87,2.38,3.48,2.84,1.92,1.89,2.15,1.72,True
5574,La Liga (Spain),2024,2026-03-05 21:00:00,La -Team-09,La -Team-01,FINISHED,1.0,2.0,1.89,2.07,2.45,4.26,2.4,1.37,3.07,1.39,3.03,True
5575,La Liga (Spain),2024,2026-03-05 16:00:00,La -Team-03,La -Team-04,FINISHED,0.0,2.0,1.32,1.25,2.78,3.51,2.41,1.86,1.95,2.06,1.76,True
5576,La Liga (Spain),2024,2026-03-05 16:00:00,La -Team-14,La -Team-12,FINISHED,2.0,0.0,1.17,1.02,2.62,3.14,2.81,2.29,1.63,2.79,1.45,True
5577,Serie A (Italy),2024,2026-03-05 16:00:00,Ser-Team-07,Ser-Team-09,FINISHED,3.0,0.0,1.36,1.17,2.49,3.19,2.88,2.19,1.67,2.63,1.51,True
5578,Serie A (Italy),2024,2026-03-05 13:00:00,Ser-Team-16,Ser-Team-11,FINISHED,1.0,0.0,1.03,1.41,2.63,3.5,2.55,1.88,1.93,2.09,1.75,True
5579,Serie A (Italy),2024,2026-03-05 13:00:00,Ser-Team-08,Ser-Team-13,FINISHED,0.0,7.0,1.05,1.73,3.95,4.0,1.81,1.73,2.08,1.8,2.05,True
5580,Serie A (Italy),2024,2026-03-05 21:00:00,Ser-Team-06,Ser-Team-12,FINISHED,1.0,0.0,0.23,1.23,6.9,2.67,1.83,4.67,1.2,5.68,1.15,True
5581,Serie A (Italy),2024,2026-03-05 21:00:00,Ser-Team-01,Ser-Team-02,FINISHED,0.0,1.0,1.25,0.92,2.06,3.07,4.04,2.65,1.49,3.23,1.35,True
5582,Serie A (Italy),2024,2026-03-05 21:00:00,Ser-Team-05,Ser-Team-04,FINISHED,0.0,3.0,1.12,0.56,2.72,2.72,3.07,3.01,1.38,4.17,1.24,True
5583,Serie A (Italy),2024,2026-03-05 16:00:00,Ser-Team-14,Ser-Team-03,FINISHED,0.0,1.0,1.48,0.5,1.85,3.54,4.15,2.12,1.73,2.31,1.63,True
5584,Serie A (Italy),2024,2026-03-05 21:00:00,Ser-Team-10,Ser-Team-15,FINISHED,4.0,1.0,1.78,1.08,1.65,4.09,4.79,1.87,1.96,1.86,1.96,True
5585,Bundesliga (Germany),2024,2026-03-05 18:00:00,Bun-Team-14,Bun-Team-10,FINISHED,1.0,1.0,0.95,1.42,2.45,3.87,2.56,1.6,2.38,1.66,2.21,True
5586,Bundesliga (Germany),2024,2026-03-05 16:00:00,Bun-Team-02,Bun-Team-12,FINISHED,1.0,4.0,1.27,1.27,3.4,3.48,2.1,2.01,1.81,2.25,1.65,True
5587,Bundesliga (Germany),2024,2026-03-05 13:00:00,Bun-Team-11,Bun-Team-15,FINISHED,0.0,1.0,0.89,1.62,5.4,3.82,1.65,2.21,1.67,2.21,1.67,True
5588,Bundesliga (Germany),2024,2026-03-05 21:00:00,Bun-Team-03,Bun-Team-06,FINISHED,1.0,1.0,0.53,1.26,5.71,3.85,1.62,2.25,1.65,2.24,1.67,True
5589,Bundesliga (Germany),2024,2026-03-05 16:00:00,Bun-Team-07,Bun-Team-08,FINISHED,1.0,1.0,1.35,0.79,1.71,3.2,6.22,3.19,1.35,3.53,1.31,True
5590,Bundesliga (Germany),2024,2026-03-05 21:00:00,Bun-Team-04,Bun-Team-05,FINISHED,3.0,1.0,0.8,1.08,3.13,3.22,2.32,2.16,1.71,2.51,1.53,True
5591,Bundesliga (Germany),2024,2026-03-05 16:00:00,Bun-Team-16,Bun-Team-09,FINISHED,0.0,0.0,0.67,1.49,5.42,3.04,1.84,3.19,1.36,3.78,1.27,True
5592,Bundesliga (Germany),2024,2026-03-05 16:00:00,Bun-Team-01,Bun-Team-13,FINISHED,1.0,3.0,1.49,1.16,1.87,3.9,3.66,1.75,2.09,1.8,2.03,True
5593,Ligue 1 (France),2024,2026-03-05 21:00:00,Lig-Team-10,Lig-Team-09,FINISHED,0.0,2.0,0.45,1.65,5.89,3.79,1.59,2.4,1.58,2.37,1.58,True
5594,Ligue 1 (France),2024,2026-03-05 13:00:00,Lig-Team-03,Lig-Team-02,FINISHED,2.0,1.0,0.82,0.46,2.29,2.54,4.31,3.89,1.26,5.65,1.15,True
5595,Ligue 1 (France),2024,2026-03-05 21:00:00,Lig-Team-16,Lig-Team-15,FINISHED,0.0,2.0,1.08,1.23,4.23,3.19,1.94,2.52,1.53,2.9,1.41,True
5596,Ligue 1 (France),2024,2026-03-05 18:00:00,Lig-Team-01,Lig-Team-08,FINISHED,2.0,1.0,1.07,0.68,1.96,3.06,4.37,2.79,1.45,3.34,1.35,True
5597,Ligue 1 (France),2024,2026-03-05 18:00:00,Lig-Team-14,Lig-Team-12,FINISHED,1.0,0.0,0.82,1.3,2.79,3.46,2.41,1.9,1.91,2.09,1.74,True
5598,Ligue 1 (France),2024,2026-03-05 21:00:00,Lig-Team-13,Lig-Team-04,FINISHED,0.0,1.0,0.63,0.64,3.04,2.52,3.0,3.58,1.29,5.37,1.15,True
5599,Ligue 1 (France),2024,2026-03-05 13:00:00,Lig-Team-05,Lig-Team-07,FINISHED,1.0,1.0,0.54,1.2,4.06,3.04,2.07,2.71,1.47,3.29,1.34,True
5600,Ligue 1 (France),2024,2026-03-05 21:00:00,Lig-Team-06,Lig-Team-11,FINISHED,1.0,0.0,1.25,1.63,2.96,3.93,2.13,1.58,2.34,1.67,2.24,True
5601,Premier League (England),2024,2026-03-11 16:00:00,Pre-Team-15,Pre-Team-10,FINISHED,1.0,3.0,1.2,0.76,1.72,3.72,4.75,2.12,1.73,2.19,1.68,True
5602,Premier League (England),2024,2026-03-11 16:00:00,Pre-Team-01,Pre-Team-16,FINISHED,1.0,1.0,0.84,0.85,2.72,2.86,2.91,2.68,1.48,3.51,1.3,True
5603,Premier League (England),2024,2026-03-11 13:00:00,Pre-Team-09,Pre-Team-11,FINISHED,1.0,0.0,0.83,1.07,3.36,3.3,2.16,2.16,1.69,2.49,1.53,True
5604,Premier League (England),2024,2026-03-11 21:00:00,Pre-Team-03,Pre-Team-04,FINISHED,1.0,4.0,1.15,1.58,3.92,3.57,1.9,2.02,1.8,2.15,1.68,True
5605,Premier League (England),2024,2026-03-11 18:00:00,Pre-Team-06,Pre-Team-05,FINISHED,1.0,0.0,1.41,0.99,2.92,3.01,2.61,2.48,1.55,3.1,1.37,True
5606,Premier League (England),2024,2026-03-11 13:00:00,Pre-Team-13,Pre-Team-02,FINISHED,0.0,2.0,0.77,1.01,3.87,3.0,2.12,2.66,1.48,3.27,1.34,True
5607,Premier League (England),2024,2026-03-11 16:00:00,Pre-Team-07,Pre-Team-08,FINISHED,2.0,1.0,1.87,0.99,2.05,3.63,3.33,1.86,1.96,2.0,1.8,True
5608,Premier League (England),2024,2026-03-11 13:00:00,Pre-Team-12,Pre-Team-14,FINISHED,3.0,0.0,0.91,1.36,2.65,3.26,2.68,2.13,1.74,2.46,1.54,True
5609,La Liga (Spain),2024,2026-03-11 16:00:00,La -Team-11,La -Team-08,FINISHED,1.0,1.0,0.74,0.78,2.89,2.61,3.02,3.23,1.34,4.64,1.2,True
5610,La Liga (Spain),2024,2026-03-11 16:00:00,La -Team-07,La -Team-16,FINISHED,1.0,1.0,1.3,0.91,2.36,3.04,3.22,2.47,1.55,3.04,1.39,True
5611,La Liga (Spain),2024,2026-03-11 21:00:00,La -Team-03,La -Team-13,FINISHED,1.0,4.0,1.28,1.68,2.79,3.79,2.26,1.62,2.3,1.71,2.15,True
5612,La Liga (Spain),2024,2026-03-11 18:00:00,La -Team-04,La -Team-14,FINISHED,0.0,1.0,0.58,0.88,4.22,2.82,2.13,3.12,1.37,4.02,1.23,True
5613,La Liga (Spain),2024,2026-03-11 16:00:00,La -Team-15,La -Team-05,FINISHED,1.0,2.0,0.93,1.14,3.15,3.31,2.3,2.09,1.74,2.45,1.56,True
5614,La Liga (Spain),2024,2026-03-11 13:00:00,La -Team-01,La -Team-09,FINISHED,2.0,2.0,2.63,1.63,1.79,4.55,3.57,1.41,2.96,1.37,3.15,True
5615,La Liga (Spain),2024,2026-03-11 16:00:00,La -Team-12,La -Team-10,FINISHED,1.0,3.0,1.88,0.54,1.69,3.89,4.83,2.01,1.8,2.02,1.8,True
5616,La Liga (Spain),2024,2026-03-11 13:00:00,La -Team-02,La -Team-06,FINISHED,2.0,1.0,1.42,1.61,2.29,3.87,2.77,1.59,2.35,1.67,2.21,True
5617,Serie A (Italy),2024,2026-03-11 13:00:00,Ser-Team-15,Ser-Team-14,FINISHED,1.0,0.0,0.66,1.17,3.64,3.04,2.21,2.58,1.51,3.17,1.36,True
5618,Serie A (Italy),2024,2026-03-11 13:00:00,Ser-Team-07,Ser-Team-01,FINISHED,1.0,3.0,0.93,1.21,3.61,3.32,2.08,2.19,1.71,2.51,1.53,True
5619,Serie A (Italy),2024,2026-03-11 18:00:00,Ser-Team-06,Ser-Team-16,FINISHED,0.0,4.0,0.32,0.6,3.36,2.47,2.8,3.76,1.27,5.71,1.14,True
5620,Serie A (Italy),2024,2026-03-11 16:00:00,Ser-Team-04,Ser-Team-08,FINISHED,1.0,1.0,2.44,0.48,1.22,6.58,11.39,1.97,1.85,1.48,2.71,True
5621,Serie A (Italy),2024,2026-03-11 13:00:00,Ser-Team-09,Ser-Team-05,FINISHED,0.0,0.0,0.94,0.95,3.1,2.78,2.64,2.87,1.43,3.8,1.28,True
5622,Serie A (Italy),2024,2026-03-11 21:00:00,Ser-Team-03,Ser-Team-12,FINISHED,2.0,1.0,0.81,1.24,3.01,3.65,2.2,1.76,2.08,1.89,1.9,True
5623,Serie A (Italy),2024,2026-03-11 18:00:00,Ser-Team-13,Ser-Team-11,FINISHED,3.0,2.0,0.85,0.67,1.98,3.11,4.35,2.7,1.48,3.23,1.35,True
5624,Serie A (Italy),2024,2026-03-11 16:00:00,Ser-Team-10,Ser-Team-02,FINISHED,0.0,0.0,1.15,1.25,2.32,3.47,2.97,1.89,1.9,2.15,1.71,True
5625,Bundesliga (Germany),2024,2026-03-11 13:00:00,Bun-Team-02,Bun-Team-10,FINISHED,3.0,1.0,0.76,0.96,2.49,3.18,2.91,2.22,1.68,2.68,1.48,True
5626,Bundesliga (Germany),2024,2026-03-11 21:00:00,Bun-Team-11,Bun-Team-13,FINISHED,0.0,2.0,1.49,1.64,2.7,4.08,2.28,1.49,2.65,1.51,2.56,True
5627,Bundesliga (Germany),2024,2026-03-11 16:00:00,Bun-Team-08,Bun-Team-07,FINISHED,1.0,0.0,0.64,1.16,4.41,2.92,2.06,3.1,1.38,3.85,1.26,True
5628,Bundesliga (Germany),2024,2026-03-11 16:00:00,Bun-Team-15,Bun-Team-12,FINISHED,4.0,0.0,1.17,1.0,2.15,3.08,3.59,2.45,1.56,2.99,1.39,True
5629,Bundesliga (Germany),2024,2026-03-11 16:00:00,Bun-Team-16,Bun-Team-14,FINISHED,5.0,0.0,1.71,1.81,2.79,3.87,2.25,1.6,2.35,1.67,2.2,True
5630,Bundesliga (Germany),2024,2026-03-11 18:00:00,Bun-Team-06,Bun-Team-01,FINISHED,3.0,1.0,1.64,1.19,1.82,3.84,4.01,1.83,1.98,1.9,1.92,True
5631,Bundesliga (Germany),2024,2026-03-11 18:00:00,Bun-Team-04,Bun-Team-03,FINISHED,1.0,1.0,1.37,0.67,2.03,3.19,3.89,2.45,1.56,2.85,1.44,True
5632,Bundesliga (Germany),2024,2026-03-11 21:00:00,Bun-Team-09,Bun-Team-05,FINISHED,2.0,1.0,0.83,0.65,1.97,2.92,4.82,3.17,1.36,3.91,1.26,True
5633,Ligue 1 (France),2024,2026-03-11 21:00:00,Lig-Team-05,Lig-Team-07,FINISHED,1.0,0.0,0.54,1.19,4.07,3.05,2.09,2.68,1.45,3.3,1.34,True
5634,Ligue 1 (France),2024,2026-03-11 21:00:00,Lig-Team-06,Lig-Team-10,FINISHED,2.0,2.0,2.15,1.02,1.47,4.77,5.76,1.71,2.16,1.56,2.46,True
5635,Ligue 1 (France),2024,2026-03-11 21:00:00,Lig-Team-09,Lig-Team-15,FINISHED,0.0,1.0,1.1,1.29,2.77,3.41,2.47,1.99,1.83,2.27,1.65,True
5636,Ligue 1 (France),2024,2026-03-11 18:00:00,Lig-Team-11,Lig-Team-13,FINISHED,0.0,1.0,1.24,1.19,1.94,3.25,4.18,2.47,1.56,2.82,1.44,True
5637,Ligue 1 (France),2024,2026-03-11 21:00:00,Lig-Team-01,Lig-Team-14,FINISHED,0.0,0.0,1.42,1.08,2.17,3.7,3.04,1.74,2.12,1.87,1.94,True
5638,Ligue 1 (France),2024,2026-03-11 18:00:00,Lig-Team-04,Lig-Team-02,FINISHED,1.0,1.0,0.93,0.21,2.08,2.52,5.44,4.5,1.21,6.14,1.13,True
5639,Ligue 1 (France),2024,2026-03-11 21:00:00,Lig-Team-12,Lig-Team-03,FINISHED,0.0,0.0,0.71,0.83,2.02,3.02,4.34,2.84,1.44,3.47,1.32,True
5640,Ligue 1 (France),2024,2026-03-11 16:00:00,Lig-Team-16,Lig-Team-08,FINISHED,1.0,0.0,0.86,0.56,2.39,2.42,4.38,4.31,1.22,6.43,1.12,True
5641,Premier League (England),2024,2026-03-12 18:00:00,Pre-Team-07,Pre-Team-15,FINISHED,0.0,1.0,1.49,1.86,2.93,3.91,2.17,1.59,2.37,1.66,2.26,True
5642,Premier League (England),2024,2026-03-12 13:00:00,Pre-Team-11,Pre-Team-09,FINISHED,2.0,2.0,1.31,0.8,1.73,3.64,4.84,2.24,1.66,2.35,1.62,True
5643,Premier League (England),2024,2026-03-12 18:00:00,Pre-Team-12,Pre-Team-08,FINISHED,2.0,3.0,1.73,1.07,1.89,3.5,4.03,2.15,1.72,2.34,1.61,True
5644,Premier League (England),2024,2026-03-12 21:00:00,Pre-Team-14,Pre-Team-05,FINISHED,0.0,1.0,0.79,0.78,3.08,2.63,2.8,3.25,1.34,4.64,1.21,True
5645,Premier League (England),2024,2026-03-12 16:00:00,Pre-Team-06,Pre-Team-10,FINISHED,2.0,1.0,1.77,1.08,1.7,3.82,4.78,2.02,1.8,2.07,1.76,True
5646,Premier League (England),2024,2026-03-12 13:00:00,Pre-Team-02,Pre-Team-04,FINISHED,2.0,0.0,1.08,1.32,2.39,3.23,3.01,2.18,1.7,2.57,1.52,True
5647,Premier League (England),2024,2026-03-12 16:00:00,Pre-Team-01,Pre-Team-13,FINISHED,1.0,0.0,1.49,0.63,2.03,3.33,3.7,2.21,1.69,2.51,1.53,True
5648,Premier League (England),2024,2026-03-12 21:00:00,Pre-Team-03,Pre-Team-16,FINISHED,1.0,0.0,0.8,0.95,3.23,2.74,2.6,2.99,1.4,4.04,1.25,True
5649,La Liga (Spain),2024,2026-03-12 21:00:00,La -Team-06,La -Team-11,FINISHED,1.0,3.0,0.98,0.87,2.55,2.98,3.02,2.53,1.53,3.17,1.35,True
5650,La Liga (Spain),2024,2026-03-12 21:00:00,La -Team-13,La -Team-15,FINISHED,1.0,1.0,1.03,0.75,2.67,3.03,2.83,2.46,1.55,3.1,1.39,True
5651,La Liga (Spain),2024,2026-03-12 21:00:00,La -Team-09,La -Team-01,FINISHED,2.0,5.0,1.98,1.64,2.45,4.25,2.39,1.38,3.07,1.38,3.06,True
5652,La Liga (Spain),2024,2026-03-12 18:00:00,La -Team-02,La -Team-04,FINISHED,1.0,0.0,1.66,0.8,2.03,3.46,3.62,2.06,1.76,2.32,1.64,True
5653,La Liga (Spain),2024,2026-03-12 16:00:00,La -Team-07,La -Team-16,FINISHED,1.0,1.0,1.15,1.31,2.38,3.02,3.23,2.46,1.56,3.03,1.38,True
5654,La Liga (Spain),2024,2026-03-12 21:00:00,La -Team-03,La -Team-12,FINISHED,0.0,4.0,1.02,2.33,6.79,5.44,1.36,1.64,2.31,1.4,2.94,True
5655,La Liga (Spain),2024,2026-03-12 16:00:00,La -Team-10,La -Team-14,FINISHED,0.0,1.0,1.07,1.4,2.97,3.31,2.39,2.09,1.74,2.47,1.55,True
5656,La Liga (Spain),2024,2026-03-12 21:00:00,La -Team-08,La -Team-05,FINISHED,2.0,4.0,0.86,0.6,2.58,3.0,2.94,2.44,1.56,3.05,1.39,True
5657,Serie A (Italy),2024,2026-03-12 18:00:00,Ser-Team-13,Ser-Team-12,FINISHED,0.0,0.0,0.99,1.04,3.0,3.12,2.49,2.33,1.61,2.81,1.44,True
5658,Serie A (Italy),2024,2026-03-12 21:00:00,Ser-Team-14,Ser-Team-09,FINISHED,0.0,1.0,0.94,0.7,2.14,3.02,3.84,2.65,1.49,3.3,1.34,True
5659,Serie A (Italy),2024,2026-03-12 13:00:00,Ser-Team-08,Ser-Team-07,FINISHED,1.0,2.0,1.04,2.2,3.83,4.49,1.77,1.49,2.65,1.46,2.72,True
5660,Serie A (Italy),2024,2026-03-12 21:00:00,Ser-Team-15,Ser-Team-10,FINISHED,0.0,4.0,1.24,2.06,3.25,3.65,2.06,1.8,2.02,1.94,1.88,True
5661,Serie A (Italy),2024,2026-03-12 13:00:00,Ser-Team-01,Ser-Team-06,FINISHED,1.0,0.0,1.29,0.54,1.54,3.04,11.86,5.97,1.13,5.28,1.16,True
5662,Serie A (Italy),2024,2026-03-12 18:00:00,Ser-Team-05,Ser-Team-16,FINISHED,2.0,0.0,1.92,0.45,1.41,4.47,7.8,2.37,1.61,2.07,1.77,True
5663,Serie A (Italy),2024,2026-03-12 18:00:00,Ser-Team-11,Ser-Team-03,FINISHED,0.0,1.0,1.07,1.15,2.78,3.38,2.44,1.97,1.86,2.23,1.66,True
5664,Serie A (Italy),2024,2026-03-12 16:00:00,Ser-Team-04,Ser-Team-02,FINISHED,0.0,0.0,1.11,0.63,2.17,2.89,3.87,2.89,1.41,3.71,1.28,True
5665,Bundesliga (Germany),2024,2026-03-12 13:00:00,Bun-Team-06,Bun-Team-04,FINISHED,5.0,1.0,2.29,0.72,1.38,5.03,6.97,1.83,1.97,1.59,2.36,True
5666,Bundesliga (Germany),2024,2026-03-12 21:00:00,Bun-Team-16,Bun-Team-11,FINISHED,1.0,1.0,1.22,1.31,2.39,3.44,2.83,1.93,1.87,2.15,1.71,True
5667,Bundesliga (Germany),2024,2026-03-12 21:00:00,Bun-Team-08,Bun-Team-07,FINISHED,0.0,2.0,0.26,0.61,4.38,2.87,2.05,3.06,1.38,3.87,1.26,True
5668,Bundesliga (Germany),2024,2026-03-12 18:00:00,Bun-Team-12,Bun-Team-05,FINISHED,0.0,1.0,1.41,0.64,1.85,3.43,4.35,2.29,1.63,2.52,1.52,True
5669,Bundesliga (Germany),2024,2026-03-12 21:00:00,Bun-Team-14,Bun-Team-13,FINISHED,3.0,1.0,2.19,2.13,2.11,4.48,2.7,1.29,3.61,1.26,3.83,True
5670,Bundesliga (Germany),2024,2026-03-12 18:00:00,Bun-Team-02,Bun-Team-01,FINISHED,0.0,1.0,1.34,1.27,2.65,3.29,2.62,2.08,1.77,2.42,1.57,True
5671,Bundesliga (Germany),2024,2026-03-12 18:00:00,Bun-Team-03,Bun-Team-09,FINISHED,0.0,3.0,0.32,1.05,6.07,2.9,1.79,3.67,1.28,4.29,1.22,True
5672,Bundesliga (Germany),2024,2026-03-12 18:00:00,Bun-Team-15,Bun-Team-10,FINISHED,1.0,1.0,1.27,0.38,1.79,3.22,5.28,2.86,1.41,3.22,1.35,True
5673,Ligue 1 (France),2024,2026-03-12 18:00:00,Lig-Team-03,Lig-Team-11,FINISHED,0.0,0.0,0.7,1.09,3.28,2.92,2.43,2.66,1.47,3.43,1.32,True
5674,Ligue 1 (France),2024,2026-03-12 21:00:00,Lig-Team-04,Lig-Team-06,FINISHED,0.0,2.0,1.3,0.68,1.99,3.38,3.87,2.22,1.66,2.53,1.53,True
5675,Ligue 1 (France),2024,2026-03-12 18:00:00,Lig-Team-15,Lig-Team-05,FINISHED,0.0,0.0,1.83,0.56,1.44,4.48,7.14,2.17,1.69,1.95,1.86,True
5676,Ligue 1 (France),2024,2026-03-12 16:00:00,Lig-Team-14,Lig-Team-07,FINISHED,1.0,0.0,1.46,1.52,3.37,3.32,2.17,2.13,1.73,2.43,1.57,True
5677,Ligue 1 (France),2024,2026-03-12 16:00:00,Lig-Team-16,Lig-Team-08,FINISHED,0.0,0.0,0.69,0.54,2.41,2.42,4.35,4.32,1.22,6.44,1.11,True
5678,Ligue 1 (France),2024,2026-03-12 16:00:00,Lig-Team-02,Lig-Team-10,FINISHED,3.0,1.0,1.21,0.48,2.07,2.92,4.19,2.91,1.43,3.62,1.29,True
5679,Ligue 1 (France),2024,2026-03-12 13:00:00,Lig-Team-09,Lig-Team-13,FINISHED,0.0,0.0,1.02,0.49,1.94,3.14,4.45,2.71,1.47,3.24,1.35,True
5680,Ligue 1 (France),2024,2026-03-12 21:00:00,Lig-Team-01,Lig-Team-12,FINISHED,2.0,1.0,0.94,1.3,2.79,3.37,2.47,1.99,1.81,2.31,1.63,True
5681,Premier League (England),2024,2026-03-18 18:00:00,Pre-Team-16,Pre-Team-06,FINISHED,0.0,0.0,1.25,0.33,1.91,3.02,4.84,3.06,1.38,3.69,1.29,True
5682,Premier League (England),2024,2026-03-18 16:00:00,Pre-Team-10,Pre-Team-15,FINISHED,2.0,1.0,1.22,1.2,3.37,3.42,2.15,2.04,1.78,2.35,1.61,True
5683,Premier League (England),2024,2026-03-18 13:00:00,Pre-Team-02,Pre-Team-11,FINISHED,3.0,2.0,1.56,1.11,1.95,3.6,3.71,1.97,1.85,2.14,1.71,True
5684,Premier League (England),2024,2026-03-18 13:00:00,Pre-Team-08,Pre-Team-14,FINISHED,1.0,1.0,0.79,0.79,3.75,2.55,2.52,3.63,1.29,5.36,1.16,True
5685,Premier League (England),2024,2026-03-18 16:00:00,Pre-Team-03,Pre-Team-12,FINISHED,3.0,0.0,1.75,0.49,1.77,4.03,4.03,1.76,2.1,1.75,2.07,True
5686,Premier League (England),2024,2026-03-18 13:00:00,Pre-Team-05,Pre-Team-13,FINISHED,2.0,1.0,1.19,0.86,2.31,2.89,3.58,2.79,1.46,3.59,1.29,True
5687,Premier League (England),2024,2026-03-18 18:00:00,Pre-Team-01,Pre-Team-04,FINISHED,1.0,1.0,0.85,1.27,3.18,3.59,2.13,1.84,1.98,1.99,1.82,True
5688,Premier League (England),2024,2026-03-18 21:00:00,Pre-Team-07,Pre-Team-09,FINISHED,1.0,0.0,1.39,1.6,3.02,3.6,2.2,1.81,2.0,1.97,1.85,True
5689,La Liga (Spain),2024,2026-03-18 18:00:00,La -Team-01,La -Team-15,FINISHED,1.0,2.0,1.57,1.19,2.49,3.44,2.71,1.91,1.9,2.15,1.72,True
5690,La Liga (Spain),2024,2026-03-18 18:00:00,La -Team-09,La -Team-06,FINISHED,1.0,0.0,1.32,1.95,3.01,4.04,2.08,1.52,2.51,1.56,2.43,True
5691,La Liga (Spain),2024,2026-03-18 16:00:00,La -Team-05,La -Team-13,FINISHED,3.0,1.0,1.49,0.77,1.69,3.68,5.16,2.3,1.63,2.36,1.6,True
5692,La Liga (Spain),2024,2026-03-18 18:00:00,La -Team-07,La -Team-12,FINISHED,0.0,4.0,0.76,1.36,6.44,3.69,1.59,2.65,1.49,2.64,1.51,True
5693,La Liga (Spain),2024,2026-03-18 16:00:00,La -Team-10,La -Team-02,FINISHED,1.0,5.0,1.96,1.49,1.89,4.18,3.45,1.52,2.54,1.53,2.53,True
5694,La Liga (Spain),2024,2026-03-18 16:00:00,La -Team-14,La -Team-11,FINISHED,2.0,0.0,1.19,0.79,2.02,2.97,4.3,2.86,1.41,3.54,1.3,True
5695,La Liga (Spain),2024,2026-03-18 13:00:00,La -Team-16,La -Team-08,FINISHED,0.0,0.0,0.77,1.25,4.69,3.2,1.89,2.68,1.48,3.08,1.38,True
5696,La Liga (Spain),2024,2026-03-18 21:00:00,La -Team-04,La -Team-03,FINISHED,3.0,1.0,1.71,0.89,1.87,3.74,3.9,1.91,1.93,2.01,1.82,True
5697,Serie A (Italy),2024,2026-03-18 16:00:00,Ser-Team-04,Ser-Team-11,FINISHED,2.0,2.0,1.58,0.41,1.57,3.6,6.68,2.81,1.44,2.78,1.46,True
5698,Serie A (Italy),2024,2026-03-18 16:00:00,Ser-Team-14,Ser-Team-02,FINISHED,0.0,2.0,1.01,0.78,2.43,2.89,3.36,2.82,1.45,3.6,1.3,True
5699,Serie A (Italy),2024,2026-03-18 21:00:00,Ser-Team-13,Ser-Team-03,FINISHED,1.0,1.0,1.38,1.27,2.24,3.28,3.26,2.18,1.7,2.5,1.53,True
5700,Serie A (Italy),2024,2026-03-18 16:00:00,Ser-Team-10,Ser-Team-12,FINISHED,0.0,0.0,1.6,1.05,2.37,3.85,2.67,1.61,2.32,1.7,2.16,True
5701,Serie A (Italy),2024,2026-03-18 13:00:00,Ser-Team-01,Ser-Team-07,FINISHED,0.0,1.0,1.44,0.85,1.69,3.73,5.17,2.23,1.65,2.33,1.61,True
5702,Serie A (Italy),2024,2026-03-18 18:00:00,Ser-Team-08,Ser-Team-15,FINISHED,2.0,2.0,1.05,1.52,3.01,3.91,2.12,1.6,2.36,1.67,2.22,True
5703,Serie A (Italy),2024,2026-03-18 21:00:00,Ser-Team-09,Ser-Team-06,FINISHED,4.0,0.0,1.12,0.24,1.88,2.52,7.68,5.77,1.15,7.16,1.1,True
5704,Serie A (Italy),2024,2026-03-18 21:00:00,Ser-Team-05,Ser-Team-16,FINISHED,2.0,1.0,1.86,0.65,1.41,4.44,7.77,2.36,1.6,2.04,1.75,True
5705,Bundesliga (Germany),2024,2026-03-18 16:00:00,Bun-Team-13,Bun-Team-16,FINISHED,1.0,1.0,1.64,1.24,1.74,3.91,4.31,1.88,1.91,1.92,1.87,True
5706,Bundesliga (Germany),2024,2026-03-18 21:00:00,Bun-Team-09,Bun-Team-11,FINISHED,0.0,1.0,1.77,0.47,1.48,4.11,7.35,2.53,1.53,2.3,1.62,True
5707,Bundesliga (Germany),2024,2026-03-18 21:00:00,Bun-Team-01,Bun-Team-15,FINISHED,2.0,0.0,0.68,1.2,3.37,3.01,2.31,2.55,1.51,3.21,1.37,True
5708,Bundesliga (Germany),2024,2026-03-18 13:00:00,Bun-Team-07,Bun-Team-12,FINISHED,0.0,0.0,1.11,1.0,3.09,3.42,2.25,1.99,1.84,2.23,1.66,True
5709,Bundesliga (Germany),2024,2026-03-18 18:00:00,Bun-Team-08,Bun-Team-03,FINISHED,0.0,0.0,0.57,0.63,2.98,2.42,3.29,3.98,1.25,6.14,1.13,True
5710,Bundesliga (Germany),2024,2026-03-18 18:00:00,Bun-Team-04,Bun-Team-02,FINISHED,1.0,0.0,1.07,1.24,2.77,3.41,2.48,1.96,1.88,2.19,1.68,True
5711,Bundesliga (Germany),2024,2026-03-18 13:00:00,Bun-Team-05,Bun-Team-06,FINISHED,1.0,0.0,0.79,1.77,3.07,3.48,2.25,1.94,1.89,2.18,1.71,True
5712,Bundesliga (Germany),2024,2026-03-18 18:00:00,Bun-Team-10,Bun-Team-14,FINISHED,1.0,0.0,1.85,0.97,1.91,4.05,3.43,1.6,2.36,1.65,2.25,True
5713,Ligue 1 (France),2024,2026-03-18 18:00:00,Lig-Team-09,Lig-Team-01,FINISHED,1.0,0.0,1.15,1.43,1.85,3.56,4.27,2.16,1.71,2.31,1.61,True
5714,Ligue 1 (France),2024,2026-03-18 21:00:00,Lig-Team-14,Lig-Team-06,FINISHED,1.0,1.0,1.55,1.71,2.0,4.21,3.09,1.46,2.71,1.46,2.71,True
5715,Ligue 1 (France),2024,2026-03-18 13:00:00,Lig-Team-05,Lig-Team-02,FINISHED,3.0,0.0,1.05,0.57,2.3,2.75,3.82,3.18,1.36,4.32,1.22,True
5716,Ligue 1 (France),2024,2026-03-18 13:00:00,Lig-Team-03,Lig-Team-11,FINISHED,1.0,2.0,0.75,0.93,3.31,2.91,2.42,2.68,1.47,3.43,1.32,True
5717,Ligue 1 (France),2024,2026-03-18 13:00:00,Lig-Team-12,Lig-Team-13,FINISHED,0.0,1.0,1.51,0.5,2.01,3.13,4.02,2.55,1.52,3.03,1.38,True
5718,Ligue 1 (France),2024,2026-03-18 13:00:00,Lig-Team-04,Lig-Team-10,FINISHED,2.0,1.0,1.4,0.51,1.61,3.41,7.07,3.25,1.35,3.28,1.34,True
5719,Ligue 1 (France),2024,2026-03-18 13:00:00,Lig-Team-07,Lig-Team-15,FINISHED,2.0,2.0,0.9,1.24,2.58,3.27,2.68,2.09,1.73,2.44,1.54,True
5720,Ligue 1 (France),2024,2026-03-18 16:00:00,Lig-Team-16,Lig-Team-08,FINISHED,1.0,0.0,0.73,0.48,2.39,2.42,4.34,4.29,1.23,6.44,1.12,True
5721,Premier League (England),2024,2026-03-19 18:00:00,Pre-Team-05,Pre-Team-10,FINISHED,1.0,1.0,1.7,0.92,1.58,3.89,6.14,2.4,1.57,2.33,1.6,True
5722,Premier League (England),2024,2026-03-19 13:00:00,Pre-Team-07,Pre-Team-06,FINISHED,3.0,1.0,1.64,1.64,2.87,4.04,2.15,1.52,2.54,1.56,2.42,True
5723,Premier League (England),2024,2026-03-19 13:00:00,Pre-Team-15,Pre-Team-16,FINISHED,0.0,1.0,0.58,0.8,3.61,2.71,2.42,3.15,1.36,4.33,1.22,True
5724,Premier League (England),2024,2026-03-19 16:00:00,Pre-Team-04,Pre-Team-09,FINISHED,2.0,1.0,1.65,0.9,1.58,3.72,6.39,2.6,1.52,2.58,1.52,True
5725,Premier League (England),2024,2026-03-19 18:00:00,Pre-Team-01,Pre-Team-03,FINISHED,0.0,1.0,1.16,0.83,1.98,3.52,3.67,2.03,1.81,2.18,1.67,True
5726,Premier League (England),2024,2026-03-19 18:00:00,Pre-Team-11,Pre-Team-12,FINISHED,2.0,1.0,2.35,1.15,1.37,5.55,6.78,1.57,2.43,1.36,3.19,True
5727,Premier League (England),2024,2026-03-19 13:00:00,Pre-Team-13,Pre-Team-02,FINISHED,0.0,0.0,0.37,0.86,3.87,3.01,2.11,2.67,1.47,3.29,1.35,True
5728,Premier League (England),2024,2026-03-19 13:00:00,Pre-Team-08,Pre-Team-14,FINISHED,1.0,1.0,0.57,0.89,3.7,2.58,2.53,3.63,1.28,5.3,1.15,True
5729,La Liga (Spain),2024,2026-03-19 16:00:00,La -Team-12,La -Team-09,FINISHED,6.0,2.0,2.84,0.92,1.24,6.48,9.76,1.74,2.12,1.37,3.12,True
5730,La Liga (Spain),2024,2026-03-19 13:00:00,La -Team-06,La -Team-13,FINISHED,0.0,0.0,1.49,0.75,2.08,3.27,3.74,2.34,1.63,2.68,1.46,True
5731,La Liga (Spain),2024,2026-03-19 21:00:00,La -Team-14,La -Team-05,FINISHED,1.0,1.0,1.17,0.74,2.18,3.27,3.35,2.17,1.71,2.52,1.53,True
5732,La Liga (Spain),2024,2026-03-19 18:00:00,La -Team-11,La -Team-02,FINISHED,2.0,2.0,1.56,1.35,2.06,3.56,3.44,1.94,1.88,2.09,1.73,True
5733,La Liga (Spain),2024,2026-03-19 16:00:00,La -Team-08,La -Team-07,FINISHED,0.0,0.0,1.22,0.31,1.66,3.23,6.55,3.34,1.33,3.55,1.3,True
5734,La Liga (Spain),2024,2026-03-19 13:00:00,La -Team-16,La -Team-04,FINISHED,1.0,1.0,1.08,1.12,3.15,2.87,2.54,2.73,1.46,3.61,1.29,True
5735,La Liga (Spain),2024,2026-03-19 21:00:00,La -Team-15,La -Team-10,FINISHED,0.0,2.0,0.89,0.94,2.57,3.33,2.68,2.04,1.78,2.33,1.6,True
5736,La Liga (Spain),2024,2026-03-19 16:00:00,La -Team-01,La -Team-03,FINISHED,0.0,2.0,2.36,1.57,1.63,4.88,4.15,1.38,3.02,1.31,3.48,True
5737,Serie A (Italy),2024,2026-03-19 18:00:00,Ser-Team-14,Ser-Team-15,FINISHED,1.0,1.0,1.21,0.41,1.77,3.32,5.06,2.67,1.49,2.94,1.4,True
5738,Serie A (Italy),2024,2026-03-19 18:00:00,Ser-Team-02,Ser-Team-04,FINISHED,0.0,0.0,1.15,0.79,2.88,2.8,2.78,2.87,1.43,3.8,1.26,True
5739,Serie A (Italy),2024,2026-03-19 16:00:00,Ser-Team-09,Ser-Team-12,FINISHED,3.0,1.0,1.31,1.06,2.81,3.22,2.49,2.17,1.71,2.57,1.52,True
5740,Serie A (Italy),2024,2026-03-19 16:00:00,Ser-Team-05,Ser-Team-13,FINISHED,0.0,0.0,1.15,0.8,2.08,2.86,4.43,3.18,1.37,4.03,1.25,True
5741,Serie A (Italy),2024,2026-03-19 21:00:00,Ser-Team-16,Ser-Team-08,FINISHED,0.0,5.0,2.04,1.45,1.88,4.56,3.28,1.34,3.27,1.31,3.48,True
5742,Serie A (Italy),2024,2026-03-19 16:00:00,Ser-Team-03,Ser-Team-11,FINISHED,2.0,1.0,1.59,1.12,1.89,3.6,3.94,2.01,1.81,2.15,1.72,True
5743,Serie A (Italy),2024,2026-03-19 16:00:00,Ser-Team-06,Ser-Team-07,FINISHED,0.0,1.0,0.45,1.06,5.13,2.43,2.21,4.6,1.2,6.74,1.1,True
5744,Serie A (Italy),2024,2026-03-19 13:00:00,Ser-Team-01,Ser-Team-10,FINISHED,2.0,2.0,1.56,1.13,1.8,3.85,4.08,1.85,1.98,1.91,1.9,True
5745,Bundesliga (Germany),2024,2026-03-19 16:00:00,Bun-Team-07,Bun-Team-11,FINISHED,3.0,1.0,1.38,1.46,1.68,4.09,4.47,1.8,2.02,1.79,2.03,True
5746,Bundesliga (Germany),2024,2026-03-19 21:00:00,Bun-Team-04,Bun-Team-05,FINISHED,1.0,4.0,1.09,0.77,3.11,3.27,2.32,2.19,1.71,2.53,1.53,True
5747,Bundesliga (Germany),2024,2026-03-19 21:00:00,Bun-Team-14,Bun-Team-15,FINISHED,1.0,0.0,1.34,1.79,4.18,4.05,1.73,1.78,2.07,1.78,2.04,True
5748,Bundesliga (Germany),2024,2026-03-19 21:00:00,Bun-Team-06,Bun-Team-09,FINISHED,0.0,0.0,1.01,0.97,2.48,3.14,2.98,2.31,1.61,2.79,1.45,True
5749,Bundesliga (Germany),2024,2026-03-19 13:00:00,Bun-Team-12,Bun-Team-08,FINISHED,1.0,2.0,1.13,0.42,1.44,3.82,9.24,3.39,1.32,2.97,1.39,True
5750,Bundesliga (Germany),2024,2026-03-19 18:00:00,Bun-Team-13,Bun-Team-16,FINISHED,1.0,2.0,1.69,1.0,1.76,3.89,4.37,1.89,1.95,1.93,1.87,True
5751,Bundesliga (Germany),2024,2026-03-19 16:00:00,Bun-Team-02,Bun-Team-10,FINISHED,1.0,1.0,1.07,1.2,2.49,3.19,2.93,2.22,1.66,2.63,1.48,True
5752,Bundesliga (Germany),2024,2026-03-19 21:00:00,Bun-Team-01,Bun-Team-03,FINISHED,2.0,0.0,1.84,0.51,1.63,3.47,6.04,2.76,1.45,2.85,1.43,True
5753,Ligue 1 (France),2024,2026-03-19 21:00:00,Lig-Team-08,Lig-Team-11,FINISHED,1.0,1.0,0.41,0.93,4.18,2.91,2.1,2.96,1.4,3.75,1.29,True
5754,Ligue 1 (France),2024,2026-03-19 18:00:00,Lig-Team-05,Lig-Team-10,FINISHED,0.0,2.0,1.01,0.74,1.76,3.53,4.82,2.37,1.6,2.53,1.54,True
5755,Ligue 1 (France),2024,2026-03-19 21:00:00,Lig-Team-12,Lig-Team-14,FINISHED,0.0,3.0,1.45,1.11,1.87,3.69,3.89,1.92,1.9,2.05,1.78,True
5756,Ligue 1 (France),2024,2026-03-19 16:00:00,Lig-Team-13,Lig-Team-09,FINISHED,1.0,1.0,0.71,1.41,3.23,2.93,2.47,2.67,1.49,3.41,1.32,True
5757,Ligue 1 (France),2024,2026-03-19 18:00:00,Lig-Team-01,Lig-Team-16,FINISHED,1.0,1.0,1.57,0.6,2.31,2.92,3.48,2.65,1.48,3.35,1.33,True
5758,Ligue 1 (France),2024,2026-03-19 21:00:00,Lig-Team-15,Lig-Team-04,FINISHED,0.0,1.0,1.16,0.32,1.87,3.19,4.67,2.65,1.48,3.06,1.38,True
5759,Ligue 1 (France),2024,2026-03-19 18:00:00,Lig-Team-07,Lig-Team-03,FINISHED,1.0,0.0,1.06,0.56,1.9,2.97,5.25,3.33,1.33,3.95,1.26,True
5760,Ligue 1 (France),2024,2026-03-19 16:00:00,Lig-Team-06,Lig-Team-02,FINISHED,2.0,0.0,1.49,0.69,1.89,3.49,4.04,2.13,1.72,2.36,1.6,True
5761,Premier League (England),2024,2026-03-25 18:00:00,Pre-Team-09,Pre-Team-04,FINISHED,0.0,1.0,0.85,1.5,4.34,3.27,1.91,2.49,1.54,2.84,1.42,True
5762,Premier League (England),2024,2026-03-25 16:00:00,Pre-Team-15,Pre-Team-12,FINISHED,5.0,0.0,1.78,0.88,1.94,3.77,3.56,1.79,2.03,1.91,1.91,True
5763,Premier League (England),2024,2026-03-25 16:00:00,Pre-Team-11,Pre-Team-16,FINISHED,1.0,0.0,1.34,0.85,2.35,3.1,3.24,2.39,1.59,2.91,1.42,True
5764,Premier League (England),2024,2026-03-25 21:00:00,Pre-Team-10,Pre-Team-06,FINISHED,0.0,3.0,0.76,1.39,3.29,3.46,2.16,1.97,1.86,2.19,1.7,True
5765,Premier League (England),2024,2026-03-25 13:00:00,Pre-Team-08,Pre-Team-02,FINISHED,1.0,2.0,0.65,1.27,6.99,3.34,1.62,3.3,1.35,3.37,1.32,True
5766,Premier League (England),2024,2026-03-25 13:00:00,Pre-Team-07,Pre-Team-05,FINISHED,2.0,2.0,1.07,1.96,3.74,3.91,1.87,1.72,2.11,1.78,2.03,True
5767,Premier League (England),2024,2026-03-25 18:00:00,Pre-Team-03,Pre-Team-13,FINISHED,1.0,2.0,0.91,1.1,2.37,3.08,3.18,2.39,1.59,2.88,1.41,True
5768,Premier League (England),2024,2026-03-25 18:00:00,Pre-Team-14,Pre-Team-01,FINISHED,1.0,0.0,0.92,0.96,3.11,3.0,2.5,2.54,1.52,3.18,1.37,True
5769,La Liga (Spain),2024,2026-03-25 16:00:00,La -Team-14,La -Team-13,FINISHED,1.0,0.0,1.63,0.57,1.7,3.46,5.62,2.68,1.48,2.85,1.44,True
5770,La Liga (Spain),2024,2026-03-25 21:00:00,La -Team-11,La -Team-07,FINISHED,0.0,0.0,1.27,0.51,1.8,3.09,5.63,3.19,1.35,3.68,1.29,True
5771,La Liga (Spain),2024,2026-03-25 13:00:00,La -Team-05,La -Team-15,FINISHED,3.0,2.0,1.7,0.83,1.81,3.59,4.42,2.19,1.71,2.31,1.63,True
5772,La Liga (Spain),2024,2026-03-25 21:00:00,La -Team-16,La -Team-03,FINISHED,2.0,1.0,1.53,1.66,2.21,4.08,2.78,1.49,2.62,1.54,2.52,True
5773,La Liga (Spain),2024,2026-03-25 18:00:00,La -Team-10,La -Team-04,FINISHED,1.0,0.0,1.33,0.89,1.95,3.12,4.26,2.57,1.51,3.01,1.4,True
5774,La Liga (Spain),2024,2026-03-25 21:00:00,La -Team-09,La -Team-08,FINISHED,0.0,0.0,0.64,1.75,3.82,3.76,1.86,1.87,1.95,1.97,1.83,True
5775,La Liga (Spain),2024,2026-03-25 13:00:00,La -Team-02,La -Team-01,FINISHED,2.0,1.0,2.11,1.29,1.89,4.35,3.36,1.44,2.77,1.44,2.76,True
5776,La Liga (Spain),2024,2026-03-25 18:00:00,La -Team-06,La -Team-12,FINISHED,0.0,2.0,0.78,1.47,3.64,3.41,2.04,2.09,1.74,2.34,1.6,True
5777,Serie A (Italy),2024,2026-03-25 21:00:00,Ser-Team-06,Ser-Team-15,FINISHED,0.0,0.0,0.05,0.94,4.49,2.2,2.61,5.26,1.16,8.91,1.07,True
5778,Serie A (Italy),2024,2026-03-25 18:00:00,Ser-Team-04,Ser-Team-03,FINISHED,1.0,1.0,1.6,0.82,1.69,3.69,5.02,2.21,1.67,2.3,1.64,True
5779,Serie A (Italy),2024,2026-03-25 18:00:00,Ser-Team-12,Ser-Team-09,FINISHED,2.0,4.0,1.46,0.87,1.98,3.4,3.91,2.21,1.67,2.47,1.56,True
5780,Serie A (Italy),2024,2026-03-25 13:00:00,Ser-Team-05,Ser-Team-13,FINISHED,1.0,0.0,0.95,0.58,2.09,2.84,4.43,3.15,1.37,4.01,1.25,True
5781,Serie A (Italy),2024,2026-03-25 16:00:00,Ser-Team-14,Ser-Team-08,FINISHED,4.0,2.0,2.23,0.8,1.29,5.81,8.92,1.87,1.95,1.51,2.59,True
5782,Serie A (Italy),2024,2026-03-25 18:00:00,Ser-Team-02,Ser-Team-16,FINISHED,1.0,2.0,1.98,1.22,1.45,4.33,6.91,2.19,1.68,2.01,1.82,True
5783,Serie A (Italy),2024,2026-03-25 21:00:00,Ser-Team-10,Ser-Team-07,FINISHED,0.0,2.0,1.63,1.26,1.85,4.04,3.73,1.66,2.24,1.7,2.2,True
5784,Serie A (Italy),2024,2026-03-25 18:00:00,Ser-Team-01,Ser-Team-11,FINISHED,0.0,1.0,1.64,0.53,1.49,3.95,7.17,2.63,1.51,2.45,1.57,True
5785,Bundesliga (Germany),2024,2026-03-25 13:00:00,Bun-Team-05,Bun-Team-02,FINISHED,0.0,3.0,1.56,0.92,2.16,3.23,3.45,2.25,1.65,2.65,1.49,True
5786,Bundesliga (Germany),2024,2026-03-25 18:00:00,Bun-Team-15,Bun-Team-03,FINISHED,1.0,0.0,1.52,0.41,1.45,3.8,9.66,3.54,1.3,3.07,1.39,True
5787,Bundesliga (Germany),2024,2026-03-25 13:00:00,Bun-Team-06,Bun-Team-11,FINISHED,1.0,2.0,2.67,1.26,1.33,5.69,7.67,1.69,2.18,1.42,2.87,True
5788,Bundesliga (Germany),2024,2026-03-25 21:00:00,Bun-Team-10,Bun-Team-13,FINISHED,3.0,1.0,1.74,1.12,2.08,3.62,3.31,1.84,1.99,1.96,1.83,True
5789,Bundesliga (Germany),2024,2026-03-25 16:00:00,Bun-Team-07,Bun-Team-12,FINISHED,4.0,0.0,1.19,1.33,3.09,3.43,2.24,1.96,1.84,2.24,1.67,True
5790,Bundesliga (Germany),2024,2026-03-25 18:00:00,Bun-Team-08,Bun-Team-14,FINISHED,4.0,3.0,1.0,1.24,3.56,3.44,2.06,2.07,1.75,2.32,1.62,True
5791,Bundesliga (Germany),2024,2026-03-25 13:00:00,Bun-Team-16,Bun-Team-04,FINISHED,1.0,1.0,1.18,1.1,2.57,3.26,2.78,2.16,1.72,2.54,1.53,True
5792,Bundesliga (Germany),2024,2026-03-25 16:00:00,Bun-Team-09,Bun-Team-01,FINISHED,1.0,0.0,1.09,0.47,2.01,3.0,4.4,2.91,1.43,3.49,1.3,True
5793,Ligue 1 (France),2024,2026-03-25 16:00:00,Lig-Team-05,Lig-Team-16,FINISHED,0.0,2.0,0.86,0.75,2.75,2.68,3.07,3.16,1.37,4.44,1.22,True
5794,Ligue 1 (France),2024,2026-03-25 18:00:00,Lig-Team-08,Lig-Team-10,FINISHED,2.0,0.0,0.96,0.62,2.09,2.9,4.2,2.98,1.4,3.77,1.26,True
5795,Ligue 1 (France),2024,2026-03-25 16:00:00,Lig-Team-02,Lig-Team-14,FINISHED,1.0,1.0,0.98,1.42,3.16,3.03,2.44,2.48,1.55,3.07,1.38,True
5796,Ligue 1 (France),2024,2026-03-25 18:00:00,Lig-Team-11,Lig-Team-07,FINISHED,1.0,0.0,0.85,1.22,2.62,3.08,2.81,2.39,1.6,2.93,1.41,True
5797,Ligue 1 (France),2024,2026-03-25 18:00:00,Lig-Team-01,Lig-Team-04,FINISHED,1.0,0.0,1.0,0.72,2.81,2.83,2.85,2.76,1.45,3.67,1.3,True
5798,Ligue 1 (France),2024,2026-03-25 21:00:00,Lig-Team-15,Lig-Team-03,FINISHED,2.0,0.0,1.43,0.61,1.57,3.79,6.14,2.51,1.55,2.47,1.54,True
5799,Ligue 1 (France),2024,2026-03-25 16:00:00,Lig-Team-06,Lig-Team-12,FINISHED,2.0,4.0,1.22,1.42,2.87,3.82,2.24,1.65,2.26,1.76,2.1,True
5800,Ligue 1 (France),2024,2026-03-25 21:00:00,Lig-Team-09,Lig-Team-13,FINISHED,1.0,2.0,1.14,0.59,1.95,3.12,4.44,2.7,1.47,3.19,1.35,True
5801,Premier League (England),2024,2026-03-26 18:00:00,Pre-Team-13,Pre-Team-14,FINISHED,0.0,0.0,0.84,0.53,2.36,2.74,3.69,3.1,1.38,4.23,1.24,True
5802,Premier League (England),2024,2026-03-26 16:00:00,Pre-Team-04,Pre-Team-10,FINISHED,0.0,0.0,2.45,0.68,1.2,6.77,13.35,2.18,1.7,1.51,2.55,True
5803,Premier League (England),2024,2026-03-26 13:00:00,Pre-Team-16,Pre-Team-08,FINISHED,0.0,0.0,1.09,0.42,1.67,3.0,7.79,4.22,1.23,4.51,1.19,True
5804,Premier League (England),2024,2026-03-26 21:00:00,Pre-Team-01,Pre-Team-15,FINISHED,0.0,3.0,1.5,0.87,1.86,3.54,4.15,2.12,1.74,2.29,1.61,True
5805,Premier League (England),2024,2026-03-26 18:00:00,Pre-Team-09,Pre-Team-11,FINISHED,2.0,3.0,0.72,1.19,3.39,3.33,2.18,2.15,1.7,2.5,1.55,True
5806,Premier League (England),2024,2026-03-26 13:00:00,Pre-Team-05,Pre-Team-02,FINISHED,1.0,2.0,0.44,1.1,3.52,2.88,2.31,2.77,1.45,3.54,1.3,True
5807,Premier League (England),2024,2026-03-26 21:00:00,Pre-Team-06,Pre-Team-03,FINISHED,2.0,2.0,1.4,0.62,2.58,3.25,2.77,2.14,1.71,2.54,1.51,True
5808,Premier League (England),2024,2026-03-26 13:00:00,Pre-Team-12,Pre-Team-07,FINISHED,6.0,3.0,2.43,1.49,1.77,4.78,3.53,1.3,3.52,1.26,3.95,True
5809,La Liga (Spain),2024,2026-03-26 13:00:00,La -Team-09,La -Team-01,FINISHED,2.0,2.0,1.73,1.71,2.43,4.26,2.44,1.38,3.08,1.39,3.08,True
5810,La Liga (Spain),2024,2026-03-26 13:00:00,La -Team-07,La -Team-08,FINISHED,1.0,0.0,0.64,1.24,4.65,2.86,2.0,3.21,1.36,4.01,1.25,True
5811,La Liga (Spain),2024,2026-03-26 16:00:00,La -Team-13,La -Team-14,FINISHED,1.0,3.0,0.95,1.22,3.97,3.08,2.06,2.57,1.5,3.12,1.37,True
5812,La Liga (Spain),2024,2026-03-26 16:00:00,La -Team-04,La -Team-03,FINISHED,1.0,0.0,1.36,1.02,1.87,3.72,3.89,1.9,1.91,2.0,1.82,True
5813,La Liga (Spain),2024,2026-03-26 18:00:00,La -Team-15,La -Team-12,FINISHED,2.0,2.0,0.96,1.26,3.88,3.36,1.99,2.28,1.65,2.59,1.52,True
5814,La Liga (Spain),2024,2026-03-26 16:00:00,La -Team-06,La -Team-02,FINISHED,1.0,0.0,1.5,1.67,2.03,3.91,3.15,1.6,2.32,1.67,2.22,True
5815,La Liga (Spain),2024,2026-03-26 16:00:00,La -Team-05,La -Team-10,FINISHED,3.0,1.0,1.43,1.05,1.89,3.69,3.79,1.87,1.95,1.97,1.84,True
5816,La Liga (Spain),2024,2026-03-26 21:00:00,La -Team-11,La -Team-16,FINISHED,3.0,0.0,1.46,0.59,1.68,3.46,5.73,2.7,1.47,2.82,1.42,True
5817,Serie A (Italy),2024,2026-03-26 16:00:00,Ser-Team-14,Ser-Team-15,FINISHED,1.0,1.0,1.93,0.33,1.77,3.34,5.06,2.64,1.49,2.94,1.4,True
5818,Serie A (Italy),2024,2026-03-26 21:00:00,Ser-Team-03,Ser-Team-08,FINISHED,2.0,2.0,2.39,1.69,1.41,5.54,5.96,1.47,2.74,1.3,3.6,True
5819,Serie A (Italy),2024,2026-03-26 21:00:00,Ser-Team-05,Ser-Team-10,FINISHED,0.0,3.0,1.29,1.0,2.09,3.46,3.5,2.03,1.78,2.28,1.63,True
5820,Serie A (Italy),2024,2026-03-26 21:00:00,Ser-Team-11,Ser-Team-04,FINISHED,1.0,0.0,0.87,1.08,4.57,3.16,1.9,2.69,1.47,3.11,1.36,True
5821,Serie A (Italy),2024,2026-03-26 18:00:00,Ser-Team-16,Ser-Team-09,FINISHED,1.0,0.0,1.24,1.42,3.73,3.61,1.94,1.96,1.86,2.12,1.76,True
5822,Serie A (Italy),2024,2026-03-26 18:00:00,Ser-Team-02,Ser-Team-13,FINISHED,2.0,0.0,0.94,0.77,2.18,2.87,3.95,2.96,1.41,3.76,1.27,True
5823,Serie A (Italy),2024,2026-03-26 16:00:00,Ser-Team-07,Ser-Team-06,FINISHED,2.0,1.0,0.82,0.61,1.83,2.66,7.01,4.82,1.2,5.78,1.14,True
5824,Serie A (Italy),2024,2026-03-26 13:00:00,Ser-Team-01,Ser-Team-12,FINISHED,2.0,0.0,1.45,0.83,2.04,3.37,3.66,2.13,1.71,2.44,1.55,True
5825,Bundesliga (Germany),2024,2026-03-26 16:00:00,Bun-Team-07,Bun-Team-05,FINISHED,3.0,1.0,1.24,1.0,2.36,3.21,3.09,2.22,1.67,2.66,1.5,True
5826,Bundesliga (Germany),2024,2026-03-26 13:00:00,Bun-Team-16,Bun-Team-03,FINISHED,0.0,0.0,1.13,0.58,2.32,2.88,3.57,2.83,1.45,3.72,1.28,True
5827,Bundesliga (Germany),2024,2026-03-26 13:00:00,Bun-Team-12,Bun-Team-15,FINISHED,0.0,0.0,0.95,0.81,2.67,3.03,2.83,2.43,1.55,3.03,1.39,True
5828,Bundesliga (Germany),2024,2026-03-26 16:00:00,Bun-Team-14,Bun-Team-09,FINISHED,2.0,2.0,0.83,1.42,3.89,3.72,1.87,1.9,1.91,2.01,1.81,True
5829,Bundesliga (Germany),2024,2026-03-26 21:00:00,Bun-Team-11,Bun-Team-13,FINISHED,2.0,3.0,1.38,1.69,2.7,4.02,2.26,1.49,2.66,1.51,2.55,True
5830,Bundesliga (Germany),2024,2026-03-26 21:00:00,Bun-Team-06,Bun-Team-10,FINISHED,0.0,1.0,1.25,0.89,1.73,3.86,4.51,1.97,1.83,2.02,1.78,True
5831,Bundesliga (Germany),2024,2026-03-26 18:00:00,Bun-Team-01,Bun-Team-04,FINISHED,1.0,1.0,1.59,1.04,1.71,3.8,4.72,2.08,1.75,2.13,1.73,True
5832,Bundesliga (Germany),2024,2026-03-26 13:00:00,Bun-Team-08,Bun-Team-02,FINISHED,0.0,2.0,0.66,1.1,4.03,2.81,2.2,3.08,1.38,4.04,1.25,True
5833,Ligue 1 (France),2024,2026-03-26 18:00:00,Lig-Team-08,Lig-Team-15,FINISHED,1.0,0.0,0.81,1.6,5.57,3.42,1.7,2.67,1.47,2.85,1.44,True
5834,Ligue 1 (France),2024,2026-03-26 21:00:00,Lig-Team-16,Lig-Team-10,FINISHED,1.0,1.0,1.46,0.85,1.8,3.14,5.39,2.97,1.4,3.36,1.33,True
5835,Ligue 1 (France),2024,2026-03-26 16:00:00,Lig-Team-12,Lig-Team-01,FINISHED,5.0,0.0,1.33,0.99,1.91,3.57,3.85,2.03,1.79,2.22,1.67,True
5836,Ligue 1 (France),2024,2026-03-26 18:00:00,Lig-Team-03,Lig-Team-07,FINISHED,1.0,0.0,0.92,0.65,3.82,2.73,2.3,3.19,1.36,4.36,1.22,True
5837,Ligue 1 (France),2024,2026-03-26 18:00:00,Lig-Team-09,Lig-Team-05,FINISHED,1.0,0.0,1.31,0.69,1.75,3.42,5.25,2.6,1.51,2.8,1.45,True
5838,Ligue 1 (France),2024,2026-03-26 21:00:00,Lig-Team-04,Lig-Team-06,FINISHED,1.0,1.0,1.19,1.02,1.98,3.37,3.87,2.22,1.67,2.52,1.53,True
5839,Ligue 1 (France),2024,2026-03-26 13:00:00,Lig-Team-11,Lig-Team-14,FINISHED,0.0,1.0,1.69,1.38,1.8,3.85,4.13,1.86,1.93,1.93,1.87,True
5840,Ligue 1 (France),2024,2026-03-26 18:00:00,Lig-Team-13,Lig-Team-02,FINISHED,0.0,0.0,1.33,0.56,2.13,2.72,4.47,3.48,1.32,4.63,1.21,True
5841,Premier League (England),2024,2026-04-01 18:00:00,Pre-Team-04,Pre-Team-15,FINISHED,3.0,1.0,1.87,0.45,1.49,4.23,6.68,2.22,1.66,2.06,1.76,True
5842,Premier League (England),2024,2026-04-01 13:00:00,Pre-Team-11,Pre-Team-06,FINISHED,3.0,0.0,1.73,0.97,1.6,4.2,5.07,1.84,1.96,1.8,2.03,True
5843,Premier League (England),2024,2026-04-01 13:00:00,Pre-Team-09,Pre-Team-02,FINISHED,1.0,2.0,0.77,1.27,4.31,2.88,2.07,3.05,1.39,3.84,1.28,True
5844,Premier League (England),2024,2026-04-01 18:00:00,Pre-Team-16,Pre-Team-13,FINISHED,2.0,0.0,0.81,0.9,2.16,2.77,4.42,3.37,1.32,4.5,1.2,True
5845,Premier League (England),2024,2026-04-01 18:00:00,Pre-Team-10,Pre-Team-01,FINISHED,0.0,1.0,1.14,1.64,4.53,3.98,1.69,1.86,1.94,1.87,1.93,True
5846,Premier League (England),2024,2026-04-01 18:00:00,Pre-Team-07,Pre-Team-14,FINISHED,1.0,2.0,1.0,1.14,2.95,3.56,2.27,1.86,1.95,2.03,1.77,True
5847,Premier League (England),2024,2026-04-01 13:00:00,Pre-Team-12,Pre-Team-05,FINISHED,1.0,0.0,1.33,1.45,3.22,3.48,2.15,1.96,1.87,2.15,1.72,True
5848,Premier League (England),2024,2026-04-01 16:00:00,Pre-Team-08,Pre-Team-03,FINISHED,0.0,0.0,0.34,1.13,3.9,2.97,2.14,2.78,1.44,3.42,1.31,True
5849,La Liga (Spain),2024,2026-04-01 13:00:00,La -Team-11,La -Team-08,FINISHED,0.0,0.0,0.84,0.5,2.89,2.63,3.02,3.25,1.36,4.63,1.2,True
5850,La Liga (Spain),2024,2026-04-01 21:00:00,La -Team-12,La -Team-03,FINISHED,1.0,0.0,3.09,1.13,1.18,7.53,12.12,1.75,2.09,1.29,3.55,True
5851,La Liga (Spain),2024,2026-04-01 13:00:00,La -Team-09,La -Team-06,FINISHED,2.0,2.0,1.48,1.98,3.0,4.05,2.07,1.52,2.52,1.57,2.42,True
5852,La Liga (Spain),2024,2026-04-01 18:00:00,La -Team-16,La -Team-14,FINISHED,0.0,3.0,0.49,1.69,5.69,3.72,1.64,2.43,1.57,2.43,1.54,True
5853,La Liga (Spain),2024,2026-04-01 21:00:00,La -Team-15,La -Team-05,FINISHED,1.0,3.0,1.3,1.27,3.13,3.33,2.3,2.11,1.75,2.43,1.56,True
5854,La Liga (Spain),2024,2026-04-01 13:00:00,La -Team-01,La -Team-04,FINISHED,0.0,0.0,1.2,0.59,2.32,3.13,3.27,2.34,1.61,2.8,1.45,True
5855,La Liga (Spain),2024,2026-04-01 18:00:00,La -Team-02,La -Team-13,FINISHED,0.0,3.0,1.6,1.29,1.98,3.74,3.42,1.76,2.07,1.89,1.92,True
5856,La Liga (Spain),2024,2026-04-01 18:00:00,La -Team-10,La -Team-07,FINISHED,2.0,0.0,1.63,0.91,1.62,3.74,5.83,2.39,1.6,2.39,1.58,True
5857,Serie A (Italy),2024,2026-04-01 16:00:00,Ser-Team-06,Ser-Team-05,FINISHED,2.0,1.0,-0.15,1.08,7.44,2.29,2.04,6.48,1.1,9.19,1.07,True
5858,Serie A (Italy),2024,2026-04-01 13:00:00,Ser-Team-12,Ser-Team-09,FINISHED,1.0,0.0,1.43,0.68,1.96,3.41,3.89,2.21,1.67,2.47,1.55,True
5859,Serie A (Italy),2024,2026-04-01 18:00:00,Ser-Team-07,Ser-Team-15,FINISHED,2.0,1.0,1.38,0.76,2.01,3.37,3.77,2.2,1.68,2.48,1.53,True
5860,Serie A (Italy),2024,2026-04-01 16:00:00,Ser-Team-04,Ser-Team-11,FINISHED,1.0,1.0,1.44,0.7,1.58,3.63,6.67,2.8,1.45,2.81,1.45,True
5861,Serie A (Italy),2024,2026-04-01 16:00:00,Ser-Team-08,Ser-Team-13,FINISHED,0.0,2.0,0.99,1.93,3.93,3.95,1.82,1.75,2.08,1.79,2.02,True
5862,Serie A (Italy),2024,2026-04-01 13:00:00,Ser-Team-01,Ser-Team-10,FINISHED,1.0,0.0,1.57,1.11,1.8,3.86,4.04,1.84,1.97,1.91,1.91,True
5863,Serie A (Italy),2024,2026-04-01 13:00:00,Ser-Team-14,Ser-Team-16,FINISHED,1.0,1.0,1.93,0.62,1.44,4.56,7.19,2.15,1.7,1.91,1.89,True
5864,Serie A (Italy),2024,2026-04-01 21:00:00,Ser-Team-03,Ser-Team-02,FINISHED,1.0,1.0,1.17,0.95,2.9,3.26,2.46,2.12,1.7,2.47,1.53,True
5865,Bundesliga (Germany),2024,2026-04-01 21:00:00,Bun-Team-02,Bun-Team-08,FINISHED,2.0,0.0,1.48,0.65,1.79,3.08,5.6,3.19,1.35,3.67,1.28,True
5866,Bundesliga (Germany),2024,2026-04-01 16:00:00,Bun-Team-10,Bun-Team-14,FINISHED,4.0,1.0,1.83,1.42,1.91,3.99,3.42,1.6,2.34,1.63,2.27,True
5867,Bundesliga (Germany),2024,2026-04-01 13:00:00,Bun-Team-05,Bun-Team-06,FINISHED,2.0,1.0,1.22,0.98,3.06,3.47,2.25,1.95,1.9,2.17,1.7,True
5868,Bundesliga (Germany),2024,2026-04-01 21:00:00,Bun-Team-01,Bun-Team-16,FINISHED,5.0,0.0,1.52,0.4,1.67,3.63,5.37,2.42,1.59,2.52,1.54,True
5869,Bundesliga (Germany),2024,2026-04-01 16:00:00,Bun-Team-04,Bun-Team-09,FINISHED,1.0,3.0,0.49,1.47,4.74,3.2,1.87,2.7,1.49,3.04,1.37,True
5870,Bundesliga (Germany),2024,2026-04-01 21:00:00,Bun-Team-11,Bun-Team-13,FINISHED,2.0,1.0,1.59,1.88,2.7,4.07,2.25,1.49,2.63,1.51,2.54,True
5871,Bundesliga (Germany),2024,2026-04-01 16:00:00,Bun-Team-03,Bun-Team-15,FINISHED,1.0,1.0,0.35,1.54,6.51,3.22,1.69,3.34,1.34,3.59,1.28,True
5872,Bundesliga (Germany),2024,2026-04-01 18:00:00,Bun-Team-12,Bun-Team-07,FINISHED,3.0,2.0,1.51,0.74,1.77,3.74,4.39,2.02,1.78,2.13,1.72,True
5873,Ligue 1 (France),2024,2026-04-01 13:00:00,Lig-Team-06,Lig-Team-02,FINISHED,2.0,0.0,1.46,1.14,1.91,3.5,4.06,2.16,1.72,2.35,1.61,True
5874,Ligue 1 (France),2024,2026-04-01 13:00:00,Lig-Team-16,Lig-Team-15,FINISHED,1.0,0.0,0.42,1.6,4.25,3.22,1.96,2.5,1.53,2.92,1.41,True
5875,Ligue 1 (France),2024,2026-04-01 21:00:00,Lig-Team-08,Lig-Team-01,FINISHED,0.0,1.0,0.93,1.12,3.22,2.89,2.47,2.72,1.47,3.55,1.3,True
5876,Ligue 1 (France),2024,2026-04-01 16:00:00,Lig-Team-09,Lig-Team-04,FINISHED,0.0,1.0,1.08,0.7,2.33,2.67,3.89,3.36,1.32,4.57,1.19,True
5877,Ligue 1 (France),2024,2026-04-01 18:00:00,Lig-Team-11,Lig-Team-05,FINISHED,1.0,1.0,1.71,0.42,1.73,3.57,4.95,2.36,1.6,2.47,1.55,True
5878,Ligue 1 (France),2024,2026-04-01 16:00:00,Lig-Team-13,Lig-Team-14,FINISHED,4.0,0.0,1.6,0.97,2.34,3.3,3.07,2.12,1.73,2.47,1.54,True
5879,Ligue 1 (France),2024,2026-04-01 16:00:00,Lig-Team-10,Lig-Team-07,FINISHED,0.0,2.0,0.84,1.44,6.46,3.8,1.55,2.62,1.51,2.5,1.53,True
5880,Ligue 1 (France),2024,2026-04-01 13:00:00,Lig-Team-03,Lig-Team-12,FINISHED,1.0,1.0,0.39,0.83,3.16,2.85,2.54,2.83,1.44,3.67,1.29,True
5881,Premier League (England),2024,2026-04-02 16:00:00,Pre-Team-06,Pre-Team-11,FINISHED,0.0,2.0,1.0,1.39,3.41,3.7,2.01,1.8,2.05,1.89,1.9,True
5882,Premier League (England),2024,2026-04-02 13:00:00,Pre-Team-05,Pre-Team-10,FINISHED,5.0,1.0,1.51,0.44,1.54,3.87,6.13,2.4,1.59,2.32,1.61,True
5883,Premier League (England),2024,2026-04-02 13:00:00,Pre-Team-15,Pre-Team-16,FINISHED,0.0,2.0,0.8,0.72,3.58,2.72,2.43,3.17,1.34,4.28,1.22,True
5884,Premier League (England),2024,2026-04-02 21:00:00,Pre-Team-09,Pre-Team-07,FINISHED,2.0,1.0,1.6,0.89,1.74,3.93,4.37,1.86,1.97,1.88,1.93,True
5885,Premier League (England),2024,2026-04-02 13:00:00,Pre-Team-02,Pre-Team-13,FINISHED,0.0,0.0,1.24,0.57,1.74,3.36,5.53,2.75,1.45,2.99,1.4,True
5886,Premier League (England),2024,2026-04-02 18:00:00,Pre-Team-14,Pre-Team-04,FINISHED,1.0,0.0,0.86,1.45,4.51,3.23,1.9,2.59,1.51,2.95,1.41,True
5887,Premier League (England),2024,2026-04-02 16:00:00,Pre-Team-01,Pre-Team-12,FINISHED,2.0,1.0,2.12,1.29,1.54,4.64,5.16,1.68,2.21,1.56,2.42,True
5888,Premier League (England),2024,2026-04-02 21:00:00,Pre-Team-03,Pre-Team-08,FINISHED,0.0,0.0,1.22,0.39,1.76,3.25,5.52,2.87,1.42,3.15,1.37,True
5889,La Liga (Spain),2024,2026-04-02 16:00:00,La -Team-14,La -Team-01,FINISHED,3.0,1.0,1.73,1.1,1.56,4.08,5.68,2.08,1.75,2.02,1.81,True
5890,La Liga (Spain),2024,2026-04-02 16:00:00,La -Team-08,La -Team-04,FINISHED,2.0,0.0,1.12,0.78,2.03,2.71,5.04,3.66,1.29,4.72,1.19,True
5891,La Liga (Spain),2024,2026-04-02 21:00:00,La -Team-15,La -Team-16,FINISHED,0.0,2.0,1.25,1.11,1.71,3.6,5.05,2.3,1.63,2.41,1.56,True
5892,La Liga (Spain),2024,2026-04-02 18:00:00,La -Team-10,La -Team-09,FINISHED,6.0,0.0,2.41,1.4,1.51,5.02,5.1,1.52,2.6,1.38,2.98,True
5893,La Liga (Spain),2024,2026-04-02 16:00:00,La -Team-07,La -Team-13,FINISHED,2.0,2.0,1.09,0.85,3.2,2.87,2.53,2.75,1.45,3.59,1.3,True
5894,La Liga (Spain),2024,2026-04-02 16:00:00,La -Team-06,La -Team-02,FINISHED,1.0,0.0,1.66,0.9,2.04,3.93,3.16,1.6,2.34,1.66,2.22,True
5895,La Liga (Spain),2024,2026-04-02 21:00:00,La -Team-11,La -Team-12,FINISHED,0.0,3.0,0.57,1.15,3.54,3.01,2.26,2.57,1.51,3.21,1.35,True
5896,La Liga (Spain),2024,2026-04-02 21:00:00,La -Team-03,La -Team-05,FINISHED,0.0,1.0,0.8,2.5,5.07,4.92,1.51,1.5,2.59,1.39,3.03,True
5897,Serie A (Italy),2024,2026-04-02 13:00:00,Ser-Team-13,Ser-Team-02,FINISHED,2.0,0.0,0.93,0.94,2.98,2.77,2.77,2.9,1.4,3.91,1.25,True
5898,Serie A (Italy),2024,2026-04-02 18:00:00,Ser-Team-06,Ser-Team-16,FINISHED,0.0,0.0,0.94,0.74,3.39,2.46,2.83,3.73,1.27,5.75,1.14,True
5899,Serie A (Italy),2024,2026-04-02 16:00:00,Ser-Team-04,Ser-Team-10,FINISHED,1.0,1.0,1.33,1.42,1.92,3.63,3.79,1.94,1.85,2.11,1.75,True
5900,Serie A (Italy),2024,2026-04-02 18:00:00,Ser-Team-11,Ser-Team-12,FINISHED,0.0,2.0,0.66,1.41,4.01,3.5,1.91,2.14,1.71,2.36,1.6,True
5901,Serie A (Italy),2024,2026-04-02 18:00:00,Ser-Team-03,Ser-Team-08,FINISHED,3.0,1.0,2.89,1.04,1.41,5.55,5.93,1.47,2.73,1.29,3.57,True
5902,Serie A (Italy),2024,2026-04-02 16:00:00,Ser-Team-15,Ser-Team-14,FINISHED,1.0,4.0,0.87,0.88,3.62,3.06,2.19,2.59,1.52,3.19,1.36,True
5903,Serie A (Italy),2024,2026-04-02 21:00:00,Ser-Team-05,Ser-Team-01,FINISHED,1.0,1.0,0.54,0.93,2.77,2.83,2.9,2.79,1.45,3.75,1.28,True
5904,Serie A (Italy),2024,2026-04-02 13:00:00,Ser-Team-07,Ser-Team-09,FINISHED,0.0,1.0,1.23,0.92,2.49,3.2,2.93,2.22,1.67,2.62,1.48,True
5905,Bundesliga (Germany),2024,2026-04-02 21:00:00,Bun-Team-01,Bun-Team-11,FINISHED,2.0,1.0,1.8,0.89,1.62,4.12,4.95,1.88,1.92,1.83,1.99,True
5906,Bundesliga (Germany),2024,2026-04-02 21:00:00,Bun-Team-03,Bun-Team-07,FINISHED,2.0,0.0,0.97,1.02,3.87,3.14,2.08,2.51,1.54,3.0,1.4,True
5907,Bundesliga (Germany),2024,2026-04-02 18:00:00,Bun-Team-04,Bun-Team-12,FINISHED,0.0,1.0,0.78,1.73,4.35,3.83,1.77,1.97,1.82,2.06,1.79,True
5908,Bundesliga (Germany),2024,2026-04-02 16:00:00,Bun-Team-14,Bun-Team-05,FINISHED,3.0,1.0,1.52,1.24,2.51,3.83,2.48,1.6,2.35,1.67,2.2,True
5909,Bundesliga (Germany),2024,2026-04-02 21:00:00,Bun-Team-06,Bun-Team-08,FINISHED,0.0,0.0,1.84,0.54,1.38,4.34,9.63,2.91,1.4,2.38,1.58,True
5910,Bundesliga (Germany),2024,2026-04-02 16:00:00,Bun-Team-10,Bun-Team-02,FINISHED,3.0,1.0,1.36,1.15,2.22,3.23,3.32,2.24,1.66,2.62,1.49,True
5911,Bundesliga (Germany),2024,2026-04-02 21:00:00,Bun-Team-09,Bun-Team-15,FINISHED,0.0,0.0,0.95,0.66,2.8,2.55,3.23,3.42,1.33,4.99,1.18,True
5912,Bundesliga (Germany),2024,2026-04-02 16:00:00,Bun-Team-13,Bun-Team-16,FINISHED,0.0,3.0,1.64,1.29,1.75,3.87,4.27,1.89,1.92,1.93,1.88,True
5913,Ligue 1 (France),2024,2026-04-02 18:00:00,Lig-Team-02,Lig-Team-15,FINISHED,0.0,2.0,0.54,1.6,5.57,3.51,1.68,2.56,1.5,2.72,1.46,True
5914,Ligue 1 (France),2024,2026-04-02 18:00:00,Lig-Team-10,Lig-Team-05,FINISHED,3.0,1.0,0.9,1.19,3.43,3.23,2.2,2.28,1.61,2.69,1.47,True
5915,Ligue 1 (France),2024,2026-04-02 21:00:00,Lig-Team-06,Lig-Team-12,FINISHED,3.0,3.0,1.23,1.88,2.86,3.83,2.24,1.65,2.24,1.74,2.1,True
5916,Ligue 1 (France),2024,2026-04-02 13:00:00,Lig-Team-16,Lig-Team-03,FINISHED,0.0,0.0,0.93,0.4,2.74,2.48,3.51,3.86,1.27,5.87,1.13,True
5917,Ligue 1 (France),2024,2026-04-02 13:00:00,Lig-Team-09,Lig-Team-14,FINISHED,2.0,1.0,1.29,0.77,1.8,3.7,4.34,2.05,1.79,2.15,1.7,True
5918,Ligue 1 (France),2024,2026-04-02 13:00:00,Lig-Team-07,Lig-Team-08,FINISHED,1.0,1.0,1.43,0.39,1.72,3.07,6.83,3.77,1.28,4.1,1.24,True
5919,Ligue 1 (France),2024,2026-04-02 16:00:00,Lig-Team-11,Lig-Team-04,FINISHED,0.0,1.0,1.02,0.59,2.35,2.8,3.62,2.99,1.4,3.92,1.26,True
5920,Ligue 1 (France),2024,2026-04-02 18:00:00,Lig-Team-13,Lig-Team-01,FINISHED,1.0,2.0,1.28,0.95,2.39,3.19,3.08,2.24,1.66,2.72,1.47,True
5921,Premier League (England),2024,2026-04-08 18:00:00,Pre-Team-02,Pre-Team-08,FINISHED,1.0,0.0,1.47,0.55,1.4,4.06,10.51,3.53,1.29,2.86,1.44,True
5922,Premier League (England),2024,2026-04-08 21:00:00,Pre-Team-07,Pre-Team-01,FINISHED,1.0,4.0,1.27,2.64,4.11,4.6,1.67,1.46,2.72,1.41,2.92,True
5923,Premier League (England),2024,2026-04-08 18:00:00,Pre-Team-05,Pre-Team-14,FINISHED,0.0,1.0,1.19,0.91,2.22,2.69,4.09,3.27,1.34,4.47,1.21,True
5924,Premier League (England),2024,2026-04-08 13:00:00,Pre-Team-06,Pre-Team-03,FINISHED,1.0,1.0,0.95,1.26,2.55,3.23,2.79,2.14,1.7,2.53,1.51,True
5925,Premier League (England),2024,2026-04-08 21:00:00,Pre-Team-12,Pre-Team-10,FINISHED,2.0,1.0,1.88,1.12,1.76,4.21,3.95,1.61,2.32,1.59,2.37,True
5926,Premier League (England),2024,2026-04-08 16:00:00,Pre-Team-16,Pre-Team-11,FINISHED,0.0,1.0,1.08,0.71,2.45,3.08,3.05,2.37,1.59,2.9,1.41,True
5927,Premier League (England),2024,2026-04-08 16:00:00,Pre-Team-15,Pre-Team-04,FINISHED,2.0,3.0,1.16,1.58,4.42,3.62,1.79,2.13,1.73,2.26,1.65,True
5928,Premier League (England),2024,2026-04-08 13:00:00,Pre-Team-13,Pre-Team-09,FINISHED,0.0,0.0,0.78,0.98,2.37,2.8,3.54,3.01,1.4,3.99,1.25,True
5929,La Liga (Spain),2024,2026-04-08 21:00:00,La -Team-09,La -Team-02,FINISHED,2.0,1.0,1.88,1.79,2.75,4.62,2.1,1.27,3.81,1.25,4.08,True
5930,La Liga (Spain),2024,2026-04-08 16:00:00,La -Team-01,La -Team-03,FINISHED,2.0,2.0,2.28,1.64,1.63,4.87,4.13,1.38,3.06,1.32,3.48,True
5931,La Liga (Spain),2024,2026-04-08 16:00:00,La -Team-08,La -Team-11,FINISHED,0.0,1.0,1.09,0.67,2.37,2.68,3.79,3.29,1.34,4.52,1.21,True
5932,La Liga (Spain),2024,2026-04-08 18:00:00,La -Team-06,La -Team-14,FINISHED,1.0,0.0,1.33,1.02,3.21,3.18,2.3,2.27,1.62,2.69,1.47,True
5933,La Liga (Spain),2024,2026-04-08 13:00:00,La -Team-04,La -Team-16,FINISHED,1.0,0.0,1.33,0.78,2.05,3.02,4.27,2.81,1.45,3.43,1.31,True
5934,La Liga (Spain),2024,2026-04-08 18:00:00,La -Team-15,La -Team-05,FINISHED,0.0,0.0,0.98,1.33,3.13,3.33,2.27,2.1,1.74,2.44,1.56,True
5935,La Liga (Spain),2024,2026-04-08 18:00:00,La -Team-07,La -Team-13,FINISHED,2.0,1.0,0.67,1.18,3.17,2.86,2.54,2.75,1.46,3.59,1.29,True
5936,La Liga (Spain),2024,2026-04-08 21:00:00,La -Team-12,La -Team-10,FINISHED,0.0,0.0,1.83,1.01,1.68,3.88,4.81,2.01,1.83,2.03,1.78,True
5937,Serie A (Italy),2024,2026-04-08 16:00:00,Ser-Team-03,Ser-Team-11,FINISHED,3.0,2.0,1.56,1.41,1.9,3.59,3.97,2.0,1.83,2.16,1.72,True
5938,Serie A (Italy),2024,2026-04-08 21:00:00,Ser-Team-12,Ser-Team-14,FINISHED,0.0,2.0,1.16,0.91,2.26,3.22,3.22,2.23,1.65,2.63,1.48,True
5939,Serie A (Italy),2024,2026-04-08 21:00:00,Ser-Team-13,Ser-Team-05,FINISHED,0.0,0.0,0.79,0.59,3.29,2.7,2.6,3.12,1.37,4.27,1.23,True
5940,Serie A (Italy),2024,2026-04-08 13:00:00,Ser-Team-10,Ser-Team-02,FINISHED,0.0,0.0,1.49,1.05,2.32,3.48,2.96,1.92,1.89,2.17,1.71,True
5941,Serie A (Italy),2024,2026-04-08 13:00:00,Ser-Team-01,Ser-Team-15,FINISHED,0.0,1.0,1.39,0.46,1.55,3.76,6.58,2.61,1.51,2.55,1.52,True
5942,Serie A (Italy),2024,2026-04-08 21:00:00,Ser-Team-07,Ser-Team-04,FINISHED,1.0,2.0,1.14,1.15,3.42,3.17,2.22,2.33,1.6,2.8,1.44,True
5943,Serie A (Italy),2024,2026-04-08 16:00:00,Ser-Team-16,Ser-Team-06,FINISHED,0.0,0.0,0.96,0.73,2.22,2.56,4.46,3.81,1.28,5.4,1.16,True
5944,Serie A (Italy),2024,2026-04-08 16:00:00,Ser-Team-09,Ser-Team-08,FINISHED,2.0,0.0,2.17,0.93,1.41,5.1,6.61,1.77,2.1,1.54,2.5,True
5945,Bundesliga (Germany),2024,2026-04-08 18:00:00,Bun-Team-08,Bun-Team-09,FINISHED,1.0,0.0,0.28,0.93,6.84,2.67,1.85,4.67,1.2,5.69,1.15,True
5946,Bundesliga (Germany),2024,2026-04-08 16:00:00,Bun-Team-10,Bun-Team-15,FINISHED,1.0,1.0,0.65,1.06,3.78,2.94,2.22,2.8,1.45,3.5,1.31,True
5947,Bundesliga (Germany),2024,2026-04-08 13:00:00,Bun-Team-11,Bun-Team-14,FINISHED,1.0,1.0,1.92,1.71,2.47,4.35,2.29,1.34,3.31,1.33,3.39,True
5948,Bundesliga (Germany),2024,2026-04-08 13:00:00,Bun-Team-03,Bun-Team-13,FINISHED,0.0,0.0,0.92,1.66,3.34,3.39,2.14,2.03,1.81,2.3,1.63,True
5949,Bundesliga (Germany),2024,2026-04-08 18:00:00,Bun-Team-16,Bun-Team-12,FINISHED,1.0,1.0,1.07,1.42,4.95,3.62,1.73,2.29,1.61,2.43,1.56,True
5950,Bundesliga (Germany),2024,2026-04-08 16:00:00,Bun-Team-05,Bun-Team-01,FINISHED,0.0,1.0,1.17,1.21,2.5,3.15,2.93,2.31,1.63,2.82,1.46,True
5951,Bundesliga (Germany),2024,2026-04-08 13:00:00,Bun-Team-02,Bun-Team-06,FINISHED,0.0,1.0,1.02,1.67,3.37,3.77,2.01,1.75,2.06,1.87,1.95,True
5952,Bundesliga (Germany),2024,2026-04-08 21:00:00,Bun-Team-04,Bun-Team-07,FINISHED,0.0,2.0,1.22,1.27,3.04,3.49,2.28,1.91,1.89,2.14,1.7,True
5953,Ligue 1 (France),2024,2026-04-08 13:00:00,Lig-Team-05,Lig-Team-15,FINISHED,1.0,1.0,0.88,1.8,4.59,3.75,1.73,2.07,1.76,2.13,1.71,True
5954,Ligue 1 (France),2024,2026-04-08 21:00:00,Lig-Team-10,Lig-Team-02,FINISHED,2.0,0.0,0.84,0.98,3.1,2.8,2.64,2.87,1.43,3.78,1.27,True
5955,Ligue 1 (France),2024,2026-04-08 18:00:00,Lig-Team-06,Lig-Team-13,FINISHED,2.0,1.0,1.44,1.12,2.33,3.54,2.87,1.83,1.99,2.04,1.79,True
5956,Ligue 1 (France),2024,2026-04-08 18:00:00,Lig-Team-14,Lig-Team-07,FINISHED,2.0,1.0,0.74,1.28,3.35,3.34,2.17,2.12,1.74,2.43,1.56,True
5957,Ligue 1 (France),2024,2026-04-08 21:00:00,Lig-Team-04,Lig-Team-08,FINISHED,3.0,0.0,1.27,0.2,2.11,2.49,5.42,4.63,1.2,6.52,1.12,True
5958,Ligue 1 (France),2024,2026-04-08 16:00:00,Lig-Team-01,Lig-Team-12,FINISHED,0.0,0.0,1.3,0.9,2.78,3.38,2.48,1.99,1.82,2.28,1.64,True
5959,Ligue 1 (France),2024,2026-04-08 13:00:00,Lig-Team-11,Lig-Team-03,FINISHED,0.0,0.0,1.4,0.69,1.93,3.12,4.52,2.73,1.46,3.23,1.34,True
5960,Ligue 1 (France),2024,2026-04-08 13:00:00,Lig-Team-16,Lig-Team-09,FINISHED,0.0,0.0,0.85,1.32,3.54,2.7,2.44,3.16,1.38,4.28,1.22,True
5961,Premier League (England),2024,2026-04-09 13:00:00,Pre-Team-09,Pre-Team-08,FINISHED,1.0,0.0,1.09,0.83,1.99,2.77,5.17,3.57,1.3,4.53,1.21,True
5962,Premier League (England),2024,2026-04-09 21:00:00,Pre-Team-10,Pre-Team-14,FINISHED,2.0,0.0,0.69,1.3,3.39,3.03,2.31,2.48,1.54,3.05,1.38,True
5963,Premier League (England),2024,2026-04-09 16:00:00,Pre-Team-06,Pre-Team-07,FINISHED,4.0,1.0,2.05,1.15,1.67,4.45,4.3,1.57,2.44,1.53,2.56,True
5964,Premier League (England),2024,2026-04-09 16:00:00,Pre-Team-02,Pre-Team-15,FINISHED,1.0,1.0,1.56,0.58,1.6,3.63,6.24,2.67,1.48,2.66,1.47,True
5965,Premier League (England),2024,2026-04-09 13:00:00,Pre-Team-16,Pre-Team-13,FINISHED,1.0,1.0,1.12,0.33,2.13,2.73,4.48,3.41,1.32,4.49,1.21,True
5966,Premier League (England),2024,2026-04-09 13:00:00,Pre-Team-12,Pre-Team-03,FINISHED,2.0,2.0,1.24,1.79,2.81,3.75,2.31,1.69,2.16,1.84,2.01,True
5967,Premier League (England),2024,2026-04-09 16:00:00,Pre-Team-04,Pre-Team-05,FINISHED,4.0,0.0,1.61,0.61,1.72,3.56,5.03,2.36,1.59,2.52,1.54,True
5968,Premier League (England),2024,2026-04-09 18:00:00,Pre-Team-11,Pre-Team-01,FINISHED,1.0,0.0,1.56,1.4,1.9,3.96,3.5,1.68,2.22,1.73,2.14,True
5969,La Liga (Spain),2024,2026-04-09 21:00:00,La -Team-06,La -Team-04,FINISHED,3.0,1.0,1.52,0.62,2.13,2.96,3.98,2.78,1.44,3.42,1.32,True
5970,La Liga (Spain),2024,2026-04-09 13:00:00,La -Team-05,La -Team-09,FINISHED,2.0,0.0,2.46,1.04,1.35,5.7,7.08,1.62,2.36,1.38,3.13,True
5971,La Liga (Spain),2024,2026-04-09 13:00:00,La -Team-16,La -Team-15,FINISHED,0.0,1.0,1.2,1.22,3.53,3.26,2.14,2.21,1.66,2.57,1.52,True
5972,La Liga (Spain),2024,2026-04-09 16:00:00,La -Team-01,La -Team-13,FINISHED,1.0,0.0,1.16,1.33,2.27,3.39,3.04,1.99,1.82,2.24,1.65,True
5973,La Liga (Spain),2024,2026-04-09 16:00:00,La -Team-08,La -Team-12,FINISHED,0.0,1.0,0.96,0.94,3.12,2.93,2.5,2.61,1.5,3.33,1.34,True
5974,La Liga (Spain),2024,2026-04-09 13:00:00,La -Team-02,La -Team-03,FINISHED,4.0,2.0,2.89,1.56,1.45,5.7,5.1,1.3,3.59,1.18,4.97,True
5975,La Liga (Spain),2024,2026-04-09 16:00:00,La -Team-07,La -Team-11,FINISHED,1.0,0.0,0.7,0.99,4.04,2.81,2.16,3.09,1.37,4.07,1.25,True
5976,La Liga (Spain),2024,2026-04-09 21:00:00,La -Team-14,La -Team-10,FINISHED,0.0,2.0,1.64,1.11,1.86,3.55,4.14,2.14,1.7,2.35,1.61,True
5977,Serie A (Italy),2024,2026-04-09 16:00:00,Ser-Team-01,Ser-Team-13,FINISHED,1.0,0.0,1.52,0.98,1.82,3.23,5.01,2.79,1.45,3.15,1.37,True
5978,Serie A (Italy),2024,2026-04-09 21:00:00,Ser-Team-15,Ser-Team-08,FINISHED,1.0,3.0,2.17,1.09,1.64,4.36,4.45,1.65,2.24,1.62,2.34,True
5979,Serie A (Italy),2024,2026-04-09 18:00:00,Ser-Team-11,Ser-Team-02,FINISHED,0.0,0.0,0.85,1.11,3.78,3.0,2.15,2.63,1.49,3.25,1.35,True
5980,Serie A (Italy),2024,2026-04-09 18:00:00,Ser-Team-14,Ser-Team-06,FINISHED,1.0,0.0,0.75,0.39,1.74,2.63,9.47,6.17,1.12,6.68,1.11,True
5981,Serie A (Italy),2024,2026-04-09 18:00:00,Ser-Team-10,Ser-Team-09,FINISHED,0.0,0.0,1.25,1.2,2.0,3.68,3.45,1.85,1.98,1.99,1.83,True
5982,Serie A (Italy),2024,2026-04-09 16:00:00,Ser-Team-05,Ser-Team-03,FINISHED,1.0,0.0,1.55,0.72,1.82,3.48,4.62,2.3,1.62,2.5,1.52,True
5983,Serie A (Italy),2024,2026-04-09 13:00:00,Ser-Team-12,Ser-Team-16,FINISHED,2.0,0.0,2.6,0.83,1.33,5.37,7.98,1.85,1.95,1.56,2.45,True
5984,Serie A (Italy),2024,2026-04-09 16:00:00,Ser-Team-07,Ser-Team-04,FINISHED,1.0,2.0,0.94,0.87,3.42,3.17,2.2,2.35,1.59,2.83,1.44,True
5985,Bundesliga (Germany),2024,2026-04-09 21:00:00,Bun-Team-04,Bun-Team-06,FINISHED,0.0,1.0,1.06,1.79,4.4,4.11,1.68,1.75,2.13,1.72,2.12,True
5986,Bundesliga (Germany),2024,2026-04-09 16:00:00,Bun-Team-11,Bun-Team-14,FINISHED,3.0,1.0,1.85,2.14,2.5,4.32,2.31,1.33,3.34,1.32,3.42,True
5987,Bundesliga (Germany),2024,2026-04-09 13:00:00,Bun-Team-15,Bun-Team-12,FINISHED,0.0,0.0,1.51,0.78,2.15,3.11,3.62,2.47,1.56,2.97,1.4,True
5988,Bundesliga (Germany),2024,2026-04-09 16:00:00,Bun-Team-01,Bun-Team-03,FINISHED,1.0,2.0,1.52,0.3,1.64,3.51,6.08,2.73,1.45,2.83,1.43,True
5989,Bundesliga (Germany),2024,2026-04-09 16:00:00,Bun-Team-10,Bun-Team-02,FINISHED,1.0,2.0,1.15,0.7,2.21,3.23,3.39,2.26,1.65,2.65,1.49,True
5990,Bundesliga (Germany),2024,2026-04-09 16:00:00,Bun-Team-08,Bun-Team-09,FINISHED,0.0,2.0,0.08,1.09,6.85,2.7,1.85,4.69,1.19,5.65,1.16,True
5991,Bundesliga (Germany),2024,2026-04-09 16:00:00,Bun-Team-16,Bun-Team-07,FINISHED,0.0,1.0,0.65,1.43,3.4,3.27,2.16,2.23,1.65,2.61,1.5,True
5992,Bundesliga (Germany),2024,2026-04-09 13:00:00,Bun-Team-05,Bun-Team-13,FINISHED,0.0,0.0,1.59,0.9,2.04,3.61,3.39,1.86,1.97,1.99,1.85,True
5993,Ligue 1 (France),2024,2026-04-09 21:00:00,Lig-Team-15,Lig-Team-05,FINISHED,2.0,0.0,1.94,0.78,1.44,4.49,7.12,2.19,1.7,1.94,1.86,True
5994,Ligue 1 (France),2024,2026-04-09 21:00:00,Lig-Team-01,Lig-Team-08,FINISHED,0.0,0.0,1.43,0.84,1.99,3.05,4.39,2.78,1.45,3.34,1.33,True
5995,Ligue 1 (France),2024,2026-04-09 16:00:00,Lig-Team-11,Lig-Team-07,FINISHED,2.0,0.0,1.39,0.92,2.64,3.06,2.81,2.39,1.58,2.95,1.41,True
5996,Ligue 1 (France),2024,2026-04-09 16:00:00,Lig-Team-16,Lig-Team-12,FINISHED,0.0,1.0,0.86,0.81,3.24,2.78,2.57,2.95,1.4,3.98,1.25,True
5997,Ligue 1 (France),2024,2026-04-09 16:00:00,Lig-Team-10,Lig-Team-13,FINISHED,1.0,1.0,0.75,1.55,3.99,3.2,2.0,2.47,1.54,2.94,1.42,True
5998,Ligue 1 (France),2024,2026-04-09 13:00:00,Lig-Team-06,Lig-Team-02,FINISHED,0.0,0.0,1.43,1.25,1.9,3.5,4.01,2.14,1.72,2.34,1.6,True
5999,Ligue 1 (France),2024,2026-04-09 16:00:00,Lig-Team-14,Lig-Team-09,FINISHED,2.0,2.0,1.23,1.35,3.04,3.46,2.3,2.0,1.82,2.24,1.64,True
6000,Ligue 1 (France),2024,2026-04-09 21:00:00,Lig-Team-04,Lig-Team-03,FINISHED,0.0,0.0,0.73,0.57,2.36,2.44,4.32,4.11,1.23,6.12,1.12,True
6001,Premier League (England),2024,2026-04-15 13:00:00,Pre-Team-13,Pre-Team-05,FINISHED,0.0,2.0,0.77,0.67,2.7,2.85,2.94,2.74,1.45,3.65,1.3,True
6002,Premier League (England),2024,2026-04-15 13:00:00,Pre-Team-04,Pre-Team-01,FINISHED,1.0,3.0,1.71,0.57,1.68,3.98,4.65,1.9,1.91,1.9,1.93,True
6003,Premier League (England),2024,2026-04-15 13:00:00,Pre-Team-15,Pre-Team-14,FINISHED,1.0,1.0,1.01,0.75,2.5,2.78,3.33,2.93,1.41,3.91,1.26,True
6004,Premier League (England),2024,2026-04-15 13:00:00,Pre-Team-10,Pre-Team-16,FINISHED,0.0,0.0,0.55,1.27,5.24,3.27,1.78,2.75,1.46,3.07,1.37,True
6005,Premier League (England),2024,2026-04-15 18:00:00,Pre-Team-08,Pre-Team-06,FINISHED,1.0,0.0,0.78,1.0,3.53,2.88,2.31,2.76,1.46,3.53,1.31,True
6006,Premier League (England),2024,2026-04-15 16:00:00,Pre-Team-02,Pre-Team-09,FINISHED,1.0,1.0,1.22,0.38,1.71,3.19,6.11,3.14,1.37,3.41,1.33,True
6007,Premier League (England),2024,2026-04-15 13:00:00,Pre-Team-11,Pre-Team-12,FINISHED,2.0,1.0,2.7,0.99,1.36,5.63,6.73,1.57,2.42,1.36,3.16,True
6008,Premier League (England),2024,2026-04-15 13:00:00,Pre-Team-07,Pre-Team-03,FINISHED,4.0,2.0,1.26,1.87,3.28,4.1,1.98,1.53,2.51,1.57,2.46,True
6009,La Liga (Spain),2024,2026-04-15 18:00:00,La -Team-04,La -Team-12,FINISHED,0.0,1.0,0.72,1.26,4.73,3.07,1.9,2.85,1.43,3.36,1.33,True
6010,La Liga (Spain),2024,2026-04-15 18:00:00,La -Team-16,La -Team-05,FINISHED,1.0,1.0,1.0,1.54,5.17,3.97,1.62,2.05,1.76,2.07,1.79,True
6011,La Liga (Spain),2024,2026-04-15 18:00:00,La -Team-03,La -Team-14,FINISHED,3.0,1.0,0.91,2.08,5.5,4.73,1.5,1.69,2.18,1.58,2.4,True
6012,La Liga (Spain),2024,2026-04-15 16:00:00,La -Team-10,La -Team-11,FINISHED,0.0,0.0,1.09,1.28,2.33,3.09,3.2,2.33,1.6,2.84,1.44,True
6013,La Liga (Spain),2024,2026-04-15 13:00:00,La -Team-01,La -Team-06,FINISHED,1.0,1.0,0.77,1.27,2.6,3.57,2.52,1.8,2.04,1.99,1.83,True
6014,La Liga (Spain),2024,2026-04-15 16:00:00,La -Team-09,La -Team-15,FINISHED,0.0,0.0,1.91,1.12,2.87,3.87,2.22,1.63,2.32,1.68,2.19,True
6015,La Liga (Spain),2024,2026-04-15 21:00:00,La -Team-02,La -Team-13,FINISHED,1.0,1.0,1.47,1.11,1.99,3.78,3.44,1.78,2.05,1.87,1.94,True
6016,La Liga (Spain),2024,2026-04-15 18:00:00,La -Team-08,La -Team-07,FINISHED,0.0,0.0,1.31,0.34,1.67,3.25,6.61,3.33,1.34,3.55,1.31,True
6017,Serie A (Italy),2024,2026-04-15 21:00:00,Ser-Team-10,Ser-Team-14,FINISHED,1.0,1.0,1.24,1.5,2.35,3.5,2.88,1.87,1.93,2.09,1.76,True
6018,Serie A (Italy),2024,2026-04-15 13:00:00,Ser-Team-07,Ser-Team-08,FINISHED,2.0,1.0,2.38,1.13,1.41,5.26,6.09,1.57,2.45,1.39,3.04,True
6019,Serie A (Italy),2024,2026-04-15 13:00:00,Ser-Team-06,Ser-Team-04,FINISHED,0.0,2.0,0.67,0.76,7.91,2.42,1.91,6.2,1.12,7.81,1.09,True
6020,Serie A (Italy),2024,2026-04-15 13:00:00,Ser-Team-11,Ser-Team-01,FINISHED,1.0,1.0,1.06,1.46,4.87,3.39,1.79,2.49,1.54,2.74,1.47,True
6021,Serie A (Italy),2024,2026-04-15 13:00:00,Ser-Team-15,Ser-Team-05,FINISHED,0.0,0.0,0.73,0.91,3.93,2.94,2.15,2.83,1.44,3.56,1.3,True
6022,Serie A (Italy),2024,2026-04-15 18:00:00,Ser-Team-12,Ser-Team-03,FINISHED,1.0,2.0,0.97,1.12,1.73,3.99,4.38,1.82,2.0,1.82,2.0,True
6023,Serie A (Italy),2024,2026-04-15 16:00:00,Ser-Team-02,Ser-Team-13,FINISHED,1.0,0.0,1.23,1.11,2.19,2.89,3.96,2.92,1.4,3.81,1.29,True
6024,Serie A (Italy),2024,2026-04-15 21:00:00,Ser-Team-09,Ser-Team-16,FINISHED,1.0,2.0,1.72,1.24,1.56,4.09,5.54,2.04,1.78,1.96,1.84,True
6025,Bundesliga (Germany),2024,2026-04-15 16:00:00,Bun-Team-08,Bun-Team-13,FINISHED,0.0,0.0,0.65,1.42,3.8,3.16,2.08,2.47,1.56,2.92,1.41,True
6026,Bundesliga (Germany),2024,2026-04-15 18:00:00,Bun-Team-16,Bun-Team-01,FINISHED,0.0,5.0,1.09,1.58,3.75,3.25,2.06,2.32,1.6,2.72,1.47,True
6027,Bundesliga (Germany),2024,2026-04-15 16:00:00,Bun-Team-10,Bun-Team-07,FINISHED,1.0,3.0,1.39,0.9,2.37,3.2,3.06,2.2,1.68,2.61,1.49,True
6028,Bundesliga (Germany),2024,2026-04-15 18:00:00,Bun-Team-04,Bun-Team-03,FINISHED,1.0,1.0,1.37,0.7,2.05,3.18,3.89,2.42,1.56,2.85,1.42,True
6029,Bundesliga (Germany),2024,2026-04-15 18:00:00,Bun-Team-15,Bun-Team-05,FINISHED,2.0,0.0,1.37,0.43,1.82,3.16,5.13,2.9,1.4,3.33,1.34,True
6030,Bundesliga (Germany),2024,2026-04-15 13:00:00,Bun-Team-09,Bun-Team-14,FINISHED,1.0,1.0,1.97,0.98,1.52,4.31,5.86,1.98,1.84,1.86,1.95,True
6031,Bundesliga (Germany),2024,2026-04-15 18:00:00,Bun-Team-02,Bun-Team-06,FINISHED,2.0,1.0,0.96,1.65,3.38,3.78,2.01,1.77,2.07,1.85,1.93,True
6032,Bundesliga (Germany),2024,2026-04-15 18:00:00,Bun-Team-11,Bun-Team-12,FINISHED,1.0,0.0,1.11,2.16,4.54,4.16,1.68,1.8,2.02,1.77,2.06,True
6033,Ligue 1 (France),2024,2026-04-15 18:00:00,Lig-Team-15,Lig-Team-03,FINISHED,0.0,2.0,1.48,1.48,1.6,3.77,6.1,2.49,1.54,2.46,1.55,True
6034,Ligue 1 (France),2024,2026-04-15 13:00:00,Lig-Team-16,Lig-Team-05,FINISHED,2.0,1.0,1.29,0.73,2.42,2.72,3.62,3.15,1.34,4.4,1.22,True
6035,Ligue 1 (France),2024,2026-04-15 16:00:00,Lig-Team-02,Lig-Team-04,FINISHED,0.0,1.0,0.34,0.84,4.12,2.36,2.53,4.35,1.23,6.83,1.1,True
6036,Ligue 1 (France),2024,2026-04-15 16:00:00,Lig-Team-14,Lig-Team-08,FINISHED,0.0,3.0,0.79,0.97,1.97,3.17,4.26,2.62,1.51,3.06,1.39,True
6037,Ligue 1 (France),2024,2026-04-15 13:00:00,Lig-Team-11,Lig-Team-09,FINISHED,2.0,0.0,1.16,1.0,2.44,3.19,3.0,2.23,1.65,2.67,1.49,True
6038,Ligue 1 (France),2024,2026-04-15 13:00:00,Lig-Team-01,Lig-Team-12,FINISHED,2.0,3.0,1.25,1.44,2.77,3.39,2.48,1.98,1.81,2.29,1.63,True
6039,Ligue 1 (France),2024,2026-04-15 18:00:00,Lig-Team-07,Lig-Team-10,FINISHED,2.0,0.0,2.23,0.69,1.33,4.69,10.17,2.76,1.45,2.2,1.69,True
6040,Ligue 1 (France),2024,2026-04-15 13:00:00,Lig-Team-13,Lig-Team-06,FINISHED,0.0,2.0,1.92,1.67,2.14,3.62,3.17,1.85,1.98,2.02,1.82,True
6041,Premier League (England),2024,2026-04-16 21:00:00,Pre-Team-08,Pre-Team-16,FINISHED,0.0,1.0,0.68,1.05,5.6,2.67,1.98,4.05,1.24,5.26,1.17,True
6042,Premier League (England),2024,2026-04-16 16:00:00,Pre-Team-13,Pre-Team-11,FINISHED,1.0,4.0,1.09,1.43,3.07,3.46,2.24,1.94,1.89,2.17,1.69,True
6043,Premier League (England),2024,2026-04-16 16:00:00,Pre-Team-15,Pre-Team-06,FINISHED,0.0,4.0,0.84,0.83,2.35,3.2,3.13,2.26,1.66,2.72,1.48,True
6044,Premier League (England),2024,2026-04-16 21:00:00,Pre-Team-03,Pre-Team-01,FINISHED,0.0,0.0,0.96,1.2,2.65,3.37,2.58,2.0,1.83,2.26,1.65,True
6045,Premier League (England),2024,2026-04-16 16:00:00,Pre-Team-10,Pre-Team-12,FINISHED,1.0,1.0,1.72,1.64,2.68,3.92,2.32,1.57,2.41,1.65,2.27,True
6046,Premier League (England),2024,2026-04-16 13:00:00,Pre-Team-02,Pre-Team-09,FINISHED,0.0,1.0,1.14,0.41,1.7,3.24,6.05,3.14,1.37,3.4,1.31,True
6047,Premier League (England),2024,2026-04-16 21:00:00,Pre-Team-05,Pre-Team-07,FINISHED,4.0,1.0,2.22,0.67,1.5,4.59,5.68,1.81,2.04,1.67,2.2,True
6048,Premier League (England),2024,2026-04-16 18:00:00,Pre-Team-14,Pre-Team-04,FINISHED,0.0,0.0,0.96,0.99,4.55,3.24,1.9,2.59,1.52,2.98,1.4,True
6049,La Liga (Spain),2024,2026-04-16 13:00:00,La -Team-06,La -Team-01,FINISHED,1.0,2.0,1.74,1.08,1.92,3.78,3.66,1.83,2.01,1.92,1.9,True
6050,La Liga (Spain),2024,2026-04-16 16:00:00,La -Team-13,La -Team-04,FINISHED,2.0,0.0,0.86,0.79,2.48,2.7,3.42,3.1,1.37,4.28,1.22,True
6051,La Liga (Spain),2024,2026-04-16 21:00:00,La -Team-16,La -Team-14,FINISHED,1.0,0.0,0.42,1.67,5.65,3.67,1.65,2.42,1.58,2.45,1.56,True
6052,La Liga (Spain),2024,2026-04-16 16:00:00,La -Team-09,La -Team-12,FINISHED,1.0,2.0,1.01,2.2,5.69,4.93,1.48,1.66,2.28,1.48,2.65,True
6053,La Liga (Spain),2024,2026-04-16 18:00:00,La -Team-05,La -Team-10,FINISHED,3.0,0.0,1.52,0.93,1.9,3.73,3.81,1.87,1.96,1.97,1.85,True
6054,La Liga (Spain),2024,2026-04-16 21:00:00,La -Team-07,La -Team-15,FINISHED,0.0,0.0,0.78,0.94,3.56,2.97,2.26,2.62,1.49,3.32,1.34,True
6055,La Liga (Spain),2024,2026-04-16 16:00:00,La -Team-02,La -Team-11,FINISHED,0.0,0.0,1.04,1.03,2.5,3.45,2.7,1.91,1.89,2.16,1.69,True
6056,La Liga (Spain),2024,2026-04-16 13:00:00,La -Team-03,La -Team-08,FINISHED,1.0,3.0,0.83,2.0,4.42,3.97,1.72,1.83,1.99,1.86,1.96,True
6057,Serie A (Italy),2024,2026-04-16 21:00:00,Ser-Team-12,Ser-Team-04,FINISHED,1.0,1.0,0.72,1.12,2.59,3.13,2.84,2.28,1.63,2.77,1.45,True
6058,Serie A (Italy),2024,2026-04-16 16:00:00,Ser-Team-11,Ser-Team-09,FINISHED,1.0,2.0,0.9,1.19,3.23,3.04,2.36,2.46,1.55,3.07,1.37,True
6059,Serie A (Italy),2024,2026-04-16 18:00:00,Ser-Team-06,Ser-Team-03,FINISHED,1.0,2.0,0.37,1.03,4.89,2.55,2.15,4.11,1.25,5.74,1.14,True
6060,Serie A (Italy),2024,2026-04-16 18:00:00,Ser-Team-15,Ser-Team-16,FINISHED,3.0,2.0,1.71,0.86,1.86,3.7,3.99,1.93,1.88,2.05,1.79,True
6061,Serie A (Italy),2024,2026-04-16 16:00:00,Ser-Team-14,Ser-Team-07,FINISHED,2.0,1.0,1.01,0.9,1.93,3.33,4.07,2.32,1.63,2.61,1.5,True
6062,Serie A (Italy),2024,2026-04-16 18:00:00,Ser-Team-01,Ser-Team-08,FINISHED,0.0,0.0,2.68,0.55,1.17,7.54,13.21,1.89,1.92,1.35,3.19,True
6063,Serie A (Italy),2024,2026-04-16 16:00:00,Ser-Team-02,Ser-Team-05,FINISHED,0.0,1.0,0.99,0.73,2.77,2.72,3.04,3.04,1.37,4.19,1.22,True
6064,Serie A (Italy),2024,2026-04-16 13:00:00,Ser-Team-13,Ser-Team-10,FINISHED,0.0,0.0,0.9,1.18,2.63,3.41,2.56,1.94,1.87,2.21,1.68,True
6065,Bundesliga (Germany),2024,2026-04-16 18:00:00,Bun-Team-06,Bun-Team-04,FINISHED,2.0,1.0,2.32,0.55,1.39,5.06,6.93,1.82,1.99,1.6,2.36,True
6066,Bundesliga (Germany),2024,2026-04-16 18:00:00,Bun-Team-10,Bun-Team-16,FINISHED,2.0,0.0,1.46,0.77,1.82,3.3,4.78,2.57,1.51,2.89,1.43,True
6067,Bundesliga (Germany),2024,2026-04-16 16:00:00,Bun-Team-15,Bun-Team-02,FINISHED,0.0,0.0,1.39,0.32,1.66,3.58,5.74,2.61,1.51,2.7,1.48,True
6068,Bundesliga (Germany),2024,2026-04-16 21:00:00,Bun-Team-12,Bun-Team-01,FINISHED,1.0,1.0,1.32,1.0,1.88,3.57,4.01,2.09,1.75,2.28,1.64,True
6069,Bundesliga (Germany),2024,2026-04-16 13:00:00,Bun-Team-09,Bun-Team-11,FINISHED,2.0,0.0,1.81,0.31,1.48,4.17,7.38,2.54,1.52,2.3,1.61,True
6070,Bundesliga (Germany),2024,2026-04-16 18:00:00,Bun-Team-13,Bun-Team-14,FINISHED,2.0,4.0,2.37,1.7,1.93,4.62,3.03,1.29,3.58,1.26,3.91,True
6071,Bundesliga (Germany),2024,2026-04-16 13:00:00,Bun-Team-05,Bun-Team-07,FINISHED,0.0,1.0,1.1,0.6,2.33,3.21,3.18,2.23,1.67,2.66,1.49,True
6072,Bundesliga (Germany),2024,2026-04-16 18:00:00,Bun-Team-08,Bun-Team-03,FINISHED,0.0,1.0,0.83,0.42,2.95,2.43,3.27,3.97,1.26,6.2,1.12,True
6073,Ligue 1 (France),2024,2026-04-16 21:00:00,Lig-Team-16,Lig-Team-01,FINISHED,1.0,2.0,1.03,0.73,2.61,2.91,2.99,2.63,1.5,3.4,1.33,True
6074,Ligue 1 (France),2024,2026-04-16 16:00:00,Lig-Team-08,Lig-Team-09,FINISHED,0.0,3.0,0.41,1.19,4.43,2.78,2.1,3.31,1.33,4.31,1.22,True
6075,Ligue 1 (France),2024,2026-04-16 16:00:00,Lig-Team-03,Lig-Team-15,FINISHED,1.0,1.0,0.58,1.39,4.22,3.3,1.93,2.39,1.59,2.74,1.46,True
6076,Ligue 1 (France),2024,2026-04-16 13:00:00,Lig-Team-07,Lig-Team-10,FINISHED,4.0,1.0,1.93,0.85,1.35,4.69,10.09,2.78,1.46,2.18,1.69,True
6077,Ligue 1 (France),2024,2026-04-16 13:00:00,Lig-Team-06,Lig-Team-11,FINISHED,1.0,0.0,1.52,1.45,2.98,3.89,2.14,1.6,2.35,1.65,2.21,True
6078,Ligue 1 (France),2024,2026-04-16 13:00:00,Lig-Team-12,Lig-Team-13,FINISHED,0.0,0.0,1.08,0.71,2.0,3.12,4.06,2.56,1.53,3.02,1.39,True
6079,Ligue 1 (France),2024,2026-04-16 21:00:00,Lig-Team-04,Lig-Team-05,FINISHED,1.0,1.0,1.19,0.66,2.1,2.74,4.55,3.38,1.32,4.48,1.22,True
6080,Ligue 1 (France),2024,2026-04-16 21:00:00,Lig-Team-14,Lig-Team-02,FINISHED,1.0,1.0,1.24,0.88,1.92,3.2,4.29,2.54,1.53,2.95,1.41,True
6081,Premier League (England),2024,2026-04-22 16:00:00,Pre-Team-14,Pre-Team-05,FINISHED,0.0,0.0,0.62,0.62,3.1,2.61,2.79,3.25,1.34,4.59,1.2,True
6082,Premier League (England),2024,2026-04-22 13:00:00,Pre-Team-03,Pre-Team-07,FINISHED,2.0,0.0,1.92,1.16,1.55,4.72,4.95,1.59,2.37,1.51,2.63,True
6083,Premier League (England),2024,2026-04-22 21:00:00,Pre-Team-06,Pre-Team-15,FINISHED,3.0,4.0,1.05,0.87,2.36,3.2,3.08,2.26,1.64,2.72,1.46,True
6084,Premier League (England),2024,2026-04-22 13:00:00,Pre-Team-08,Pre-Team-11,FINISHED,0.0,1.0,0.84,1.48,5.65,3.8,1.63,2.34,1.61,2.34,1.6,True
6085,Premier League (England),2024,2026-04-22 13:00:00,Pre-Team-02,Pre-Team-13,FINISHED,1.0,0.0,1.42,0.35,1.73,3.33,5.45,2.76,1.46,2.99,1.42,True
6086,Premier League (England),2024,2026-04-22 13:00:00,Pre-Team-12,Pre-Team-16,FINISHED,0.0,2.0,0.71,1.43,4.0,3.33,1.96,2.3,1.62,2.6,1.5,True
6087,Premier League (England),2024,2026-04-22 21:00:00,Pre-Team-10,Pre-Team-01,FINISHED,1.0,3.0,0.91,1.62,4.51,3.99,1.71,1.87,1.94,1.88,1.9,True
6088,Premier League (England),2024,2026-04-22 18:00:00,Pre-Team-09,Pre-Team-04,FINISHED,0.0,1.0,0.57,1.24,4.35,3.23,1.93,2.5,1.55,2.85,1.44,True
6089,La Liga (Spain),2024,2026-04-22 18:00:00,La -Team-06,La -Team-04,FINISHED,2.0,3.0,0.76,0.91,2.11,2.97,3.94,2.75,1.45,3.44,1.33,True
6090,La Liga (Spain),2024,2026-04-22 21:00:00,La -Team-03,La -Team-05,FINISHED,0.0,3.0,0.98,2.48,5.05,4.99,1.52,1.5,2.61,1.39,3.02,True
6091,La Liga (Spain),2024,2026-04-22 13:00:00,La -Team-14,La -Team-12,FINISHED,1.0,2.0,0.94,0.86,2.61,3.12,2.8,2.29,1.63,2.77,1.43,True
6092,La Liga (Spain),2024,2026-04-22 16:00:00,La -Team-15,La -Team-10,FINISHED,0.0,3.0,0.88,1.2,2.57,3.31,2.69,2.03,1.77,2.36,1.6,True
6093,La Liga (Spain),2024,2026-04-22 13:00:00,La -Team-01,La -Team-11,FINISHED,0.0,3.0,1.24,0.24,2.88,3.22,2.51,2.18,1.68,2.6,1.52,True
6094,La Liga (Spain),2024,2026-04-22 16:00:00,La -Team-16,La -Team-07,FINISHED,0.0,0.0,0.95,1.27,2.45,3.03,3.13,2.48,1.55,3.04,1.39,True
6095,La Liga (Spain),2024,2026-04-22 21:00:00,La -Team-09,La -Team-08,FINISHED,2.0,4.0,1.22,1.52,3.8,3.78,1.89,1.86,1.96,1.97,1.85,True
6096,La Liga (Spain),2024,2026-04-22 18:00:00,La -Team-02,La -Team-13,FINISHED,1.0,0.0,1.46,0.6,1.99,3.74,3.45,1.78,2.06,1.89,1.93,True
6097,Serie A (Italy),2024,2026-04-22 16:00:00,Ser-Team-13,Ser-Team-03,FINISHED,1.0,3.0,1.42,0.9,2.24,3.3,3.26,2.15,1.68,2.52,1.53,True
6098,Serie A (Italy),2024,2026-04-22 13:00:00,Ser-Team-06,Ser-Team-04,FINISHED,0.0,0.0,0.35,1.03,8.04,2.43,1.91,6.18,1.12,7.82,1.08,True
6099,Serie A (Italy),2024,2026-04-22 13:00:00,Ser-Team-09,Ser-Team-15,FINISHED,1.0,0.0,0.98,0.76,2.0,3.15,4.15,2.53,1.52,2.97,1.4,True
6100,Serie A (Italy),2024,2026-04-22 18:00:00,Ser-Team-01,Ser-Team-07,FINISHED,4.0,0.0,1.61,0.82,1.67,3.7,5.19,2.26,1.64,2.29,1.61,True
6101,Serie A (Italy),2024,2026-04-22 13:00:00,Ser-Team-02,Ser-Team-10,FINISHED,1.0,2.0,1.45,1.27,2.22,3.49,3.09,1.94,1.88,2.15,1.7,True
6102,Serie A (Italy),2024,2026-04-22 13:00:00,Ser-Team-14,Ser-Team-05,FINISHED,0.0,1.0,0.7,0.85,2.66,2.74,3.05,2.93,1.4,4.0,1.26,True
6103,Serie A (Italy),2024,2026-04-22 18:00:00,Ser-Team-08,Ser-Team-12,FINISHED,1.0,1.0,1.06,2.55,5.89,5.29,1.42,1.54,2.5,1.37,3.11,True
6104,Serie A (Italy),2024,2026-04-22 13:00:00,Ser-Team-11,Ser-Team-16,FINISHED,1.0,3.0,1.66,1.19,1.95,3.64,3.62,1.89,1.9,2.04,1.79,True
6105,Bundesliga (Germany),2024,2026-04-22 16:00:00,Bun-Team-16,Bun-Team-12,FINISHED,0.0,3.0,0.86,1.47,4.99,3.62,1.71,2.3,1.64,2.41,1.56,True
6106,Bundesliga (Germany),2024,2026-04-22 16:00:00,Bun-Team-11,Bun-Team-05,FINISHED,2.0,0.0,1.12,1.39,3.17,3.47,2.18,1.95,1.87,2.17,1.7,True
6107,Bundesliga (Germany),2024,2026-04-22 13:00:00,Bun-Team-02,Bun-Team-14,FINISHED,3.0,2.0,2.21,1.56,1.98,4.17,3.14,1.48,2.66,1.48,2.63,True
6108,Bundesliga (Germany),2024,2026-04-22 16:00:00,Bun-Team-13,Bun-Team-03,FINISHED,1.0,0.0,1.6,1.02,1.72,3.76,4.86,2.12,1.73,2.15,1.71,True
6109,Bundesliga (Germany),2024,2026-04-22 21:00:00,Bun-Team-01,Bun-Team-06,FINISHED,2.0,0.0,1.58,1.36,2.81,3.58,2.33,1.8,2.02,1.98,1.84,True
6110,Bundesliga (Germany),2024,2026-04-22 18:00:00,Bun-Team-08,Bun-Team-09,FINISHED,0.0,1.0,0.23,0.95,6.85,2.66,1.86,4.62,1.19,5.67,1.15,True
6111,Bundesliga (Germany),2024,2026-04-22 18:00:00,Bun-Team-07,Bun-Team-15,FINISHED,0.0,0.0,0.84,1.21,3.65,3.1,2.15,2.46,1.56,2.97,1.4,True
6112,Bundesliga (Germany),2024,2026-04-22 18:00:00,Bun-Team-04,Bun-Team-10,FINISHED,2.0,1.0,1.23,1.34,3.0,3.25,2.36,2.13,1.71,2.49,1.53,True
6113,Ligue 1 (France),2024,2026-04-22 21:00:00,Lig-Team-11,Lig-Team-04,FINISHED,0.0,3.0,1.29,0.66,2.34,2.79,3.65,2.98,1.41,3.95,1.26,True
6114,Ligue 1 (France),2024,2026-04-22 21:00:00,Lig-Team-16,Lig-Team-08,FINISHED,0.0,3.0,1.17,0.24,2.39,2.41,4.36,4.29,1.24,6.48,1.12,True
6115,Ligue 1 (France),2024,2026-04-22 21:00:00,Lig-Team-10,Lig-Team-12,FINISHED,1.0,0.0,0.85,1.66,5.31,3.76,1.65,2.22,1.64,2.27,1.64,True
6116,Ligue 1 (France),2024,2026-04-22 21:00:00,Lig-Team-06,Lig-Team-07,FINISHED,3.0,4.0,1.19,1.44,3.48,3.68,2.0,1.82,1.98,1.96,1.84,True
6117,Ligue 1 (France),2024,2026-04-22 13:00:00,Lig-Team-09,Lig-Team-03,FINISHED,0.0,0.0,0.97,0.81,1.93,2.96,4.82,3.06,1.4,3.72,1.28,True
6118,Ligue 1 (France),2024,2026-04-22 13:00:00,Lig-Team-13,Lig-Team-01,FINISHED,0.0,1.0,0.92,1.28,2.38,3.16,3.08,2.26,1.64,2.68,1.47,True
6119,Ligue 1 (France),2024,2026-04-22 13:00:00,Lig-Team-05,Lig-Team-15,FINISHED,0.0,2.0,0.99,1.52,4.68,3.76,1.73,2.07,1.77,2.13,1.72,True
6120,Ligue 1 (France),2024,2026-04-22 16:00:00,Lig-Team-02,Lig-Team-14,FINISHED,0.0,1.0,1.16,1.19,3.11,3.04,2.45,2.47,1.57,3.08,1.38,True
6121,Premier League (England),2024,2026-04-23 16:00:00,Pre-Team-07,Pre-Team-02,FINISHED,0.0,3.0,0.79,1.98,6.61,4.97,1.41,1.76,2.06,1.56,2.45,True
6122,Premier League (England),2024,2026-04-23 21:00:00,Pre-Team-05,Pre-Team-10,FINISHED,0.0,1.0,1.94,0.38,1.57,3.89,6.14,2.38,1.56,2.33,1.61,True
6123,Premier League (England),2024,2026-04-23 13:00:00,Pre-Team-06,Pre-Team-08,FINISHED,1.0,1.0,1.4,0.97,1.87,3.15,4.9,2.83,1.44,3.29,1.35,True
6124,Premier League (England),2024,2026-04-23 18:00:00,Pre-Team-03,Pre-Team-11,FINISHED,0.0,1.0,1.35,1.52,3.03,3.67,2.2,1.79,2.04,1.92,1.86,True
6125,Premier League (England),2024,2026-04-23 16:00:00,Pre-Team-09,Pre-Team-12,FINISHED,3.0,0.0,1.47,0.94,1.98,3.47,3.69,2.1,1.78,2.31,1.61,True
6126,Premier League (England),2024,2026-04-23 13:00:00,Pre-Team-04,Pre-Team-15,FINISHED,0.0,1.0,1.45,0.91,1.48,4.23,6.6,2.24,1.64,2.06,1.77,True
6127,Premier League (England),2024,2026-04-23 16:00:00,Pre-Team-01,Pre-Team-16,FINISHED,0.0,2.0,0.54,0.69,2.73,2.87,2.91,2.69,1.49,3.52,1.29,True
6128,Premier League (England),2024,2026-04-23 16:00:00,Pre-Team-13,Pre-Team-14,FINISHED,1.0,2.0,0.52,0.82,2.35,2.73,3.66,3.13,1.37,4.18,1.23,True
6129,La Liga (Spain),2024,2026-04-23 21:00:00,La -Team-13,La -Team-02,FINISHED,0.0,1.0,1.11,1.41,2.44,3.58,2.63,1.74,2.1,1.92,1.91,True
6130,La Liga (Spain),2024,2026-04-23 16:00:00,La -Team-08,La -Team-11,FINISHED,0.0,0.0,0.52,0.49,2.34,2.68,3.81,3.29,1.34,4.51,1.22,True
6131,La Liga (Spain),2024,2026-04-23 16:00:00,La -Team-12,La -Team-05,FINISHED,0.0,1.0,1.67,0.86,1.94,3.54,3.76,2.02,1.8,2.19,1.67,True
6132,La Liga (Spain),2024,2026-04-23 18:00:00,La -Team-04,La -Team-03,FINISHED,2.0,2.0,1.58,0.76,1.87,3.73,3.89,1.9,1.92,2.0,1.82,True
6133,La Liga (Spain),2024,2026-04-23 18:00:00,La -Team-10,La -Team-16,FINISHED,3.0,1.0,1.74,0.91,1.52,4.27,6.03,2.06,1.79,1.93,1.87,True
6134,La Liga (Spain),2024,2026-04-23 13:00:00,La -Team-07,La -Team-01,FINISHED,1.0,2.0,1.13,1.0,3.06,3.3,2.34,2.09,1.74,2.44,1.56,True
6135,La Liga (Spain),2024,2026-04-23 13:00:00,La -Team-14,La -Team-06,FINISHED,0.0,2.0,1.4,1.29,1.83,3.46,4.52,2.31,1.59,2.54,1.51,True
6136,La Liga (Spain),2024,2026-04-23 16:00:00,La -Team-15,La -Team-09,FINISHED,2.0,2.0,1.53,0.82,1.72,4.23,4.14,1.65,2.24,1.63,2.28,True
6137,Serie A (Italy),2024,2026-04-23 16:00:00,Ser-Team-03,Ser-Team-13,FINISHED,1.0,1.0,1.43,0.79,2.44,3.25,2.92,2.16,1.71,2.54,1.52,True
6138,Serie A (Italy),2024,2026-04-23 16:00:00,Ser-Team-12,Ser-Team-07,FINISHED,1.0,4.0,1.62,1.16,1.8,3.77,4.24,1.94,1.84,2.04,1.77,True
6139,Serie A (Italy),2024,2026-04-23 18:00:00,Ser-Team-11,Ser-Team-16,FINISHED,1.0,5.0,1.66,1.2,1.95,3.64,3.66,1.88,1.89,2.02,1.79,True
6140,Serie A (Italy),2024,2026-04-23 13:00:00,Ser-Team-02,Ser-Team-05,FINISHED,2.0,1.0,0.77,0.76,2.79,2.71,3.04,3.04,1.38,4.19,1.23,True
6141,Serie A (Italy),2024,2026-04-23 13:00:00,Ser-Team-06,Ser-Team-04,FINISHED,1.0,0.0,0.39,0.99,7.99,2.45,1.91,6.18,1.12,7.88,1.09,True
6142,Serie A (Italy),2024,2026-04-23 13:00:00,Ser-Team-08,Ser-Team-14,FINISHED,1.0,2.0,1.12,2.41,5.33,4.49,1.53,1.75,2.09,1.63,2.31,True
6143,Serie A (Italy),2024,2026-04-23 18:00:00,Ser-Team-01,Ser-Team-09,FINISHED,2.0,2.0,1.49,0.87,1.83,3.29,4.72,2.58,1.52,2.89,1.44,True
6144,Serie A (Italy),2024,2026-04-23 21:00:00,Ser-Team-15,Ser-Team-10,FINISHED,1.0,2.0,1.13,1.06,3.26,3.67,2.09,1.81,2.0,1.94,1.85,True
6145,Bundesliga (Germany),2024,2026-04-23 18:00:00,Bun-Team-04,Bun-Team-11,FINISHED,1.0,1.0,1.81,1.38,2.12,3.81,3.09,1.71,2.17,1.79,2.01,True
6146,Bundesliga (Germany),2024,2026-04-23 16:00:00,Bun-Team-07,Bun-Team-13,FINISHED,1.0,0.0,1.43,1.21,1.97,3.89,3.34,1.67,2.22,1.73,2.11,True
6147,Bundesliga (Germany),2024,2026-04-23 21:00:00,Bun-Team-12,Bun-Team-08,FINISHED,1.0,0.0,1.58,0.67,1.44,3.85,9.36,3.41,1.32,2.97,1.4,True
6148,Bundesliga (Germany),2024,2026-04-23 21:00:00,Bun-Team-03,Bun-Team-05,FINISHED,0.0,1.0,0.79,1.13,3.99,2.92,2.16,2.86,1.42,3.62,1.29,True
6149,Bundesliga (Germany),2024,2026-04-23 21:00:00,Bun-Team-02,Bun-Team-15,FINISHED,1.0,0.0,0.76,1.29,4.0,3.15,2.02,2.49,1.52,2.93,1.4,True
6150,Bundesliga (Germany),2024,2026-04-23 18:00:00,Bun-Team-06,Bun-Team-09,FINISHED,1.0,0.0,1.32,0.87,2.49,3.14,2.96,2.31,1.62,2.79,1.45,True
6151,Bundesliga (Germany),2024,2026-04-23 21:00:00,Bun-Team-16,Bun-Team-14,FINISHED,1.0,3.0,1.16,1.65,2.78,3.85,2.26,1.58,2.34,1.67,2.2,True
6152,Bundesliga (Germany),2024,2026-04-23 13:00:00,Bun-Team-10,Bun-Team-01,FINISHED,4.0,0.0,0.92,0.83,2.58,3.13,2.86,2.29,1.63,2.78,1.44,True
6153,Ligue 1 (France),2024,2026-04-23 16:00:00,Lig-Team-14,Lig-Team-02,FINISHED,1.0,1.0,1.49,0.92,1.93,3.22,4.32,2.53,1.52,2.92,1.41,True
6154,Ligue 1 (France),2024,2026-04-23 16:00:00,Lig-Team-12,Lig-Team-11,FINISHED,0.0,1.0,1.2,1.11,2.42,3.27,2.96,2.11,1.74,2.47,1.54,True
6155,Ligue 1 (France),2024,2026-04-23 16:00:00,Lig-Team-01,Lig-Team-05,FINISHED,1.0,1.0,1.23,0.9,2.04,3.42,3.66,2.15,1.72,2.44,1.58,True
6156,Ligue 1 (France),2024,2026-04-23 13:00:00,Lig-Team-08,Lig-Team-15,FINISHED,1.0,1.0,0.99,1.45,5.58,3.45,1.71,2.68,1.48,2.84,1.43,True
6157,Ligue 1 (France),2024,2026-04-23 16:00:00,Lig-Team-04,Lig-Team-07,FINISHED,2.0,1.0,1.15,0.61,3.19,2.52,2.84,3.52,1.3,5.29,1.17,True
6158,Ligue 1 (France),2024,2026-04-23 16:00:00,Lig-Team-16,Lig-Team-06,FINISHED,5.0,1.0,1.26,1.3,2.35,3.32,3.03,2.09,1.75,2.41,1.57,True
6159,Ligue 1 (France),2024,2026-04-23 18:00:00,Lig-Team-13,Lig-Team-09,FINISHED,1.0,0.0,0.67,0.95,3.21,2.91,2.43,2.65,1.5,3.38,1.32,True
6160,Ligue 1 (France),2024,2026-04-23 16:00:00,Lig-Team-03,Lig-Team-10,FINISHED,1.0,0.0,1.13,0.69,1.75,3.29,5.44,2.84,1.43,3.12,1.37,True
6161,Premier League (England),2024,2026-04-29 21:00:00,Pre-Team-03,Pre-Team-05,SCHEDULED,,,1.13,1.0,2.65,2.99,2.88,2.52,1.55,3.16,1.37,True
6162,Premier League (England),2024,2026-04-29 16:00:00,Pre-Team-11,Pre-Team-06,SCHEDULED,,,1.82,0.91,1.62,4.23,5.04,1.86,1.96,1.78,2.02,True
6163,Premier League (England),2024,2026-04-29 16:00:00,Pre-Team-13,Pre-Team-04,SCHEDULED,,,0.88,1.5,3.96,3.4,1.96,2.22,1.68,2.49,1.55,True
6164,Premier League (England),2024,2026-04-29 18:00:00,Pre-Team-02,Pre-Team-08,SCHEDULED,,,1.81,0.1,1.4,4.04,10.55,3.52,1.3,2.88,1.41,True
6165,Premier League (England),2024,2026-04-29 16:00:00,Pre-Team-12,Pre-Team-16,SCHEDULED,,,1.27,1.46,3.97,3.31,1.99,2.29,1.61,2.6,1.51,True
6166,Premier League (England),2024,2026-04-29 16:00:00,Pre-Team-15,Pre-Team-01,SCHEDULED,,,0.79,1.36,2.98,3.31,2.37,2.07,1.75,2.41,1.58,True
6167,Premier League (England),2024,2026-04-29 18:00:00,Pre-Team-09,Pre-Team-10,SCHEDULED,,,1.36,0.73,1.79,3.4,4.87,2.47,1.54,2.72,1.48,True
6168,Premier League (England),2024,2026-04-29 18:00:00,Pre-Team-07,Pre-Team-14,SCHEDULED,,,1.12,1.36,2.96,3.52,2.27,1.86,1.96,2.05,1.78,True
6169,La Liga (Spain),2024,2026-04-29 18:00:00,La -Team-12,La -Team-06,SCHEDULED,,,1.69,0.9,1.63,3.85,5.29,2.2,1.71,2.18,1.69,True
6170,La Liga (Spain),2024,2026-04-29 13:00:00,La -Team-07,La -Team-02,SCHEDULED,,,0.91,1.42,3.37,3.6,2.05,1.88,1.93,2.02,1.8,True
6171,La Liga (Spain),2024,2026-04-29 16:00:00,La -Team-16,La -Team-04,SCHEDULED,,,0.5,1.0,3.13,2.87,2.59,2.75,1.45,3.59,1.29,True
6172,La Liga (Spain),2024,2026-04-29 21:00:00,La -Team-13,La -Team-10,SCHEDULED,,,1.02,1.31,2.89,3.28,2.45,2.14,1.74,2.48,1.54,True
6173,La Liga (Spain),2024,2026-04-29 18:00:00,La -Team-05,La -Team-01,SCHEDULED,,,1.9,0.77,1.58,4.35,5.19,1.83,2.0,1.74,2.11,True
6174,La Liga (Spain),2024,2026-04-29 16:00:00,La -Team-14,La -Team-11,SCHEDULED,,,1.06,0.4,2.02,2.99,4.38,2.91,1.42,3.53,1.31,True
6175,La Liga (Spain),2024,2026-04-29 21:00:00,La -Team-03,La -Team-09,SCHEDULED,,,2.03,2.06,2.23,4.82,2.49,1.2,4.52,1.16,5.11,True
6176,La Liga (Spain),2024,2026-04-29 18:00:00,La -Team-15,La -Team-08,SCHEDULED,,,1.0,0.4,3.07,2.84,2.63,2.78,1.45,3.68,1.28,True
6177,Serie A (Italy),2024,2026-04-29 16:00:00,Ser-Team-16,Ser-Team-05,SCHEDULED,,,1.08,1.76,5.11,3.72,1.67,2.25,1.66,2.29,1.62,True
6178,Serie A (Italy),2024,2026-04-29 16:00:00,Ser-Team-12,Ser-Team-04,SCHEDULED,,,1.28,1.27,2.58,3.14,2.83,2.28,1.63,2.78,1.45,True
6179,Serie A (Italy),2024,2026-04-29 18:00:00,Ser-Team-01,Ser-Team-08,SCHEDULED,,,2.96,0.72,1.18,7.63,13.18,1.89,1.91,1.34,3.2,True
6180,Serie A (Italy),2024,2026-04-29 18:00:00,Ser-Team-14,Ser-Team-02,SCHEDULED,,,0.86,0.61,2.44,2.89,3.33,2.76,1.44,3.63,1.29,True
6181,Serie A (Italy),2024,2026-04-29 13:00:00,Ser-Team-11,Ser-Team-06,SCHEDULED,,,0.74,0.21,2.25,2.33,5.57,5.38,1.16,8.12,1.09,True
6182,Serie A (Italy),2024,2026-04-29 18:00:00,Ser-Team-15,Ser-Team-10,SCHEDULED,,,1.24,1.47,3.29,3.69,2.07,1.81,2.03,1.93,1.87,True
6183,Serie A (Italy),2024,2026-04-29 16:00:00,Ser-Team-07,Ser-Team-09,SCHEDULED,,,0.9,1.3,2.49,3.2,2.91,2.18,1.68,2.61,1.5,True
6184,Serie A (Italy),2024,2026-04-29 18:00:00,Ser-Team-13,Ser-Team-03,SCHEDULED,,,1.28,1.12,2.2,3.26,3.28,2.14,1.71,2.51,1.55,True
6185,Bundesliga (Germany),2024,2026-04-29 13:00:00,Bun-Team-12,Bun-Team-14,SCHEDULED,,,2.73,1.1,1.46,5.09,5.63,1.56,2.49,1.41,2.99,True
6186,Bundesliga (Germany),2024,2026-04-29 21:00:00,Bun-Team-06,Bun-Team-16,SCHEDULED,,,1.91,0.71,1.37,4.88,7.94,2.12,1.74,1.81,2.0,True
6187,Bundesliga (Germany),2024,2026-04-29 21:00:00,Bun-Team-02,Bun-Team-08,SCHEDULED,,,1.12,0.67,1.8,3.07,5.55,3.2,1.37,3.67,1.29,True
6188,Bundesliga (Germany),2024,2026-04-29 21:00:00,Bun-Team-07,Bun-Team-01,SCHEDULED,,,1.24,0.92,2.45,3.33,2.85,2.06,1.79,2.37,1.6,True
6189,Bundesliga (Germany),2024,2026-04-29 13:00:00,Bun-Team-11,Bun-Team-15,SCHEDULED,,,0.76,1.37,5.35,3.79,1.63,2.21,1.68,2.23,1.66,True
6190,Bundesliga (Germany),2024,2026-04-29 13:00:00,Bun-Team-05,Bun-Team-10,SCHEDULED,,,0.8,0.66,2.37,3.01,3.28,2.51,1.54,3.11,1.38,True
6191,Bundesliga (Germany),2024,2026-04-29 13:00:00,Bun-Team-04,Bun-Team-03,SCHEDULED,,,1.04,1.05,2.04,3.17,3.86,2.43,1.57,2.86,1.42,True
6192,Bundesliga (Germany),2024,2026-04-29 21:00:00,Bun-Team-09,Bun-Team-13,SCHEDULED,,,1.84,1.18,1.64,3.75,5.47,2.29,1.63,2.33,1.61,True
6193,Ligue 1 (France),2024,2026-04-29 13:00:00,Lig-Team-13,Lig-Team-14,SCHEDULED,,,1.23,0.68,2.32,3.3,3.11,2.11,1.71,2.49,1.55,True
6194,Ligue 1 (France),2024,2026-04-29 18:00:00,Lig-Team-03,Lig-Team-16,SCHEDULED,,,0.49,0.92,2.72,2.45,3.51,3.83,1.27,5.83,1.14,True
6195,Ligue 1 (France),2024,2026-04-29 13:00:00,Lig-Team-05,Lig-Team-12,SCHEDULED,,,0.89,1.18,3.36,3.13,2.26,2.35,1.6,2.84,1.45,True
6196,Ligue 1 (France),2024,2026-04-29 18:00:00,Lig-Team-08,Lig-Team-09,SCHEDULED,,,0.72,0.81,4.42,2.78,2.1,3.31,1.34,4.29,1.23,True
6197,Ligue 1 (France),2024,2026-04-29 13:00:00,Lig-Team-01,Lig-Team-06,SCHEDULED,,,1.51,1.14,2.01,4.1,3.14,1.53,2.54,1.56,2.43,True
6198,Ligue 1 (France),2024,2026-04-29 21:00:00,Lig-Team-10,Lig-Team-04,SCHEDULED,,,0.66,1.01,4.93,2.97,1.91,3.1,1.38,3.73,1.29,True
6199,Ligue 1 (France),2024,2026-04-29 21:00:00,Lig-Team-11,Lig-Team-15,SCHEDULED,,,0.88,1.43,2.83,3.57,2.34,1.83,2.02,1.99,1.82,True
6200,Ligue 1 (France),2024,2026-04-29 16:00:00,Lig-Team-02,Lig-Team-07,SCHEDULED,,,0.48,0.94,4.87,2.78,2.01,3.47,1.31,4.44,1.22,True
6201,Premier League (England),2024,2026-04-30 21:00:00,Pre-Team-04,Pre-Team-12,SCHEDULED,,,2.56,0.97,1.26,6.21,9.51,1.81,2.03,1.42,2.89,True
6202,Premier League (England),2024,2026-04-30 21:00:00,Pre-Team-09,Pre-Team-05,SCHEDULED,,,1.25,0.87,2.98,2.68,2.82,3.13,1.37,4.39,1.23,True
6203,Premier League (England),2024,2026-04-30 18:00:00,Pre-Team-15,Pre-Team-13,SCHEDULED,,,0.51,0.68,2.63,2.99,2.9,2.5,1.55,3.14,1.37,True
6204,Premier League (England),2024,2026-04-30 21:00:00,Pre-Team-02,Pre-Team-06,SCHEDULED,,,1.21,0.53,1.57,3.74,6.34,2.51,1.53,2.52,1.54,True
6205,Premier League (England),2024,2026-04-30 16:00:00,Pre-Team-01,Pre-Team-03,SCHEDULED,,,1.4,0.97,1.99,3.53,3.68,2.0,1.82,2.22,1.68,True
6206,Premier League (England),2024,2026-04-30 13:00:00,Pre-Team-16,Pre-Team-11,SCHEDULED,,,0.76,1.0,2.46,3.08,3.03,2.39,1.61,2.93,1.42,True
6207,Premier League (England),2024,2026-04-30 21:00:00,Pre-Team-08,Pre-Team-10,SCHEDULED,,,0.66,0.85,2.44,3.05,3.09,2.47,1.55,3.07,1.39,True
6208,Premier League (England),2024,2026-04-30 16:00:00,Pre-Team-14,Pre-Team-07,SCHEDULED,,,1.44,0.95,1.77,3.86,4.24,1.9,1.92,1.96,1.85,True
6209,La Liga (Spain),2024,2026-04-30 21:00:00,La -Team-08,La -Team-02,SCHEDULED,,,1.5,1.23,1.87,3.69,4.04,2.0,1.83,2.1,1.74,True
6210,La Liga (Spain),2024,2026-04-30 13:00:00,La -Team-09,La -Team-04,SCHEDULED,,,1.01,0.91,2.53,3.42,2.69,1.92,1.88,2.17,1.69,True
6211,La Liga (Spain),2024,2026-04-30 16:00:00,La -Team-15,La -Team-05,SCHEDULED,,,0.61,1.26,3.14,3.32,2.28,2.08,1.75,2.44,1.56,True
6212,La Liga (Spain),2024,2026-04-30 13:00:00,La -Team-01,La -Team-06,SCHEDULED,,,0.94,1.01,2.63,3.6,2.5,1.79,2.04,1.95,1.88,True
6213,La Liga (Spain),2024,2026-04-30 18:00:00,La -Team-12,La -Team-10,SCHEDULED,,,1.47,0.93,1.67,3.86,4.8,2.02,1.81,2.02,1.79,True
6214,La Liga (Spain),2024,2026-04-30 13:00:00,La -Team-03,La -Team-11,SCHEDULED,,,0.92,1.57,3.72,3.83,1.9,1.8,2.04,1.85,1.96,True
6215,La Liga (Spain),2024,2026-04-30 21:00:00,La -Team-07,La -Team-14,SCHEDULED,,,0.57,1.43,5.51,3.29,1.75,2.85,1.44,3.13,1.37,True
6216,La Liga (Spain),2024,2026-04-30 18:00:00,La -Team-16,La -Team-13,SCHEDULED,,,1.11,1.35,3.15,3.13,2.36,2.31,1.61,2.78,1.44,True
6217,Serie A (Italy),2024,2026-04-30 13:00:00,Ser-Team-01,Ser-Team-07,SCHEDULED,,,1.77,1.17,1.67,3.71,5.16,2.27,1.65,2.31,1.63,True
6218,Serie A (Italy),2024,2026-04-30 21:00:00,Ser-Team-11,Ser-Team-05,SCHEDULED,,,1.05,1.51,4.25,2.97,2.04,2.84,1.45,3.46,1.31,True
6219,Serie A (Italy),2024,2026-04-30 13:00:00,Ser-Team-10,Ser-Team-12,SCHEDULED,,,1.15,1.47,2.36,3.85,2.67,1.61,2.31,1.7,2.17,True
6220,Serie A (Italy),2024,2026-04-30 21:00:00,Ser-Team-09,Ser-Team-06,SCHEDULED,,,0.91,0.35,1.88,2.52,7.79,5.77,1.15,7.14,1.1,True
6221,Serie A (Italy),2024,2026-04-30 13:00:00,Ser-Team-16,Ser-Team-02,SCHEDULED,,,0.98,1.35,4.5,3.65,1.78,2.08,1.77,2.21,1.68,True
6222,Serie A (Italy),2024,2026-04-30 16:00:00,Ser-Team-13,Ser-Team-08,SCHEDULED,,,1.66,1.18,1.47,4.67,6.06,1.82,2.0,1.65,2.22,True
6223,Serie A (Italy),2024,2026-04-30 16:00:00,Ser-Team-14,Ser-Team-15,SCHEDULED,,,1.39,0.56,1.78,3.31,5.08,2.64,1.47,2.94,1.41,True
6224,Serie A (Italy),2024,2026-04-30 13:00:00,Ser-Team-04,Ser-Team-03,SCHEDULED,,,1.73,0.77,1.69,3.71,5.02,2.21,1.66,2.29,1.63,True
6225,Bundesliga (Germany),2024,2026-04-30 18:00:00,Bun-Team-13,Bun-Team-06,SCHEDULED,,,1.65,1.85,3.39,4.24,1.89,1.5,2.62,1.5,2.63,True
6226,Bundesliga (Germany),2024,2026-04-30 21:00:00,Bun-Team-08,Bun-Team-11,SCHEDULED,,,0.62,1.32,3.04,2.95,2.54,2.58,1.51,3.28,1.36,True
6227,Bundesliga (Germany),2024,2026-04-30 13:00:00,Bun-Team-14,Bun-Team-05,SCHEDULED,,,1.1,1.45,2.51,3.85,2.49,1.62,2.36,1.67,2.19,True
6228,Bundesliga (Germany),2024,2026-04-30 16:00:00,Bun-Team-09,Bun-Team-15,SCHEDULED,,,1.02,0.61,2.79,2.57,3.22,3.45,1.31,5.02,1.18,True
6229,Bundesliga (Germany),2024,2026-04-30 16:00:00,Bun-Team-12,Bun-Team-04,SCHEDULED,,,1.8,0.68,1.45,4.44,6.67,2.07,1.76,1.87,1.93,True
6230,Bundesliga (Germany),2024,2026-04-30 21:00:00,Bun-Team-02,Bun-Team-07,SCHEDULED,,,1.32,0.92,2.48,3.39,2.77,1.99,1.84,2.29,1.62,True
6231,Bundesliga (Germany),2024,2026-04-30 13:00:00,Bun-Team-01,Bun-Team-16,SCHEDULED,,,1.34,0.67,1.67,3.61,5.41,2.43,1.59,2.51,1.53,True
6232,Bundesliga (Germany),2024,2026-04-30 18:00:00,Bun-Team-10,Bun-Team-03,SCHEDULED,,,1.24,0.79,1.79,3.19,5.39,2.94,1.41,3.3,1.34,True
6233,Ligue 1 (France),2024,2026-04-30 18:00:00,Lig-Team-15,Lig-Team-07,SCHEDULED,,,1.34,1.18,2.07,3.35,3.59,2.13,1.74,2.41,1.58,True
6234,Ligue 1 (France),2024,2026-04-30 18:00:00,Lig-Team-09,Lig-Team-08,SCHEDULED,,,1.08,0.48,1.73,3.1,6.26,3.44,1.31,3.84,1.27,True
6235,Ligue 1 (France),2024,2026-04-30 13:00:00,Lig-Team-11,Lig-Team-04,SCHEDULED,,,0.93,0.64,2.34,2.79,3.66,2.98,1.4,3.97,1.26,True
6236,Ligue 1 (France),2024,2026-04-30 16:00:00,Lig-Team-02,Lig-Team-13,SCHEDULED,,,0.89,0.7,3.33,2.58,2.68,3.44,1.32,4.89,1.19,True
6237,Ligue 1 (France),2024,2026-04-30 21:00:00,Lig-Team-06,Lig-Team-14,SCHEDULED,,,1.98,1.45,2.2,4.11,2.76,1.46,2.76,1.47,2.66,True
6238,Ligue 1 (France),2024,2026-04-30 16:00:00,Lig-Team-03,Lig-Team-12,SCHEDULED,,,0.82,0.98,3.18,2.85,2.54,2.79,1.44,3.64,1.29,True
6239,Ligue 1 (France),2024,2026-04-30 18:00:00,Lig-Team-01,Lig-Team-16,SCHEDULED,,,1.08,0.36,2.3,2.96,3.45,2.66,1.48,3.35,1.34,True
6240,Ligue 1 (France),2024,2026-04-30 13:00:00,Lig-Team-05,Lig-Team-10,SCHEDULED,,,1.63,0.96,1.76,3.52,4.86,2.37,1.59,2.52,1.53,True
